occurred_at,prev_commit,conflict_id,conflict_type,config_types,link,changed_artifact,changed_option,cmd
2f093c68738e666e53a2bc299c4709b93b8dc5c5,d120bf0c63d76e83cd091ee5b86cab477578812a,54ffa54d3885e87604e3366d5b0fe3bb,MissingOptionConflict,ConfigType.VERSION_NUMBER<->ConfigType.VERSION_NUMBER,atom::::script/package.json::::dependencies::::request-promise-native::::request-promise-native:^1.0.5 <-> atom::::script/vsts/package.json::::dependencies::::request-promise-native::::request-promise-native:^1.0.5,script/package.json,atom::::script/package.json::::dependencies::::request-promise-native(location: 34),git show 2f093c68738e666e53a2bc299c4709b93b8dc5c5 -- script/package.json
ce8e993cf671320fac8e38d3c6f2d664321ab2f9,2013791265421732b741a612b941f8f7677574ab,f7304b551c045d8d697e9c68aba267d8,ModifiedOptionConflict,ConfigType.VERSION_NUMBER<->ConfigType.VERSION_NUMBER,atom::::build/package.json::::dependencies::::underscore-plus::::underscore-plus:1.x <-> atom::::package.json::::dependencies::::underscore-plus::::underscore-plus:1.x,package.json,atom::::package.json::::dependencies::::underscore-plus(location: 56),git show ce8e993cf671320fac8e38d3c6f2d664321ab2f9 -- package.json
e8b13d38ab5281c1c987d0b44df8c0ad524dca28,b5e46d81f2699dc800e4339ae9c720ce3eae78a3,16badf6c0ad61ce0fb9fbea3399e8634,MissingOptionConflict,ConfigType.UNKNOWN<->ConfigType.UNKNOWN,atom::::spec/fixtures/packages/theme-with-syntax-variables/package.json::::stylesheets::::stylesheets/editor.less::::editor.less <-> atom::::spec/fixtures/packages/theme-with-ui-variables/package.json::::styleSheets::::styleSheets/editor.less::::editor.less,spec/fixtures/packages/theme-with-syntax-variables/package.json,atom::::spec/fixtures/packages/theme-with-syntax-variables/package.json::::stylesheets::::stylesheets/editor.less(location: 3),git show e8b13d38ab5281c1c987d0b44df8c0ad524dca28 -- spec/fixtures/packages/theme-with-syntax-variables/package.json
f063a447460565a2ed851a807123bee4245d9442,898aa23b04a6b3301d720fd82c940a3c616ca542,447eca5a21bff7d0e4bf57fa03849129,ModifiedOptionConflict,ConfigType.VERSION_NUMBER<->ConfigType.VERSION_NUMBER,atom::::package.json::::dependencies::::sinon::::sinon:9.0.3 <-> atom::::packages/dalek/package.json::::devDependencies::::sinon::::sinon:9.0.3,package.json,atom::::package.json::::dependencies::::sinon(location: 150),git show f063a447460565a2ed851a807123bee4245d9442 -- package.json
36333fcbb226f32114a536174261be74a25622ff,ee1572d200f4ab94dff959643a95a567e674ea00,20727c73669a0a74237373d7fde5f6db,MissingOptionConflict,ConfigType.VERSION_NUMBER<->ConfigType.VERSION_NUMBER,atom::::package.json::::dependencies::::babel-core::::babel-core:5.8.38 <-> atom::::script/package.json::::dependencies::::babel-core::::babel-core:5.8.38,script/package.json,atom::::script/package.json::::dependencies::::babel-core(location: 6),git show 36333fcbb226f32114a536174261be74a25622ff -- script/package.json
0773aba38a27820864be2616fe98213568d65609,417c9c90851b7d717d945e75ce2967c0fe566c5a,6bc6a1c75d8ba40364527a2c008ee90c,MissingOptionConflict,ConfigType.VERSION_NUMBER<->ConfigType.VERSION_NUMBER,atom::::packages/deprecation-cop/package.json::::dependencies::::fs-plus::::fs-plus:^3.0.0 <-> atom::::packages/git-diff/package.json::::dependencies::::fs-plus::::fs-plus:^3.0.0,packages/git-diff/package.json,atom::::packages/git-diff/package.json::::dependencies::::fs-plus(location: 13),git show 0773aba38a27820864be2616fe98213568d65609 -- packages/git-diff/package.json
a27af2b9f77a508326cba7cccdce95a60144af84,f1b25d5a24df6025cdad81942a0f194dbf5443a9,5ec7ac86e899993b07ff78d104cb4064,MissingArtifactConflict,ConfigType.UNKNOWN<->ConfigType.UNKNOWN,atom::::.travis.yml::::addons::::apt::::packages::::git <-> atom::::spec/fixtures/git/repo-with-submodules/You-Dont-Need-jQuery/package.json::::repository::::type::::git,,,
77b4066e76d404f3626bfb18fd47db9dacfed227,c1ae3ff9c3403a4a63e4dbdc301fe759b5ed789e,d542011f5bc743cf628692e898ce08a4,MissingOptionConflict,ConfigType.UNKNOWN<->ConfigType.UNKNOWN,atom::::build/package.json::::repository::::type::::git <-> atom::::package.json::::repository::::type::::git,package.json,atom::::package.json::::repository::::type(location: 7),git show 77b4066e76d404f3626bfb18fd47db9dacfed227 -- package.json
288c7efcec5a42e159361d97c9ed4bd355d9c267,1558ac42eb17906f62469820585461e742953322,38ddbfbbe67ab2bccd815dddc4e9dba2,ModifiedOptionConflict,ConfigType.VERSION_NUMBER<->ConfigType.VERSION_NUMBER,atom::::package.json::::dependencies::::fs-admin::::fs-admin:^0.1.5 <-> atom::::script/package.json::::dependencies::::fs-admin::::fs-admin:^0.1.5,package.json,atom::::package.json::::dependencies::::fs-admin(location: 36),git show 288c7efcec5a42e159361d97c9ed4bd355d9c267 -- package.json
3cf288f914af88d8dc0359a1042dc85a920296c8,b93004aa8c9d0a955e29e14d0fadb116ab72e8a6,7c2f8a361b2259807db37597763a1a37,ModifiedOptionConflict,ConfigType.VERSION_NUMBER<->ConfigType.VERSION_NUMBER,atom::::build/package.json::::dependencies::::fs-plus::::fs-plus:2.x <-> atom::::package.json::::dependencies::::fs-plus::::fs-plus:2.x,package.json,atom::::package.json::::dependencies::::fs-plus(location: 24),git show 3cf288f914af88d8dc0359a1042dc85a920296c8 -- package.json
f3d8a66482ca9ba21faa1dafd98812534c1bfcca,468d9a33e9a1e94dfb864f7c6233e20aa6b199a5,e43ec5b2c4174dbf97488acdbb6fc629,ModifiedOptionConflict,ConfigType.VERSION_NUMBER<->ConfigType.VERSION_NUMBER,atom::::package.json::::version::::version:1.0.0 <-> atom::::spec/fixtures/packages/package-with-invalid-grammar/package.json::::version::::version:1.0.0,package.json,atom::::package.json::::version(location: 4),git show f3d8a66482ca9ba21faa1dafd98812534c1bfcca -- package.json
0773aba38a27820864be2616fe98213568d65609,417c9c90851b7d717d945e75ce2967c0fe566c5a,edff4425d51c8b5d7096a8f427a31277,MissingOptionConflict,ConfigType.UNKNOWN<->ConfigType.UNKNOWN,atom::::packages/git-diff/package.json::::standard::::globals::::globals/atom::::atom <-> atom::::packages/update-package-dependencies/package.json::::standard::::globals::::globals/atom::::atom,packages/git-diff/package.json,atom::::packages/git-diff/package.json::::standard::::globals::::globals/atom(location: 29),git show 0773aba38a27820864be2616fe98213568d65609 -- packages/git-diff/package.json
695e4f89d5c08c5434e6d84d40b9ca0fe8b57cb6,72b6021f02ee99990f78b1468c737a9ab10a00bf,643d3f6333c4ea5f0837d512d5489c92,MissingOptionConflict,ConfigType.VERSION_NUMBER<->ConfigType.VERSION_NUMBER,atom::::build/package.json::::dependencies::::runas::::runas:^3.1 <-> atom::::package.json::::dependencies::::runas::::runas:^3.1,package.json,atom::::package.json::::dependencies::::runas(location: 43),git show 695e4f89d5c08c5434e6d84d40b9ca0fe8b57cb6 -- package.json
77b4066e76d404f3626bfb18fd47db9dacfed227,c1ae3ff9c3403a4a63e4dbdc301fe759b5ed789e,f7d41f61200f0621a3b9a95cf168781b,MissingOptionConflict,ConfigType.URL<->ConfigType.URL,atom::::build/package.json::::repository::::url::::https://github.com/atom/atom.git <-> atom::::package.json::::repository::::url::::https://github.com/atom/atom.git,package.json,atom::::package.json::::repository::::url(location: 8),git show 77b4066e76d404f3626bfb18fd47db9dacfed227 -- package.json
0773aba38a27820864be2616fe98213568d65609,417c9c90851b7d717d945e75ce2967c0fe566c5a,bcf6b9de0a9df058f016026c1cae2af2,MissingOptionConflict,ConfigType.VERSION_NUMBER<->ConfigType.VERSION_NUMBER,atom::::packages/git-diff/package.json::::devDependencies::::standard::::standard:^11.0.0 <-> atom::::packages/one-dark-ui/package.json::::devDependencies::::standard::::standard:^11.0.0,packages/git-diff/package.json,atom::::packages/git-diff/package.json::::devDependencies::::standard(location: 17),git show 0773aba38a27820864be2616fe98213568d65609 -- packages/git-diff/package.json
b7f83209eab4c1f0c439e113e5785ba8de628e3f,8f44952d95d56b3f9b84e151e039f992ed5f6b83,ff90928cccd303e0eaf4604cd64767e6,ModifiedOptionConflict,ConfigType.VERSION_NUMBER<->ConfigType.VERSION_NUMBER,atom::::build/package.json::::dependencies::::runas::::runas:0.5.x <-> atom::::package.json::::dependencies::::runas::::runas:0.5.x,package.json,atom::::package.json::::dependencies::::runas(location: 45),git show b7f83209eab4c1f0c439e113e5785ba8de628e3f -- package.json
e8b13d38ab5281c1c987d0b44df8c0ad524dca28,b5e46d81f2699dc800e4339ae9c720ce3eae78a3,a5f831a14509ad58fe1b6c03ce1c2afd,MissingOptionConflict,ConfigType.UNKNOWN<->ConfigType.UNKNOWN,atom::::spec/fixtures/packages/theme-with-incomplete-ui-variables/package.json::::stylesheets::::stylesheets/editor.less::::editor.less <-> atom::::spec/fixtures/packages/theme-with-ui-variables/package.json::::styleSheets::::styleSheets/editor.less::::editor.less,spec/fixtures/packages/theme-with-incomplete-ui-variables/package.json,atom::::spec/fixtures/packages/theme-with-incomplete-ui-variables/package.json::::stylesheets::::stylesheets/editor.less(location: 3),git show e8b13d38ab5281c1c987d0b44df8c0ad524dca28 -- spec/fixtures/packages/theme-with-incomplete-ui-variables/package.json
d74e44d7c573b3fe885b125e7a4cbaf08db68e47,ad1d23ca91e22dc220371df39422c4b8ba690959,275c2876d579fea51a84729e5ea8037c,ModifiedOptionConflict,ConfigType.VERSION_NUMBER<->ConfigType.VERSION_NUMBER,atom::::package.json::::dependencies::::@atom/watcher::::@atom/watcher:1.3.1 <-> atom::::script/lib/update-dependency/spec/fixtures/latest-package.json::::dependencies::::@atom/watcher::::@atom/watcher:1.3.1,package.json,atom::::package.json::::dependencies::::@atom/watcher(location: 19),git show d74e44d7c573b3fe885b125e7a4cbaf08db68e47 -- package.json
2f093c68738e666e53a2bc299c4709b93b8dc5c5,d120bf0c63d76e83cd091ee5b86cab477578812a,8a5df956ecc9b57a20352a0dbf41df81,MissingOptionConflict,ConfigType.VERSION_NUMBER<->ConfigType.VERSION_NUMBER,atom::::script/package.json::::dependencies::::request::::request:^2.87.0 <-> atom::::script/vsts/package.json::::dependencies::::request::::request:^2.87.0,script/package.json,atom::::script/package.json::::dependencies::::request(location: 33),git show 2f093c68738e666e53a2bc299c4709b93b8dc5c5 -- script/package.json
3e80404b908bd5c4914f024abd25024f8262794f,5c0ab866e9fdcf46fb09575d2ebd53f2d60649ca,712bd924bba888cad99f562a92fac742,MissingOptionConflict,ConfigType.UNKNOWN<->ConfigType.UNKNOWN,atom::::spec/fixtures/packages/theme-with-incomplete-ui-variables/package.json::::stylesheets::::stylesheets/editor.less::::editor.less <-> atom::::spec/fixtures/packages/theme-with-ui-variables/package.json::::stylesheets::::stylesheets/editor.less::::editor.less,spec/fixtures/packages/theme-with-ui-variables/package.json,atom::::spec/fixtures/packages/theme-with-ui-variables/package.json::::stylesheets::::stylesheets/editor.less(location: 3),git show 3e80404b908bd5c4914f024abd25024f8262794f -- spec/fixtures/packages/theme-with-ui-variables/package.json
75628ca1b491fb560db770710bd6714b9cc3cca8,6945d891f1478fbae202aa3e60abb56cf277340b,c7c43cefa63cd65507df9976f62f0061,MissingArtifactConflict,ConfigType.VERSION_NUMBER<->ConfigType.VERSION_NUMBER,atom::::build/package.json::::dependencies::::runas::::runas:^3.1 <-> atom::::package.json::::dependencies::::runas::::runas:^3.1,,,
0773aba38a27820864be2616fe98213568d65609,417c9c90851b7d717d945e75ce2967c0fe566c5a,7dc118d7778f6877f1d1ed7fda7fe8de,MissingOptionConflict,ConfigType.UNKNOWN<->ConfigType.UNKNOWN,atom::::package.json::::standard::::globals::::globals/snapshotResult::::snapshotResult <-> atom::::packages/git-diff/package.json::::standard::::globals::::globals/snapshotResult::::snapshotResult,packages/git-diff/package.json,atom::::packages/git-diff/package.json::::standard::::globals::::globals/snapshotResult(location: 29),git show 0773aba38a27820864be2616fe98213568d65609 -- packages/git-diff/package.json
927730be09e5fe92b5c1d04fa8d32c9ed786b53a,1b2e8470e97ffc40603ab47faf6510826ba9ce8c,82f3ee612647eb28be1806f5214adc98,ModifiedOptionConflict,ConfigType.VERSION_NUMBER<->ConfigType.VERSION_NUMBER,atom::::package.json::::dependencies::::fs-admin::::fs-admin:^0.12.0 <-> atom::::script/package.json::::dependencies::::fs-admin::::fs-admin:^0.12.0,package.json,atom::::package.json::::dependencies::::fs-admin(location: 63),git show 927730be09e5fe92b5c1d04fa8d32c9ed786b53a -- package.json
4b401e21a4003b07abccc9ba289c9e9f130600ab,3a4702c60a24d1dbe540c8ed05c7bb7d9119c184,81435e179c8c507c093ed817ed3c29bf,MissingArtifactConflict,ConfigType.UNKNOWN<->ConfigType.UNKNOWN,atom::::spec/fixtures/packages/theme-with-index-css/package.json::::theme::::ui <-> atom::::spec/fixtures/packages/theme-with-multiple-imported-files/package.json::::theme::::ui,,,
