occurred_at,prev_commit,conflict_id,conflict_type,config_types,link,changed_artifact,changed_option,cmd
fb8797671d763dc54a846b0e415e436935ca394d,408ffa2c7db1df714bcfacfafedfd1c7cc362314,3b7396f231f959e5bb9847040832d6bb,MissingArtifactConflict,ConfigType.UNKNOWN<->ConfigType.UNKNOWN,angular::::modules/@angular/tsconfig.json::::compilerOptions::::module::::commonjs <-> angular::::tools/tsconfig.json::::compilerOptions::::module::::commonjs,,,
f28765c30331e36d3abf90d7bb0bb508df061f57,f09321df83abc4d3da9aeaf2b2e393b55386bffe,0796e9b2af8fc83af85898e6e7dc3e2d,ModifiedOptionConflict,ConfigType.VERSION_NUMBER<->ConfigType.VERSION_NUMBER,angular::::aio/package.json::::devDependencies::::dgeni::::dgeni:^0.4.2 <-> angular::::package.json::::devDependencies::::dgeni::::dgeni:^0.4.2,aio/package.json,angular::::aio/package.json::::devDependencies::::dgeni(location: 44),git show f28765c30331e36d3abf90d7bb0bb508df061f57 -- aio/package.json
41f43d57e8aa25b178a8027a7ef07c2dea8e7893,457cbaa39b45409ae6ffd6402a9251dc10970588,02d94806fc807c137e0b1835bf60e36e,MissingOptionConflict,ConfigType.VERSION_NUMBER<->ConfigType.VERSION_NUMBER,angular::::modules/rtts_assert/package.json::::devDependencies::::karma-jasmine::::karma-jasmine:^0.2.2 <-> angular::::package.json::::dependencies::::karma-jasmine::::karma-jasmine:^0.2.2,package.json,angular::::package.json::::dependencies::::karma-jasmine(location: 21),git show 41f43d57e8aa25b178a8027a7ef07c2dea8e7893 -- package.json
d487786f451195c618bed321048955b67a1f5023,b199c63f7b1730399d31f6b975d894b27c10a45d,3eedc85bd67e3b62f680f80651ce55e3,MissingArtifactConflict,ConfigType.PATH<->ConfigType.PATH,angular::::modules/@angular/core/test/tsconfig.json::::compilerOptions::::baseUrl::::. <-> angular::::modules/@angular/platform-browser/tsconfig.json::::compilerOptions::::baseUrl::::.,,,
11e0c0b3ec323c5d07e82cbba33245db06bdd07e,a1a70b3c029e4672161a1472103fffe429b10b15,76ee00f4058b0362c074521d20b57fd7,MissingOptionConflict,ConfigType.UNKNOWN<->ConfigType.UNKNOWN,angular::::modules/tsconfig.json::::compilerOptions::::target::::es5 <-> angular::::tools/typings-test/tsconfig.json::::compilerOptions::::target::::es5,modules/tsconfig.json,angular::::modules/tsconfig.json::::compilerOptions::::target(location: 24),git show 11e0c0b3ec323c5d07e82cbba33245db06bdd07e -- modules/tsconfig.json
729e38af1944f582203270242646607eeb82a6bc,6e923cbf84114f29d0f2b44c08f4d1a09f884dbd,c1c03e2c3f9a6c35f4af7695b454722e,MissingOptionConflict,ConfigType.VERSION_NUMBER<->ConfigType.VERSION_NUMBER,angular::::modules/angular2/package.json::::devDependencies::::gulp-sourcemaps::::gulp-sourcemaps:1.3.* <-> angular::::package.json::::devDependencies::::gulp-sourcemaps::::gulp-sourcemaps:1.3.*,modules/angular2/package.json,angular::::modules/angular2/package.json::::devDependencies::::gulp-sourcemaps(location: 24),git show 729e38af1944f582203270242646607eeb82a6bc -- modules/angular2/package.json
a5c4536ae2ccd9d6798c840476090e2d397749b2,4f1ca9c4930374682b9972723ba0b18eb3725fa3,8bd83854ab39e6d2438f1a3e326bd859,MissingArtifactConflict,ConfigType.VERSION_NUMBER<->ConfigType.VERSION_NUMBER,angular::::modules/@angular/router/build/package.json::::devDependencies::::parse5::::parse5:^1.3.2 <-> angular::::modules/@angular/router/package.json::::devDependencies::::parse5::::parse5:^1.3.2,,,
39232ff4e0979bc3c6dccebad3e4ee8cb9fcc761,5641d5907e5731d1faa48ef55ce497c571d2116e,9181fdf730637ac421e8e99436ac3fca,MissingOptionConflict,ConfigType.VERSION_NUMBER<->ConfigType.VERSION_NUMBER,angular::::modules/@angular/router/package.json::::peerDependencies::::rxjs::::rxjs:5.0.0-beta.12 <-> angular::::package.json::::dependencies::::rxjs::::rxjs:5.0.0-beta.12,modules/@angular/router/package.json,angular::::modules/@angular/router/package.json::::peerDependencies::::rxjs(location: 27),git show 39232ff4e0979bc3c6dccebad3e4ee8cb9fcc761 -- modules/@angular/router/package.json
9383dd8d642e0a47a60aec0de34ef0c3804920ef,b4fd45be8ee87c82bae2e8df157c1b61390e90a0,bc467f97e741d09bbc136ad384a80b02,MissingArtifactConflict,ConfigType.UNKNOWN<->ConfigType.UNKNOWN,angular::::angular.io/e2e/tsconfig.json::::compilerOptions::::module::::commonjs <-> angular::::tools/tsconfig.json::::compilerOptions::::module::::commonjs,,,
2fd6fc902a7446d1afc7f4a96683f5b2be3610db,bb8aa32b97cd4eca68b1a9dfdc7cd2e3415a58f0,898809ce47df1feff87819ec97a84d72,ModifiedOptionConflict,ConfigType.COMMAND<->ConfigType.COMMAND,angular::::aio/package.json::::scripts::::check-env::::gulp check-env <-> angular::::package.json::::scripts::::check-env::::gulp check-env,aio/package.json,angular::::aio/package.json::::scripts::::check-env(location: 20),git show 2fd6fc902a7446d1afc7f4a96683f5b2be3610db -- aio/package.json
1064d5aa99978bf2282315712d6c915a3a7d8bb2,5e2354666522e224ebeda8f356c044d3ca20c54e,cbb985638140580fefeb596c30a5ed64,MissingArtifactConflict,ConfigType.UNKNOWN<->ConfigType.UNKNOWN,angular::::modules/@angular/platform-webworker-dynamic/tsconfig.json::::compilerOptions::::module::::es2015 <-> angular::::modules/rollup-test/tsconfig.json::::compilerOptions::::target::::es2015,,,
adcae1236991d02e00ce6188ddafc7c0f6bf01d0,ea8faca51258cbb4bf6288d0dda0e062bfeec904,ad7de1f902f26b8655a6149d159984bb,MissingOptionConflict,ConfigType.UNKNOWN<->ConfigType.UNKNOWN,angular::::modules/@angular/examples/tsconfig.json::::compilerOptions::::target::::es5 <-> angular::::tools/typings-test/tsconfig.json::::compilerOptions::::target::::es5,modules/@angular/examples/tsconfig.json,angular::::modules/@angular/examples/tsconfig.json::::compilerOptions::::target(location: 16),git show adcae1236991d02e00ce6188ddafc7c0f6bf01d0 -- modules/@angular/examples/tsconfig.json
cfea08f326d25bf8de4723ac667899ea1c1b4730,b878c33a6ae033caa90694a5f1693c561ed39832,885bc1a40f826758fc0558a5a099ca31,MissingOptionConflict,ConfigType.VERSION_NUMBER<->ConfigType.VERSION_NUMBER,angular::::modules/@angular/router/package.json::::devDependencies::::karma-jasmine::::karma-jasmine:^0.3.6 <-> angular::::package.json::::devDependencies::::karma-jasmine::::karma-jasmine:^0.3.6,modules/@angular/router/package.json,angular::::modules/@angular/router/package.json::::devDependencies::::karma-jasmine(location: 56),git show cfea08f326d25bf8de4723ac667899ea1c1b4730 -- modules/@angular/router/package.json
729e38af1944f582203270242646607eeb82a6bc,6e923cbf84114f29d0f2b44c08f4d1a09f884dbd,e603876a5b80be1d7f26c02ee3eeb9f6,MissingOptionConflict,ConfigType.VERSION_NUMBER<->ConfigType.VERSION_NUMBER,angular::::modules/rtts_assert/package.json::::devDependencies::::gulp-sourcemaps::::gulp-sourcemaps:1.3.* <-> angular::::package.json::::devDependencies::::gulp-sourcemaps::::gulp-sourcemaps:1.3.*,modules/rtts_assert/package.json,angular::::modules/rtts_assert/package.json::::devDependencies::::gulp-sourcemaps(location: 20),git show 729e38af1944f582203270242646607eeb82a6bc -- modules/rtts_assert/package.json
954826a9368dc9ba9df67e3b760da1c5b5c727c7,5e042c273e26c8381f669d59685ad4d00861b0fb,3cf473f55ed2842aacd7f204131d11b6,MissingOptionConflict,ConfigType.PATH<->ConfigType.PATH,angular::::angular.io/package.json::::main::::index.js <-> angular::::modules/@angular/compiler-cli/package.json::::main::::index.js,angular.io/package.json,angular::::angular.io/package.json::::main(location: 4),git show 954826a9368dc9ba9df67e3b760da1c5b5c727c7 -- angular.io/package.json
d487786f451195c618bed321048955b67a1f5023,b199c63f7b1730399d31f6b975d894b27c10a45d,8e288d41dc0fdd7500179d0a0aec2a54,MissingArtifactConflict,ConfigType.PATH<->ConfigType.PATH,angular::::modules/@angular/core/test/tsconfig.json::::compilerOptions::::rootDir::::. <-> angular::::modules/@angular/upgrade/tsconfig.json::::compilerOptions::::rootDir::::.,,,
6958e9b941a20e91b3591bde7af72912bcdb1fd7,123e939188f794fac5a64d0d60bcb342e5d45ab1,c4311daacb6c5f777d7bb75e09e6f533,ModifiedOptionConflict,ConfigType.VERSION_NUMBER<->ConfigType.VERSION_NUMBER,angular::::package.json::::devDependencies::::tsickle::::tsickle:^0.1.2 <-> angular::::tools/@angular/tsc-wrapped/package.json::::dependencies::::tsickle::::tsickle:^0.1.2,package.json,angular::::package.json::::devDependencies::::tsickle(location: 110),git show 6958e9b941a20e91b3591bde7af72912bcdb1fd7 -- package.json
adcae1236991d02e00ce6188ddafc7c0f6bf01d0,ea8faca51258cbb4bf6288d0dda0e062bfeec904,faab42528b23add7d9551dd6a9e3f627,MissingOptionConflict,ConfigType.UNKNOWN<->ConfigType.UNKNOWN,angular::::modules/@angular/examples/tsconfig.json::::compilerOptions::::module::::commonjs <-> angular::::modules/tsconfig.json::::compilerOptions::::module::::commonjs,modules/@angular/examples/tsconfig.json,angular::::modules/@angular/examples/tsconfig.json::::compilerOptions::::module(location: 6),git show adcae1236991d02e00ce6188ddafc7c0f6bf01d0 -- modules/@angular/examples/tsconfig.json
729e38af1944f582203270242646607eeb82a6bc,6e923cbf84114f29d0f2b44c08f4d1a09f884dbd,88ffc7c38bd89cf0a372d0e2880bcc7e,MissingOptionConflict,ConfigType.VERSION_NUMBER<->ConfigType.VERSION_NUMBER,angular::::modules/angular2/package.json::::devDependencies::::gulp::::gulp:^3.8.8 <-> angular::::package.json::::devDependencies::::gulp::::gulp:^3.8.8,modules/angular2/package.json,angular::::modules/angular2/package.json::::devDependencies::::gulp(location: 26),git show 729e38af1944f582203270242646607eeb82a6bc -- modules/angular2/package.json
dcbd1d9f67e6fc1d4b4f19d62059bfd2725a6956,546234cd07228a984d4c7140e8dd69cc689ad10a,7639d956969cb66e7cb0c7b4e9c01e98,MissingOptionConflict,ConfigType.VERSION_NUMBER<->ConfigType.VERSION_NUMBER,angular::::modules/@angular/compiler_cli/package.json::::dependencies::::tsickle::::tsickle:^0.1.2 <-> angular::::package.json::::devDependencies::::tsickle::::tsickle:^0.1.2,modules/@angular/compiler_cli/package.json,angular::::modules/@angular/compiler_cli/package.json::::dependencies::::tsickle(location: 12),git show dcbd1d9f67e6fc1d4b4f19d62059bfd2725a6956 -- modules/@angular/compiler_cli/package.json
3cc9cb8c79da32f63e728e40a0789ef1337c0786,3a5f52c5a1bf843821c198508070b61eb38767a4,c400399ee859379680c2e9eabeb5b646,MissingOptionConflict,ConfigType.VERSION_NUMBER<->ConfigType.VERSION_NUMBER,angular::::modules/@angular/http/package.json::::peerDependencies::::@angular/common::::@angular/common:0.0.0-PLACEHOLDER <-> angular::::modules/@angular/platform-browser/package.json::::peerDependencies::::@angular/common::::@angular/common:0.0.0-PLACEHOLDER,modules/@angular/http/package.json,angular::::modules/@angular/http/package.json::::peerDependencies::::@angular/common(location: 13),git show 3cc9cb8c79da32f63e728e40a0789ef1337c0786 -- modules/@angular/http/package.json
80649762d46c9e02e6b291049057d3fcfc64229a,3ec8a7a20af6338ef17df85274155203180ec813,1bd5ffcedf7f589b3da7e0eb41d0714c,MissingArtifactConflict,ConfigType.LICENSE<->ConfigType.LICENSE,angular::::modules/@angular/compiler/package.json::::license::::MIT <-> angular::::modules/@angular/router-deprecated/package.json::::license::::MIT,,,
d487786f451195c618bed321048955b67a1f5023,b199c63f7b1730399d31f6b975d894b27c10a45d,292305b13e916a0beb38e186e588f3c5,MissingArtifactConflict,ConfigType.UNKNOWN<->ConfigType.UNKNOWN,angular::::modules/@angular/core/test/tsconfig.json::::compilerOptions::::target::::es5 <-> angular::::modules/@angular/router-deprecated/tsconfig.json::::compilerOptions::::target::::es5,,,
11e0c0b3ec323c5d07e82cbba33245db06bdd07e,a1a70b3c029e4672161a1472103fffe429b10b15,c9a1fed5ae66ac5477b95960810a6659,MissingOptionConflict,ConfigType.PATH<->ConfigType.PATH,angular::::modules/tsconfig.json::::compilerOptions::::baseUrl::::. <-> angular::::tools/tsconfig.json::::compilerOptions::::rootDir::::.,modules/tsconfig.json,angular::::modules/tsconfig.json::::compilerOptions::::baseUrl(location: 3),git show 11e0c0b3ec323c5d07e82cbba33245db06bdd07e -- modules/tsconfig.json
729e38af1944f582203270242646607eeb82a6bc,6e923cbf84114f29d0f2b44c08f4d1a09f884dbd,b394c197d787dc7192e0fdb127f0f377,MissingOptionConflict,ConfigType.VERSION_NUMBER<->ConfigType.VERSION_NUMBER,angular::::modules/rtts_assert/package.json::::devDependencies::::gulp-traceur::::gulp-traceur:0.16.* <-> angular::::package.json::::devDependencies::::gulp-traceur::::gulp-traceur:0.16.*,modules/rtts_assert/package.json,angular::::modules/rtts_assert/package.json::::devDependencies::::gulp-traceur(location: 21),git show 729e38af1944f582203270242646607eeb82a6bc -- modules/rtts_assert/package.json
dd532fee7261a4107d7c8f240de2ffc5f45e5001,69bba9b5df8664078c7fe26a40e2d6b5fd30d399,7ce28d1ee600a88168dbdc40f1210507,MissingOptionConflict,ConfigType.VERSION_NUMBER<->ConfigType.VERSION_NUMBER,angular::::modules/rtts_assert/package.json::::devDependencies::::gulp-connect::::gulp-connect:~1.0.5 <-> angular::::package.json::::devDependencies::::gulp-connect::::gulp-connect:~1.0.5,modules/rtts_assert/package.json,angular::::modules/rtts_assert/package.json::::devDependencies::::gulp-connect(location: 17),git show dd532fee7261a4107d7c8f240de2ffc5f45e5001 -- modules/rtts_assert/package.json
408ffa2c7db1df714bcfacfafedfd1c7cc362314,db3bfd0e609a7ab88a566662dc1b70264d6064c5,0bddf86ed3a8e2e4f9a85a166e63460a,MissingArtifactConflict,ConfigType.PATH<->ConfigType.PATH,angular::::modules/angular2/tsconfig.json::::compilerOptions::::rootDir::::. <-> angular::::tools/tsconfig.json::::compilerOptions::::rootDir::::.,,,
cfea08f326d25bf8de4723ac667899ea1c1b4730,b878c33a6ae033caa90694a5f1693c561ed39832,0da229463357ff27b7bf55f81f005bf4,MissingOptionConflict,ConfigType.VERSION_NUMBER<->ConfigType.VERSION_NUMBER,angular::::modules/@angular/core/package.json::::peerDependencies::::zone.js::::zone.js:^0.6.6 <-> angular::::modules/@angular/router/package.json::::devDependencies::::zone.js::::zone.js:^0.6.6,modules/@angular/router/package.json,angular::::modules/@angular/router/package.json::::devDependencies::::zone.js(location: 68),git show cfea08f326d25bf8de4723ac667899ea1c1b4730 -- modules/@angular/router/package.json
e43b064fbc7121738e5c930a3cbb7fcacd9d91ca,d2b25bef0f460059ee9910e05af2c25d77d6188a,28a62b5d72673d9f583b91a41463c230,MissingArtifactConflict,ConfigType.UNKNOWN<->ConfigType.UNKNOWN,angular::::angular.io/e2e/tsconfig.json::::compilerOptions::::target::::es5 <-> angular::::tools/typings-test/tsconfig.json::::compilerOptions::::lib::::lib/es5::::es5,,,
f28765c30331e36d3abf90d7bb0bb508df061f57,f09321df83abc4d3da9aeaf2b2e393b55386bffe,260cc2b7e33821dc545d11cca69f1d4b,ModifiedOptionConflict,ConfigType.VERSION_NUMBER<->ConfigType.VERSION_NUMBER,angular::::aio/package.json::::devDependencies::::dgeni-packages::::dgeni-packages:^0.16.5 <-> angular::::package.json::::devDependencies::::dgeni-packages::::dgeni-packages:^0.16.5,aio/package.json,angular::::aio/package.json::::devDependencies::::dgeni-packages(location: 45),git show f28765c30331e36d3abf90d7bb0bb508df061f57 -- aio/package.json
b97554eeb4cacf491ea77734ac8f559e2f948dcb,0ef0a3cfb3a9b8db45abcc4a3208717c78a73aa5,94604e0f0de990bf8058913229fc2819,ModifiedOptionConflict,ConfigType.VERSION_NUMBER<->ConfigType.VERSION_NUMBER,angular::::package.json::::version::::version:4.0.0-beta.2 <-> angular::::tools/@angular/tsc-wrapped/package.json::::version::::version:4.0.0-beta.2,package.json,angular::::package.json::::version(location: 3),git show b97554eeb4cacf491ea77734ac8f559e2f948dcb -- package.json
1064d5aa99978bf2282315712d6c915a3a7d8bb2,5e2354666522e224ebeda8f356c044d3ca20c54e,6d254d20ffe08d7eb1cfc1da2ddda12b,MissingArtifactConflict,ConfigType.PATH<->ConfigType.PATH,angular::::modules/@angular/platform-webworker/tsconfig.json::::compilerOptions::::rootDir::::. <-> angular::::modules/tsconfig.json::::compilerOptions::::baseUrl::::.,,,
80649762d46c9e02e6b291049057d3fcfc64229a,3ec8a7a20af6338ef17df85274155203180ec813,0b82b6aa870b890fb7380832c42adabc,MissingArtifactConflict,ConfigType.NAME<->ConfigType.NAME,angular::::modules/@angular/router-deprecated/src/package.json::::name::::@angular/router <-> angular::::modules/@angular/router/package.json::::name::::@angular/router,,,
39c03e67e600ec81d312b5809ef425695829006a,d42fa0786346969d05c7664d57da2e5f615d0bb6,70b9b9c8fbae9d3d39592831e6f82039,MissingArtifactConflict,ConfigType.NAME<->ConfigType.NAME,angular::::modules/rtts_assert/package.json::::name::::rtts-assert <-> angular::::tools/rtts-assert/package.json::::name::::rtts-assert,,,
3077b6edb641fcf2eeaaf698bc697cbeebb1fd6f,0fc75699fad1efc68ffa475633d494607039366a,f9716ea59c576aee4e4882dcfe339d91,MissingArtifactConflict,ConfigType.VERSION_NUMBER<->ConfigType.VERSION_NUMBER,angular::::modules/@angular/platform-browser-dynamic/package.json::::version::::version:$$ANGULAR_VERSION$$ <-> angular::::modules/@angular/platform-browser/package.json::::version::::version:$$ANGULAR_VERSION$$,,,
41f43d57e8aa25b178a8027a7ef07c2dea8e7893,457cbaa39b45409ae6ffd6402a9251dc10970588,4172495ffa80bc73ddf19125fdc7c793,MissingOptionConflict,ConfigType.VERSION_NUMBER<->ConfigType.VERSION_NUMBER,angular::::modules/rtts_assert/package.json::::devDependencies::::gulp-connect::::gulp-connect:~1.0.5 <-> angular::::package.json::::dependencies::::gulp-connect::::gulp-connect:~1.0.5,package.json,angular::::package.json::::dependencies::::gulp-connect(location: 16),git show 41f43d57e8aa25b178a8027a7ef07c2dea8e7893 -- package.json
d487786f451195c618bed321048955b67a1f5023,b199c63f7b1730399d31f6b975d894b27c10a45d,31ee68f2b1bb4a884c60748a5eacebf4,MissingArtifactConflict,ConfigType.UNKNOWN<->ConfigType.UNKNOWN,angular::::modules/@angular/core/test/tsconfig.json::::compilerOptions::::module::::commonjs <-> angular::::modules/@angular/platform-server/tsconfig.json::::compilerOptions::::module::::commonjs,,,
f491f2f9586b4f402982390430a1b1d2a5f7bc12,57874ae0eedb7c461a88349ab648292d4d6f83ed,5d8f2af109c9f23440f31158ae85b88e,ModifiedOptionConflict,ConfigType.PATH<->ConfigType.PATH,angular::::modules/@angular/compiler-cli/package.json::::main::::index.js <-> angular::::modules/@angular/forms/package.json::::main::::index.js,modules/@angular/forms/package.json,angular::::modules/@angular/forms/package.json::::main(location: 5),git show f491f2f9586b4f402982390430a1b1d2a5f7bc12 -- modules/@angular/forms/package.json
1e638df7df32d66682d2383a427d8269229d23e0,d1761954c058a96003c50274c6560523ba7a12a4,324ca832020533164ae2bfc36b2f788b,MissingArtifactConflict,ConfigType.PATH<->ConfigType.PATH,angular::::modules/@angular/common/tsconfig.json::::compilerOptions::::rootDir::::. <-> angular::::modules/@angular/router/tsconfig.json::::compilerOptions::::rootDir::::.,,,
729e38af1944f582203270242646607eeb82a6bc,6e923cbf84114f29d0f2b44c08f4d1a09f884dbd,4d28ae2706cc3f44f4cbe14299c97c10,MissingOptionConflict,ConfigType.VERSION_NUMBER<->ConfigType.VERSION_NUMBER,angular::::modules/rtts_assert/package.json::::devDependencies::::gulp-rename::::gulp-rename:^1.2.0 <-> angular::::package.json::::devDependencies::::gulp-rename::::gulp-rename:^1.2.0,modules/rtts_assert/package.json,angular::::modules/rtts_assert/package.json::::devDependencies::::gulp-rename(location: 23),git show 729e38af1944f582203270242646607eeb82a6bc -- modules/rtts_assert/package.json
cfea08f326d25bf8de4723ac667899ea1c1b4730,b878c33a6ae033caa90694a5f1693c561ed39832,a41eedda3eea17d792ff8d3dcc7c7568,MissingOptionConflict,ConfigType.VERSION_NUMBER<->ConfigType.VERSION_NUMBER,angular::::modules/@angular/router/package.json::::devDependencies::::es6-shim::::es6-shim:^0.35.0 <-> angular::::package.json::::dependencies::::es6-shim::::es6-shim:^0.35.0,modules/@angular/router/package.json,angular::::modules/@angular/router/package.json::::devDependencies::::es6-shim(location: 45),git show cfea08f326d25bf8de4723ac667899ea1c1b4730 -- modules/@angular/router/package.json
c79f0c3472a23ee4ba36c90a6fb87caa2957e610,817c005845bcd5f8ea185937a4684d7f607eb697,5966b1bb01c2ae18f787a2fd83b37470,MissingArtifactConflict,ConfigType.VERSION_NUMBER<->ConfigType.VERSION_NUMBER,angular::::package.json::::version::::version:0.0.0 <-> angular::::tools/transpiler/package.json::::version::::version:0.0.0,,,
adcae1236991d02e00ce6188ddafc7c0f6bf01d0,ea8faca51258cbb4bf6288d0dda0e062bfeec904,0180c0d3005fdb46211875785199051f,MissingOptionConflict,ConfigType.UNKNOWN<->ConfigType.UNKNOWN,angular::::modules/@angular/examples/tsconfig.json::::compilerOptions::::lib::::lib/dom::::dom <-> angular::::tools/tsconfig.json::::compilerOptions::::lib::::lib/dom::::dom,modules/@angular/examples/tsconfig.json,angular::::modules/@angular/examples/tsconfig.json::::compilerOptions::::lib::::lib/dom(location: 17),git show adcae1236991d02e00ce6188ddafc7c0f6bf01d0 -- modules/@angular/examples/tsconfig.json
5e04b720327603d873f8b41e5a507f69507a517d,743dbb2f9996c7020c6a10cda6f14b26cd61c455,cd967af06560f02213a609b651cb490d,MissingArtifactConflict,ConfigType.LICENSE<->ConfigType.LICENSE,angular::::angular.io/package.json::::license::::MIT <-> angular::::integration/typings_test_ts20/package.json::::license::::MIT,,,
729e38af1944f582203270242646607eeb82a6bc,6e923cbf84114f29d0f2b44c08f4d1a09f884dbd,643ca9034d51dbb446b78f8d0fb1ab97,MissingOptionConflict,ConfigType.LICENSE<->ConfigType.LICENSE,angular::::modules/angular2/package.json::::license::::Apache-2.0 <-> angular::::package.json::::license::::Apache-2.0,modules/angular2/package.json,angular::::modules/angular2/package.json::::license(location: 17),git show 729e38af1944f582203270242646607eeb82a6bc -- modules/angular2/package.json
680e7172f7cf7a3da599d23ad62f7d9d97cf4775,9c05ea5f6d1788d0ce5043e6bc148b787c68bbcf,ebeea5047e8c237d578e52eff6a9e22d,ModifiedOptionConflict,ConfigType.VERSION_NUMBER<->ConfigType.VERSION_NUMBER,angular::::modules/@angular/benchpress/package.json::::version::::version:0.0.0-PLACEHOLDER <-> angular::::modules/@angular/compiler-cli/package.json::::version::::version:0.0.0-PLACEHOLDER,modules/@angular/benchpress/package.json,angular::::modules/@angular/benchpress/package.json::::version(location: 3),git show 680e7172f7cf7a3da599d23ad62f7d9d97cf4775 -- modules/@angular/benchpress/package.json
680e7172f7cf7a3da599d23ad62f7d9d97cf4775,9c05ea5f6d1788d0ce5043e6bc148b787c68bbcf,24d90a3741048b2c7a02788510161ee8,ModifiedOptionConflict,ConfigType.VERSION_NUMBER<->ConfigType.VERSION_NUMBER,angular::::modules/@angular/benchpress/package.json::::dependencies::::@angular/core::::@angular/core:0.0.0-PLACEHOLDER <-> angular::::modules/@angular/common/package.json::::peerDependencies::::@angular/core::::@angular/core:0.0.0-PLACEHOLDER,modules/@angular/benchpress/package.json,angular::::modules/@angular/benchpress/package.json::::dependencies::::@angular/core(location: 8),git show 680e7172f7cf7a3da599d23ad62f7d9d97cf4775 -- modules/@angular/benchpress/package.json
24ced073bdbde290604fe4ba299aeeeb76acc207,2a6358fd7c0bdcb7331c338f74d8074634d7e8ac,e803c421771a8f5c83375a96e53dc237,ModifiedOptionConflict,ConfigType.VERSION_NUMBER<->ConfigType.VERSION_NUMBER,angular::::package.json::::devDependencies::::tsickle::::tsickle:^0.1.7 <-> angular::::tools/@angular/tsc-wrapped/package.json::::dependencies::::tsickle::::tsickle:^0.1.7,tools/@angular/tsc-wrapped/package.json,angular::::tools/@angular/tsc-wrapped/package.json::::dependencies::::tsickle(location: 14),git show 24ced073bdbde290604fe4ba299aeeeb76acc207 -- tools/@angular/tsc-wrapped/package.json
729e38af1944f582203270242646607eeb82a6bc,6e923cbf84114f29d0f2b44c08f4d1a09f884dbd,8164d07710033de9233e590115d150f1,MissingOptionConflict,ConfigType.VERSION_NUMBER<->ConfigType.VERSION_NUMBER,angular::::modules/rtts_assert/package.json::::devDependencies::::yargs::::yargs:2.3.* <-> angular::::package.json::::devDependencies::::yargs::::yargs:2.3.*,modules/rtts_assert/package.json,angular::::modules/rtts_assert/package.json::::devDependencies::::yargs(location: 19),git show 729e38af1944f582203270242646607eeb82a6bc -- modules/rtts_assert/package.json
dcbd1d9f67e6fc1d4b4f19d62059bfd2725a6956,546234cd07228a984d4c7140e8dd69cc689ad10a,4af0f798ea53f4a77118a6850720b50c,MissingArtifactConflict,ConfigType.LICENSE<->ConfigType.LICENSE,angular::::modules/@angular/platform-server/package.json::::license::::MIT <-> angular::::tools/ts-metadata-collector/package.json::::license::::MIT,,,
f6144859ba6881995c2556d3c845cc9240052aac,445657800c03cb45dbf52fd255fae9577e6e3268,72a12c7fa0a9c569af845f86381123f3,ModifiedOptionConflict,ConfigType.VERSION_NUMBER<->ConfigType.VERSION_NUMBER,angular::::package.json::::devDependencies::::tsickle::::tsickle:0.1.2 <-> angular::::tools/@angular/tsc-wrapped/package.json::::dependencies::::tsickle::::tsickle:0.1.2,tools/@angular/tsc-wrapped/package.json,angular::::tools/@angular/tsc-wrapped/package.json::::dependencies::::tsickle(location: 14),git show f6144859ba6881995c2556d3c845cc9240052aac -- tools/@angular/tsc-wrapped/package.json
4c8ae016951ebb375790f9977895a0a0f52528f5,f706172766915bb424f9308ee88f54ed92c7013f,8e0f3293d43a285c3f10b1a3f752875a,ModifiedOptionConflict,ConfigType.VERSION_NUMBER<->ConfigType.VERSION_NUMBER,angular::::modules/@angular/router/package.json::::devDependencies::::typescript::::typescript:^1.9.0-dev.20160409 <-> angular::::package.json::::devDependencies::::typescript::::typescript:^1.9.0-dev.20160409,modules/@angular/router/package.json,angular::::modules/@angular/router/package.json::::devDependencies::::typescript(location: 66),git show 4c8ae016951ebb375790f9977895a0a0f52528f5 -- modules/@angular/router/package.json
1554f726d0f330f9ff52512ffb542bde14e899ac,f6500387b168165482204682d49f052bac2324f1,a87b1997da0fd3993735952616c6296d,MissingArtifactConflict,ConfigType.UNKNOWN<->ConfigType.UNKNOWN,angular::::modules/@angular/http/package.json::::repository::::type::::git <-> angular::::tools/tsc-wrapped/package.json::::repository::::type::::git,,,
d487786f451195c618bed321048955b67a1f5023,b199c63f7b1730399d31f6b975d894b27c10a45d,c654deba47392ac453e6145066881a0d,MissingArtifactConflict,ConfigType.PATH<->ConfigType.PATH,angular::::modules/@angular/core/tsconfig.json::::compilerOptions::::baseUrl::::. <-> angular::::modules/tsconfig.json::::compilerOptions::::baseUrl::::.,,,
729e38af1944f582203270242646607eeb82a6bc,6e923cbf84114f29d0f2b44c08f4d1a09f884dbd,ee6aa75be4919fd00ca4b8d128011fa7,MissingOptionConflict,ConfigType.VERSION_NUMBER<->ConfigType.VERSION_NUMBER,angular::::modules/angular2/package.json::::devDependencies::::yargs::::yargs:2.3.* <-> angular::::package.json::::devDependencies::::yargs::::yargs:2.3.*,modules/angular2/package.json,angular::::modules/angular2/package.json::::devDependencies::::yargs(location: 23),git show 729e38af1944f582203270242646607eeb82a6bc -- modules/angular2/package.json
6b9492fae338ee172c8d6faf574ce69b813c842b,cb0e076699a7c4c1c95272c8cd01456e2c02c82c,3211129b8fe4335194945a6e199407cb,MissingArtifactConflict,ConfigType.LICENSE<->ConfigType.LICENSE,angular::::package.json::::license::::MIT <-> angular::::tools/metadata/package.json::::license::::MIT,,,
f491f2f9586b4f402982390430a1b1d2a5f7bc12,57874ae0eedb7c461a88349ab648292d4d6f83ed,99da227db1846eec44a708aafc5e71dc,ModifiedOptionConflict,ConfigType.PATH<->ConfigType.PATH,angular::::modules/@angular/platform-browser-dynamic/package.json::::main::::index.js <-> angular::::modules/@angular/platform-browser/package.json::::main::::index.js,modules/@angular/platform-browser/package.json,angular::::modules/@angular/platform-browser/package.json::::main(location: 5),git show f491f2f9586b4f402982390430a1b1d2a5f7bc12 -- modules/@angular/platform-browser/package.json
adcae1236991d02e00ce6188ddafc7c0f6bf01d0,ea8faca51258cbb4bf6288d0dda0e062bfeec904,f0ca73e7b7f9741b132c341402078a51,MissingOptionConflict,ConfigType.PATH<->ConfigType.PATH,angular::::modules/@angular/examples/tsconfig.json::::compilerOptions::::rootDir::::. <-> angular::::tools/tsconfig.json::::compilerOptions::::rootDir::::.,modules/@angular/examples/tsconfig.json,angular::::modules/@angular/examples/tsconfig.json::::compilerOptions::::rootDir(location: 13),git show adcae1236991d02e00ce6188ddafc7c0f6bf01d0 -- modules/@angular/examples/tsconfig.json
f491f2f9586b4f402982390430a1b1d2a5f7bc12,57874ae0eedb7c461a88349ab648292d4d6f83ed,0d48f0e8ff344ec7bcfeb67b250bb226,ModifiedOptionConflict,ConfigType.PATH<->ConfigType.PATH,angular::::modules/@angular/common/package.json::::main::::index.js <-> angular::::modules/rollup-test/package.json::::main::::index.js,modules/@angular/common/package.json,angular::::modules/@angular/common/package.json::::main(location: 5),git show f491f2f9586b4f402982390430a1b1d2a5f7bc12 -- modules/@angular/common/package.json
4a01117b275bfd5e706d5ec14913b72cf30b5708,9391b14d212a815b2487dd743d6c11773faa948a,e81ac272eee0beffbaeaaaa1b3e6e330,MissingOptionConflict,ConfigType.VERSION_NUMBER<->ConfigType.VERSION_NUMBER,angular::::modules/@angular/compiler-cli/package.json::::dependencies::::parse5::::parse5:^2.2.1 <-> angular::::package.json::::devDependencies::::parse5::::parse5:^2.2.1,modules/@angular/compiler-cli/package.json,angular::::modules/@angular/compiler-cli/package.json::::dependencies::::parse5(location: 14),git show 4a01117b275bfd5e706d5ec14913b72cf30b5708 -- modules/@angular/compiler-cli/package.json
c55a09fb98dd9966a7f6b55cfead237f49753538,1e638df7df32d66682d2383a427d8269229d23e0,8145dd7fe2209284269bf5ef028bcb2b,MissingOptionConflict,ConfigType.PATH<->ConfigType.PATH,angular::::modules/@angular/core/tsconfig.json::::compilerOptions::::outDir::::../../../dist/packages-dist/core/ <-> angular::::modules/@angular/router-deprecated/tsconfig.json::::compilerOptions::::paths::::@angular/core::::@angular/core/../../../dist/packages-dist/core/::::../../../dist/packages-dist/core/,modules/@angular/router-deprecated/tsconfig.json,angular::::modules/@angular/router-deprecated/tsconfig.json::::compilerOptions::::paths::::@angular/core::::@angular/core/../../../dist/packages-dist/core/(location: 14),git show c55a09fb98dd9966a7f6b55cfead237f49753538 -- modules/@angular/router-deprecated/tsconfig.json
729e38af1944f582203270242646607eeb82a6bc,6e923cbf84114f29d0f2b44c08f4d1a09f884dbd,3a06bad28160fccde83476a74496e2f2,MissingOptionConflict,ConfigType.VERSION_NUMBER<->ConfigType.VERSION_NUMBER,angular::::modules/rtts_assert/package.json::::devDependencies::::gulp::::gulp:^3.8.8 <-> angular::::package.json::::devDependencies::::gulp::::gulp:^3.8.8,modules/rtts_assert/package.json,angular::::modules/rtts_assert/package.json::::devDependencies::::gulp(location: 22),git show 729e38af1944f582203270242646607eeb82a6bc -- modules/rtts_assert/package.json
e1eaeb3111c9d87e7b93f07c8c16a61a36274d50,0fbf5bfbc3b997dc4a0e1d146e315123edca1aec,d82284ffdb9302a7a6293faedcd8effe,ModifiedOptionConflict,ConfigType.PATH<->ConfigType.PATH,angular::::modules/@angular/core/package.json::::main::::bundles/core.umd.js <-> angular::::modules/@angular/upgrade/package.json::::main::::bundles/core.umd.js,modules/@angular/upgrade/package.json,angular::::modules/@angular/upgrade/package.json::::main(location: 5),git show e1eaeb3111c9d87e7b93f07c8c16a61a36274d50 -- modules/@angular/upgrade/package.json
cfea08f326d25bf8de4723ac667899ea1c1b4730,b878c33a6ae033caa90694a5f1693c561ed39832,774ba6d2bf827cb58abfddfb558f64a8,MissingOptionConflict,ConfigType.VERSION_NUMBER<->ConfigType.VERSION_NUMBER,angular::::modules/@angular/router/package.json::::devDependencies::::gulp-typescript::::gulp-typescript:^2.10.0 <-> angular::::package.json::::devDependencies::::gulp-typescript::::gulp-typescript:^2.10.0,modules/@angular/router/package.json,angular::::modules/@angular/router/package.json::::devDependencies::::gulp-typescript(location: 48),git show cfea08f326d25bf8de4723ac667899ea1c1b4730 -- modules/@angular/router/package.json
901cd28b3a6d0987ad6705372e846973711d71d4,da2fed5006c17ace35a7ce530bf7da343e312581,3d5ab74309528ff7ffe0a91a4c0ac5a5,ModifiedOptionConflict,ConfigType.VERSION_NUMBER<->ConfigType.VERSION_NUMBER,angular::::modules/@angular/core/package.json::::peerDependencies::::zone.js::::zone.js:^0.6.21 <-> angular::::package.json::::dependencies::::zone.js::::zone.js:^0.6.21,package.json,angular::::package.json::::dependencies::::zone.js(location: 24),git show 901cd28b3a6d0987ad6705372e846973711d71d4 -- package.json
ab38cb69bc790e5bfd1310edd9e33371a8a5c18d,c391448b983bf7ca9c04ae47b02a18c2497f0cfe,9451063795217c804177ca7db7a36f4e,MissingOptionConflict,ConfigType.UNKNOWN<->ConfigType.UNKNOWN,angular::::modules/@angular/router/tsconfig.json::::compilerOptions::::lib::::lib/es6::::es6 <-> angular::::modules/tsconfig.json::::compilerOptions::::lib::::lib/es6::::es6,modules/tsconfig.json,angular::::modules/tsconfig.json::::compilerOptions::::lib::::lib/es6(location: 19),git show ab38cb69bc790e5bfd1310edd9e33371a8a5c18d -- modules/tsconfig.json
f491f2f9586b4f402982390430a1b1d2a5f7bc12,57874ae0eedb7c461a88349ab648292d4d6f83ed,e25b798e877cc82bbc343f0ab4083adf,ModifiedOptionConflict,ConfigType.PATH<->ConfigType.PATH,angular::::modules/@angular/common/package.json::::main::::index.js <-> angular::::modules/@angular/compiler/package.json::::main::::index.js,modules/@angular/compiler/package.json,angular::::modules/@angular/compiler/package.json::::main(location: 5),git show f491f2f9586b4f402982390430a1b1d2a5f7bc12 -- modules/@angular/compiler/package.json
d487786f451195c618bed321048955b67a1f5023,b199c63f7b1730399d31f6b975d894b27c10a45d,8eb647a62650cc8eba7646c459beadde,MissingArtifactConflict,ConfigType.PATH<->ConfigType.PATH,angular::::modules/@angular/core/test/tsconfig.json::::compilerOptions::::rootDir::::. <-> angular::::modules/@angular/platform-browser-dynamic/tsconfig.json::::compilerOptions::::baseUrl::::.,,,
11e0c0b3ec323c5d07e82cbba33245db06bdd07e,a1a70b3c029e4672161a1472103fffe429b10b15,7aa0c7d4e368f48d0b87b2ee6f83caf0,MissingOptionConflict,ConfigType.UNKNOWN<->ConfigType.UNKNOWN,angular::::modules/tsconfig.json::::compilerOptions::::module::::commonjs <-> angular::::tools/tsconfig.json::::compilerOptions::::module::::commonjs,modules/tsconfig.json,angular::::modules/tsconfig.json::::compilerOptions::::module(location: 7),git show 11e0c0b3ec323c5d07e82cbba33245db06bdd07e -- modules/tsconfig.json
28af231458b0801dcafdc056818b5ad903e4e7fb,8258b09455650101cf35f1144580c220d3dc8587,1b8dfb914b047dffdec200c72a51cc75,MissingArtifactConflict,ConfigType.UNKNOWN<->ConfigType.UNKNOWN,angular::::.buildkite/Dockerfile::::entrypoint::::param3::::&& <-> angular::::aio/aio-builds-setup/dockerbuild/Dockerfile::::cmd::::param1::::&&,,,
729e38af1944f582203270242646607eeb82a6bc,6e923cbf84114f29d0f2b44c08f4d1a09f884dbd,f353eb3c34ec811e19b267f7e0cb804f,MissingOptionConflict,ConfigType.UNKNOWN<->ConfigType.UNKNOWN,angular::::modules/angular2/package.json::::bugs::::https://github.com/angular/angular/issues <-> angular::::package.json::::bugs::::https://github.com/angular/angular/issues,modules/angular2/package.json,angular::::modules/angular2/package.json::::bugs(location: 6),git show 729e38af1944f582203270242646607eeb82a6bc -- modules/angular2/package.json
cfea08f326d25bf8de4723ac667899ea1c1b4730,b878c33a6ae033caa90694a5f1693c561ed39832,123cbca3d7000b9e778a088d93777985,MissingOptionConflict,ConfigType.NAME<->ConfigType.NAME,angular::::modules/@angular/router-deprecated/src/package.json::::name::::@angular/router <-> angular::::modules/@angular/router/package.json::::name::::@angular/router,modules/@angular/router/package.json,angular::::modules/@angular/router/package.json::::name(location: 2),git show cfea08f326d25bf8de4723ac667899ea1c1b4730 -- modules/@angular/router/package.json
adcae1236991d02e00ce6188ddafc7c0f6bf01d0,ea8faca51258cbb4bf6288d0dda0e062bfeec904,e55d9db1d229d64229130fb23cbe5934,MissingOptionConflict,ConfigType.UNKNOWN<->ConfigType.UNKNOWN,angular::::modules/@angular/examples/tsconfig.json::::compilerOptions::::lib::::lib/es2015::::es2015 <-> angular::::modules/rollup-test/tsconfig.json::::compilerOptions::::target::::es2015,modules/@angular/examples/tsconfig.json,angular::::modules/@angular/examples/tsconfig.json::::compilerOptions::::lib::::lib/es2015(location: 17),git show adcae1236991d02e00ce6188ddafc7c0f6bf01d0 -- modules/@angular/examples/tsconfig.json
f491f2f9586b4f402982390430a1b1d2a5f7bc12,57874ae0eedb7c461a88349ab648292d4d6f83ed,a8ba1e53db2bb810a8935f52c39429d0,ModifiedOptionConflict,ConfigType.PATH<->ConfigType.PATH,angular::::modules/@angular/common/package.json::::main::::index.js <-> angular::::modules/@angular/router/package.json::::main::::index.js,modules/@angular/router/package.json,angular::::modules/@angular/router/package.json::::main(location: 5),git show f491f2f9586b4f402982390430a1b1d2a5f7bc12 -- modules/@angular/router/package.json
dd532fee7261a4107d7c8f240de2ffc5f45e5001,69bba9b5df8664078c7fe26a40e2d6b5fd30d399,c39cfd02368561455354a9946440f425,MissingOptionConflict,ConfigType.VERSION_NUMBER<->ConfigType.VERSION_NUMBER,angular::::modules/rtts_assert/package.json::::devDependencies::::karma-jasmine::::karma-jasmine:^0.2.2 <-> angular::::package.json::::devDependencies::::karma-jasmine::::karma-jasmine:^0.2.2,modules/rtts_assert/package.json,angular::::modules/rtts_assert/package.json::::devDependencies::::karma-jasmine(location: 21),git show dd532fee7261a4107d7c8f240de2ffc5f45e5001 -- modules/rtts_assert/package.json
d487786f451195c618bed321048955b67a1f5023,b199c63f7b1730399d31f6b975d894b27c10a45d,1edbe46a4c53195b615d32e0a6067aa4,MissingArtifactConflict,ConfigType.UNKNOWN<->ConfigType.UNKNOWN,angular::::modules/@angular/common/tsconfig.json::::compilerOptions::::sourceRoot::::. <-> angular::::modules/benchpress/tsconfig.json::::compilerOptions::::sourceRoot::::.,,,
f491f2f9586b4f402982390430a1b1d2a5f7bc12,57874ae0eedb7c461a88349ab648292d4d6f83ed,83e837c26f9e7c3099a6a8e16531bee1,ModifiedOptionConflict,ConfigType.PATH<->ConfigType.PATH,angular::::modules/@angular/platform-browser-dynamic/package.json::::main::::index.js <-> angular::::modules/@angular/platform-server/package.json::::main::::index.js,modules/@angular/platform-server/package.json,angular::::modules/@angular/platform-server/package.json::::main(location: 5),git show f491f2f9586b4f402982390430a1b1d2a5f7bc12 -- modules/@angular/platform-server/package.json
11e0c0b3ec323c5d07e82cbba33245db06bdd07e,a1a70b3c029e4672161a1472103fffe429b10b15,ae3eb6275939a5c58b19fff4ea740131,MissingOptionConflict,ConfigType.PATH<->ConfigType.PATH,angular::::modules/rollup-test/tsconfig.json::::compilerOptions::::rootDir::::. <-> angular::::modules/tsconfig.json::::compilerOptions::::rootDir::::.,modules/tsconfig.json,angular::::modules/tsconfig.json::::compilerOptions::::rootDir(location: 19),git show 11e0c0b3ec323c5d07e82cbba33245db06bdd07e -- modules/tsconfig.json
4b668def3b481c9e8fda66b8703eebfa3363a70c,4fbc56f158f3be925e8224e41d1ed07dee72eff9,a3a9f1221fcb62c240f51f277cbf824f,MissingArtifactConflict,ConfigType.PATH<->ConfigType.PATH,angular::::modules/@angular/common/package.json::::main::::index.js <-> angular::::modules/@angular/compiler_cli/package.json::::main::::index.js,,,
9383dd8d642e0a47a60aec0de34ef0c3804920ef,b4fd45be8ee87c82bae2e8df157c1b61390e90a0,f74cd4123803d1c058053a1adf3e6f47,MissingArtifactConflict,ConfigType.LICENSE<->ConfigType.LICENSE,angular::::angular.io/package.json::::license::::MIT <-> angular::::modules/@angular/core/package.json::::license::::MIT,,,
c55a09fb98dd9966a7f6b55cfead237f49753538,1e638df7df32d66682d2383a427d8269229d23e0,cfe1894f72d541eb5e04b9076c0211fe,MissingOptionConflict,ConfigType.PATH<->ConfigType.PATH,angular::::modules/@angular/common/tsconfig.json::::compilerOptions::::outDir::::../../../dist/packages-dist/common/ <-> angular::::modules/@angular/router-deprecated/tsconfig.json::::compilerOptions::::paths::::@angular/common::::@angular/common/../../../dist/packages-dist/common/::::../../../dist/packages-dist/common/,modules/@angular/router-deprecated/tsconfig.json,angular::::modules/@angular/router-deprecated/tsconfig.json::::compilerOptions::::paths::::@angular/common::::@angular/common/../../../dist/packages-dist/common/(location: 15),git show c55a09fb98dd9966a7f6b55cfead237f49753538 -- modules/@angular/router-deprecated/tsconfig.json
cfea08f326d25bf8de4723ac667899ea1c1b4730,b878c33a6ae033caa90694a5f1693c561ed39832,cf34d9919357a5781b4720b63ddd1198,MissingOptionConflict,ConfigType.LICENSE<->ConfigType.LICENSE,angular::::modules/@angular/router/package.json::::license::::MIT <-> angular::::modules/@angular/upgrade/package.json::::license::::MIT,modules/@angular/router/package.json,angular::::modules/@angular/router/package.json::::license(location: 30),git show cfea08f326d25bf8de4723ac667899ea1c1b4730 -- modules/@angular/router/package.json
11e0c0b3ec323c5d07e82cbba33245db06bdd07e,a1a70b3c029e4672161a1472103fffe429b10b15,5939594ddf96db6b5f6e9e1295280e20,MissingOptionConflict,ConfigType.UNKNOWN<->ConfigType.UNKNOWN,angular::::modules/tsconfig.json::::compilerOptions::::lib::::lib/dom::::dom <-> angular::::tools/tsconfig.json::::compilerOptions::::lib::::lib/dom::::dom,modules/tsconfig.json,angular::::modules/tsconfig.json::::compilerOptions::::lib::::lib/dom(location: 21),git show 11e0c0b3ec323c5d07e82cbba33245db06bdd07e -- modules/tsconfig.json
1064d5aa99978bf2282315712d6c915a3a7d8bb2,5e2354666522e224ebeda8f356c044d3ca20c54e,7b25dac4d2eede8b25f7fa822374d21b,MissingArtifactConflict,ConfigType.UNKNOWN<->ConfigType.UNKNOWN,angular::::modules/@angular/examples/tsconfig.json::::compilerOptions::::target::::es5 <-> angular::::modules/@angular/forms/tsconfig.json::::compilerOptions::::target::::es5,,,
cfea08f326d25bf8de4723ac667899ea1c1b4730,b878c33a6ae033caa90694a5f1693c561ed39832,228de948a281c6a29f64fea8b90d1477,MissingOptionConflict,ConfigType.VERSION_NUMBER<->ConfigType.VERSION_NUMBER,angular::::modules/@angular/router/package.json::::devDependencies::::jasmine::::jasmine:^2.4.1 <-> angular::::package.json::::devDependencies::::jasmine::::jasmine:^2.4.1,modules/@angular/router/package.json,angular::::modules/@angular/router/package.json::::devDependencies::::jasmine(location: 50),git show cfea08f326d25bf8de4723ac667899ea1c1b4730 -- modules/@angular/router/package.json
44fcf5b19bbd880c388d09bb73639755935042fc,eaf2a4088ce7b9e199949ab6a662b3e2ee388c69,79287b2a679846233003c1acbe182b5e,ModifiedOptionConflict,ConfigType.VERSION_NUMBER<->ConfigType.VERSION_NUMBER,angular::::modules/@angular/router-deprecated/src/package.json::::version::::version:0.2.0 <-> angular::::tools/@angular/tsc-wrapped/package.json::::version::::version:0.2.0,tools/@angular/tsc-wrapped/package.json,angular::::tools/@angular/tsc-wrapped/package.json::::version(location: 3),git show 44fcf5b19bbd880c388d09bb73639755935042fc -- tools/@angular/tsc-wrapped/package.json
44490c417b44da0e3f371e113f9ffb1bb6b7cfa3,666f62b175f09c0aca8ba30027168629d3c7e936,22424f9161d6eb023db9be22f41d3c7c,MissingArtifactConflict,ConfigType.LICENSE<->ConfigType.LICENSE,angular::::aio/package.json::::license::::MIT <-> angular::::modules/@angular/animation/package.json::::license::::MIT,,,
f491f2f9586b4f402982390430a1b1d2a5f7bc12,57874ae0eedb7c461a88349ab648292d4d6f83ed,8b760fd88f8de7662e875e57cbff7245,ModifiedOptionConflict,ConfigType.UNKNOWN<->ConfigType.UNKNOWN,angular::::modules/@angular/router/tsconfig.json::::compilerOptions::::module::::commonjs <-> angular::::modules/tsconfig.json::::compilerOptions::::module::::commonjs,modules/@angular/router/tsconfig.json,angular::::modules/@angular/router/tsconfig.json::::compilerOptions::::module(location: 8),git show f491f2f9586b4f402982390430a1b1d2a5f7bc12 -- modules/@angular/router/tsconfig.json
729e38af1944f582203270242646607eeb82a6bc,6e923cbf84114f29d0f2b44c08f4d1a09f884dbd,f501e4e93dac198181c5e233a7531951,MissingOptionConflict,ConfigType.VERSION_NUMBER<->ConfigType.VERSION_NUMBER,angular::::modules/angular2/package.json::::devDependencies::::gulp-rename::::gulp-rename:^1.2.0 <-> angular::::package.json::::devDependencies::::gulp-rename::::gulp-rename:^1.2.0,modules/angular2/package.json,angular::::modules/angular2/package.json::::devDependencies::::gulp-rename(location: 27),git show 729e38af1944f582203270242646607eeb82a6bc -- modules/angular2/package.json
f491f2f9586b4f402982390430a1b1d2a5f7bc12,57874ae0eedb7c461a88349ab648292d4d6f83ed,ff613cc47125788351c663302d845740,ModifiedOptionConflict,ConfigType.PATH<->ConfigType.PATH,angular::::modules/@angular/compiler/package.json::::main::::index.js <-> angular::::modules/@angular/core/package.json::::main::::index.js,modules/@angular/core/package.json,angular::::modules/@angular/core/package.json::::main(location: 5),git show f491f2f9586b4f402982390430a1b1d2a5f7bc12 -- modules/@angular/core/package.json
1064d5aa99978bf2282315712d6c915a3a7d8bb2,5e2354666522e224ebeda8f356c044d3ca20c54e,c5a25e4666584c922cf47479a55f2dd9,MissingArtifactConflict,ConfigType.UNKNOWN<->ConfigType.UNKNOWN,angular::::modules/@angular/compiler-cli/tsconfig.json::::compilerOptions::::module::::commonjs <-> angular::::modules/@angular/examples/tsconfig.json::::compilerOptions::::module::::commonjs,,,
ba5167f4c0fb7ab1245eb340f2ed07fd6159d978,289054901375d1ef1b513912216bb33dcab5bab0,5494702c1d1a0e04d01fa234aa762563,ModifiedOptionConflict,ConfigType.VERSION_NUMBER<->ConfigType.VERSION_NUMBER,angular::::modules/@angular/compiler_cli/package.json::::version::::version:0.2.0 <-> angular::::modules/@angular/router-deprecated/src/package.json::::version::::version:0.2.0,modules/@angular/compiler_cli/package.json,angular::::modules/@angular/compiler_cli/package.json::::version(location: 3),git show ba5167f4c0fb7ab1245eb340f2ed07fd6159d978 -- modules/@angular/compiler_cli/package.json
680e7172f7cf7a3da599d23ad62f7d9d97cf4775,9c05ea5f6d1788d0ce5043e6bc148b787c68bbcf,66f3930e9c6cbe1092f1dbfd5638e003,MissingOptionConflict,ConfigType.VERSION_NUMBER<->ConfigType.VERSION_NUMBER,angular::::modules/@angular/benchpress/package.json::::optionalDependencies::::selenium-webdriver::::selenium-webdriver:^2.53.3 <-> angular::::package.json::::devDependencies::::selenium-webdriver::::selenium-webdriver:^2.53.3,modules/@angular/benchpress/package.json,angular::::modules/@angular/benchpress/package.json::::optionalDependencies::::selenium-webdriver(location: 15),git show 680e7172f7cf7a3da599d23ad62f7d9d97cf4775 -- modules/@angular/benchpress/package.json
d487786f451195c618bed321048955b67a1f5023,b199c63f7b1730399d31f6b975d894b27c10a45d,20e159cae2177f937c49608a5feca9fe,MissingArtifactConflict,ConfigType.PATH<->ConfigType.PATH,angular::::modules/@angular/compiler/tsconfig.json::::compilerOptions::::baseUrl::::. <-> angular::::modules/@angular/core/test/tsconfig.json::::compilerOptions::::rootDir::::.,,,
803345c4f121ecef54166dc87f8859bd1766a3f1,76a2d688e5e0959fa52bb6d56f7dd2568fc77dc4,42b3d20632cc26a3b889395bd67c0c74,MissingArtifactConflict,ConfigType.PATH<->ConfigType.PATH,angular::::modules/@angular/platform-webworker-dynamic/tsconfig.json::::compilerOptions::::baseUrl::::. <-> angular::::modules/benchpress/tsconfig.json::::compilerOptions::::rootDir::::.,,,
39c03e67e600ec81d312b5809ef425695829006a,d42fa0786346969d05c7664d57da2e5f615d0bb6,6b8802ed85d81f99268721f5993127c6,MissingArtifactConflict,ConfigType.VERSION_NUMBER<->ConfigType.VERSION_NUMBER,angular::::package.json::::dependencies::::gulp-rename::::gulp-rename:^1.2.0 <-> angular::::tools/js2dart/package.json::::devDependencies::::gulp-rename::::gulp-rename:^1.2.0,,,
d1d74da8ddb2c3b4c3fefb08a676f67d43106d14,803345c4f121ecef54166dc87f8859bd1766a3f1,f7f88a252ac41f6151a9139b3483e863,MissingArtifactConflict,ConfigType.UNKNOWN<->ConfigType.UNKNOWN,angular::::modules/@angular/benchpress/tsconfig.json::::compilerOptions::::lib::::lib/dom::::dom <-> angular::::tools/tsconfig.json::::compilerOptions::::lib::::lib/dom::::dom,,,
ecdff62a2605d36d560cb07bc942bb8bbcdc9aed,c5418abf1dfc3a3e9ccc32cae28faaa90d119305,86c9594e73aa3b84dded5afc5f313b64,ModifiedOptionConflict,ConfigType.VERSION_NUMBER<->ConfigType.VERSION_NUMBER,angular::::aio/package.json::::dependencies::::zone.js::::zone.js:^0.7.2 <-> angular::::package.json::::dependencies::::zone.js::::zone.js:^0.7.2,aio/package.json,angular::::aio/package.json::::dependencies::::zone.js(location: 35),git show ecdff62a2605d36d560cb07bc942bb8bbcdc9aed -- aio/package.json
729e38af1944f582203270242646607eeb82a6bc,6e923cbf84114f29d0f2b44c08f4d1a09f884dbd,6b6f106e9c49fb37278cdc90a1fcd8dd,MissingOptionConflict,ConfigType.LICENSE<->ConfigType.LICENSE,angular::::modules/rtts_assert/package.json::::license::::Apache-2.0 <-> angular::::package.json::::license::::Apache-2.0,modules/rtts_assert/package.json,angular::::modules/rtts_assert/package.json::::license(location: 17),git show 729e38af1944f582203270242646607eeb82a6bc -- modules/rtts_assert/package.json
bf9ff3e061c8292255c5e0655ef3944ee01e02b6,62999dfe135f105df5007d5c93696a10e6049d82,dc421ab05725510a3e79754734bb6f2b,MissingArtifactConflict,ConfigType.UNKNOWN<->ConfigType.UNKNOWN,angular::::modules/@angular/core/test/tsconfig.json::::compilerOptions::::sourceRoot::::. <-> angular::::modules/rollup-test/tsconfig.json::::compilerOptions::::sourceRoot::::.,,,
cfea08f326d25bf8de4723ac667899ea1c1b4730,b878c33a6ae033caa90694a5f1693c561ed39832,8045a823951fede9f15f0d37dc271648,MissingOptionConflict,ConfigType.UNKNOWN<->ConfigType.UNKNOWN,angular::::modules/@angular/router/package.json::::repository::::type::::git <-> angular::::tools/@angular/tsc-wrapped/package.json::::repository::::type::::git,modules/@angular/router/package.json,angular::::modules/@angular/router/package.json::::repository::::type(location: 26),git show cfea08f326d25bf8de4723ac667899ea1c1b4730 -- modules/@angular/router/package.json
9852878b9382ae01e920c268696f1d475dd6bfda,78c7557c533cbf55a84a8ad86ba346e1d2498d44,187ccbd17cc8cf5d6890ec220696a206,MissingOptionConflict,ConfigType.VERSION_NUMBER<->ConfigType.VERSION_NUMBER,angular::::modules/@angular/platform-webworker-dynamic/package.json::::peerDependencies::::@angular/compiler::::@angular/compiler:0.0.0-PLACEHOLDER <-> angular::::modules/@angular/router/package.json::::peerDependencies::::@angular/compiler::::@angular/compiler:0.0.0-PLACEHOLDER,modules/@angular/router/package.json,angular::::modules/@angular/router/package.json::::peerDependencies::::@angular/compiler(location: 25),git show 9852878b9382ae01e920c268696f1d475dd6bfda -- modules/@angular/router/package.json
729e38af1944f582203270242646607eeb82a6bc,6e923cbf84114f29d0f2b44c08f4d1a09f884dbd,6c52e3578c1896e5750be7498bea3e78,MissingOptionConflict,ConfigType.VERSION_NUMBER<->ConfigType.VERSION_NUMBER,angular::::modules/angular2/package.json::::devDependencies::::gulp-traceur::::gulp-traceur:0.16.* <-> angular::::package.json::::devDependencies::::gulp-traceur::::gulp-traceur:0.16.*,modules/angular2/package.json,angular::::modules/angular2/package.json::::devDependencies::::gulp-traceur(location: 25),git show 729e38af1944f582203270242646607eeb82a6bc -- modules/angular2/package.json
f491f2f9586b4f402982390430a1b1d2a5f7bc12,57874ae0eedb7c461a88349ab648292d4d6f83ed,6c7ef34c81de40f698fd99a0646b0def,ModifiedOptionConflict,ConfigType.PATH<->ConfigType.PATH,angular::::modules/@angular/core/package.json::::main::::index.js <-> angular::::modules/@angular/http/package.json::::main::::index.js,modules/@angular/http/package.json,angular::::modules/@angular/http/package.json::::main(location: 5),git show f491f2f9586b4f402982390430a1b1d2a5f7bc12 -- modules/@angular/http/package.json
dd532fee7261a4107d7c8f240de2ffc5f45e5001,69bba9b5df8664078c7fe26a40e2d6b5fd30d399,d24c6acecbb06bbb15d1a5b149aa76b4,MissingOptionConflict,ConfigType.UNKNOWN<->ConfigType.UNKNOWN,angular::::modules/rtts_assert/package.json::::repository::::type::::git <-> angular::::package.json::::repository::::type::::git,modules/rtts_assert/package.json,angular::::modules/rtts_assert/package.json::::repository::::type(location: 8),git show dd532fee7261a4107d7c8f240de2ffc5f45e5001 -- modules/rtts_assert/package.json
80a59cda8ef46febad8264741d98fe707039edcb,d3cd1bc0e3f6c77a14e585632fd460c8ff8dd447,6b3a8fceca513d498878d9c578625e5e,MissingArtifactConflict,ConfigType.LICENSE<->ConfigType.LICENSE,angular::::modules/@angular/platform-browser/package.json::::license::::MIT <-> angular::::tools/compiler_cli/package.json::::license::::MIT,,,
729e38af1944f582203270242646607eeb82a6bc,6e923cbf84114f29d0f2b44c08f4d1a09f884dbd,fdd6d0559097899ef29676e4b74dcd93,MissingOptionConflict,ConfigType.VERSION_NUMBER<->ConfigType.VERSION_NUMBER,angular::::modules/rtts_assert/package.json::::devDependencies::::through2::::through2:^0.6.1 <-> angular::::package.json::::devDependencies::::through2::::through2:^0.6.1,modules/rtts_assert/package.json,angular::::modules/rtts_assert/package.json::::devDependencies::::through2(location: 24),git show 729e38af1944f582203270242646607eeb82a6bc -- modules/rtts_assert/package.json
db63671af2996ddc1b8be4c0995f363c496e5422,a1bba07380fa0edfca9486abe31558ca7b68381a,fe0a232444a5dc469b1bc4102816bb5b,ModifiedOptionConflict,ConfigType.UNKNOWN<->ConfigType.UNKNOWN,angular::::modules/angular2/tsconfig.json::::compilerOptions::::target::::ES5 <-> angular::::modules/benchpress/tsconfig.json::::compilerOptions::::target::::ES5,modules/angular2/tsconfig.json,angular::::modules/angular2/tsconfig.json::::compilerOptions::::target(location: 10),git show db63671af2996ddc1b8be4c0995f363c496e5422 -- modules/angular2/tsconfig.json
5a4749f4b4ed5fc54be08b902aab177400b88165,d042fe315b9757c72152fff1b9257500cf865be7,f755108095b362d9df38429696a492c3,MissingOptionConflict,ConfigType.VERSION_NUMBER<->ConfigType.VERSION_NUMBER,angular::::modules/@angular/platform-browser-dynamic/package.json::::peerDependencies::::@angular/compiler::::@angular/compiler:0.0.0-PLACEHOLDER <-> angular::::modules/@angular/platform-browser/package.json::::peerDependencies::::@angular/compiler::::@angular/compiler:0.0.0-PLACEHOLDER,modules/@angular/platform-browser/package.json,angular::::modules/@angular/platform-browser/package.json::::peerDependencies::::@angular/compiler(location: 13),git show 5a4749f4b4ed5fc54be08b902aab177400b88165 -- modules/@angular/platform-browser/package.json
729e38af1944f582203270242646607eeb82a6bc,6e923cbf84114f29d0f2b44c08f4d1a09f884dbd,f27fbc03b833439c3cdbe2e3aeab66b5,MissingOptionConflict,ConfigType.UNKNOWN<->ConfigType.UNKNOWN,angular::::modules/rtts_assert/package.json::::bugs::::https://github.com/angular/angular/issues <-> angular::::package.json::::bugs::::https://github.com/angular/angular/issues,modules/rtts_assert/package.json,angular::::modules/rtts_assert/package.json::::bugs(location: 6),git show 729e38af1944f582203270242646607eeb82a6bc -- modules/rtts_assert/package.json
adcae1236991d02e00ce6188ddafc7c0f6bf01d0,ea8faca51258cbb4bf6288d0dda0e062bfeec904,c1a299e3bc3ce3406cd21fef271340a1,MissingOptionConflict,ConfigType.PATH<->ConfigType.PATH,angular::::modules/@angular/examples/tsconfig.json::::compilerOptions::::baseUrl::::. <-> angular::::modules/rollup-test/tsconfig.json::::compilerOptions::::baseUrl::::.,modules/@angular/examples/tsconfig.json,angular::::modules/@angular/examples/tsconfig.json::::compilerOptions::::baseUrl(location: 3),git show adcae1236991d02e00ce6188ddafc7c0f6bf01d0 -- modules/@angular/examples/tsconfig.json
cfea08f326d25bf8de4723ac667899ea1c1b4730,b878c33a6ae033caa90694a5f1693c561ed39832,ad1671e9631bf8723d0c1fbba9e55818,MissingOptionConflict,ConfigType.VERSION_NUMBER<->ConfigType.VERSION_NUMBER,angular::::modules/@angular/router/package.json::::dependencies::::rxjs::::rxjs:5.0.0-beta.6 <-> angular::::package.json::::dependencies::::rxjs::::rxjs:5.0.0-beta.6,modules/@angular/router/package.json,angular::::modules/@angular/router/package.json::::dependencies::::rxjs(location: 41),git show cfea08f326d25bf8de4723ac667899ea1c1b4730 -- modules/@angular/router/package.json
e5cda60e6995c309e5e65dc9ad59d0d66b9e123e,ec38eae65029618d098f6c00d6df8e5d709b0d89,e69358e2eb9e18e8b27e7e2e27896e58,MissingOptionConflict,ConfigType.UNKNOWN<->ConfigType.UNKNOWN,angular::::modules/benchpress/tsconfig.json::::compilerOptions::::sourceRoot::::. <-> angular::::modules/rollup-test/tsconfig.json::::compilerOptions::::sourceRoot::::.,modules/benchpress/tsconfig.json,angular::::modules/benchpress/tsconfig.json::::compilerOptions::::sourceRoot(location: 8),git show e5cda60e6995c309e5e65dc9ad59d0d66b9e123e -- modules/benchpress/tsconfig.json
9dcc4882149ddb68a589ac5bdfd42d81470f298f,4ee8244fd07b3744ec668e870520f17aefe1882f,c4ef1005de78f12006d693e8eddef7a7,MissingArtifactConflict,ConfigType.PATH<->ConfigType.PATH,angular::::modules/upgrade/tsconfig.json::::compilerOptions::::rootDir::::. <-> angular::::tools/tsconfig.json::::compilerOptions::::rootDir::::.,,,
f491f2f9586b4f402982390430a1b1d2a5f7bc12,57874ae0eedb7c461a88349ab648292d4d6f83ed,643b45f68f37a13f3fc9f1b86a31ddc6,MissingOptionConflict,ConfigType.UNKNOWN<->ConfigType.UNKNOWN,angular::::modules/@angular/router/tsconfig.json::::compilerOptions::::lib::::lib/es6::::es6 <-> angular::::tools/tsconfig.json::::compilerOptions::::lib::::lib/es6::::es6,modules/@angular/router/tsconfig.json,angular::::modules/@angular/router/tsconfig.json::::compilerOptions::::lib::::lib/es6(location: 20),git show f491f2f9586b4f402982390430a1b1d2a5f7bc12 -- modules/@angular/router/tsconfig.json
729e38af1944f582203270242646607eeb82a6bc,6e923cbf84114f29d0f2b44c08f4d1a09f884dbd,cb64ca1f72e8b74b93aa68e8d8881d4e,MissingOptionConflict,ConfigType.VERSION_NUMBER<->ConfigType.VERSION_NUMBER,angular::::modules/angular2/package.json::::devDependencies::::through2::::through2:^0.6.1 <-> angular::::package.json::::devDependencies::::through2::::through2:^0.6.1,modules/angular2/package.json,angular::::modules/angular2/package.json::::devDependencies::::through2(location: 28),git show 729e38af1944f582203270242646607eeb82a6bc -- modules/angular2/package.json
11e0c0b3ec323c5d07e82cbba33245db06bdd07e,a1a70b3c029e4672161a1472103fffe429b10b15,14ef6a72fb1c929a5378eeae55c0bd08,MissingOptionConflict,ConfigType.UNKNOWN<->ConfigType.UNKNOWN,angular::::modules/tsconfig.json::::compilerOptions::::lib::::lib/es5::::es5 <-> angular::::tools/typings-test/tsconfig.json::::compilerOptions::::target::::es5,modules/tsconfig.json,angular::::modules/tsconfig.json::::compilerOptions::::lib::::lib/es5(location: 21),git show 11e0c0b3ec323c5d07e82cbba33245db06bdd07e -- modules/tsconfig.json
ecdff62a2605d36d560cb07bc942bb8bbcdc9aed,c5418abf1dfc3a3e9ccc32cae28faaa90d119305,78a3bb0211d2026013cb111a5c5430c6,ModifiedOptionConflict,ConfigType.VERSION_NUMBER<->ConfigType.VERSION_NUMBER,angular::::aio/package.json::::dependencies::::rxjs::::rxjs:^5.0.1 <-> angular::::modules/@angular/http/package.json::::peerDependencies::::rxjs::::rxjs:^5.0.1,aio/package.json,angular::::aio/package.json::::dependencies::::rxjs(location: 33),git show ecdff62a2605d36d560cb07bc942bb8bbcdc9aed -- aio/package.json
1e638df7df32d66682d2383a427d8269229d23e0,d1761954c058a96003c50274c6560523ba7a12a4,6b609623fb2de2dfdb7343a51ed2e7d0,MissingArtifactConflict,ConfigType.UNKNOWN<->ConfigType.UNKNOWN,angular::::modules/@angular/common/package.json::::jsnext:main::::esm/index.js <-> angular::::modules/@angular/router/package.json::::jsnext:main::::esm/index.js,,,
9852878b9382ae01e920c268696f1d475dd6bfda,78c7557c533cbf55a84a8ad86ba346e1d2498d44,5110abd89cfccaf59154163083fc9e2a,MissingOptionConflict,ConfigType.VERSION_NUMBER<->ConfigType.VERSION_NUMBER,angular::::modules/@angular/router/package.json::::peerDependencies::::@angular/platform-browser-dynamic::::@angular/platform-browser-dynamic:0.0.0-PLACEHOLDER <-> angular::::modules/@angular/upgrade/package.json::::peerDependencies::::@angular/platform-browser-dynamic::::@angular/platform-browser-dynamic:0.0.0-PLACEHOLDER,modules/@angular/router/package.json,angular::::modules/@angular/router/package.json::::peerDependencies::::@angular/platform-browser-dynamic(location: 28),git show 9852878b9382ae01e920c268696f1d475dd6bfda -- modules/@angular/router/package.json
5e04b720327603d873f8b41e5a507f69507a517d,743dbb2f9996c7020c6a10cda6f14b26cd61c455,b599955cb748dc45455ad373c009e194,MissingArtifactConflict,ConfigType.UNKNOWN<->ConfigType.UNKNOWN,angular::::angular.io/e2e/tsconfig.json::::compilerOptions::::target::::es5 <-> angular::::integration/typings_test_ts20/tsconfig.json::::compilerOptions::::lib::::lib/es5::::es5,,,
fb8797671d763dc54a846b0e415e436935ca394d,408ffa2c7db1df714bcfacfafedfd1c7cc362314,e300095302725f0b4f7dffd5a04ab359,MissingArtifactConflict,ConfigType.UNKNOWN<->ConfigType.UNKNOWN,angular::::tools/tsconfig.json::::compilerOptions::::module::::commonjs <-> angular::::tsconfig.json::::compilerOptions::::module::::commonjs,,,
f491f2f9586b4f402982390430a1b1d2a5f7bc12,57874ae0eedb7c461a88349ab648292d4d6f83ed,8919905767aaaf6e74fc76384228055c,MissingOptionConflict,ConfigType.VERSION_NUMBER<->ConfigType.VERSION_NUMBER,angular::::modules/@angular/forms/package.json::::peerDependencies::::@angular/compiler::::@angular/compiler:0.0.0-PLACEHOLDER <-> angular::::modules/@angular/platform-server/package.json::::peerDependencies::::@angular/compiler::::@angular/compiler:0.0.0-PLACEHOLDER,modules/@angular/forms/package.json,angular::::modules/@angular/forms/package.json::::peerDependencies::::@angular/compiler(location: 13),git show f491f2f9586b4f402982390430a1b1d2a5f7bc12 -- modules/@angular/forms/package.json
f491f2f9586b4f402982390430a1b1d2a5f7bc12,57874ae0eedb7c461a88349ab648292d4d6f83ed,3802e69c38a5e2d592ebfc5dd9aca83c,ModifiedOptionConflict,ConfigType.PATH<->ConfigType.PATH,angular::::modules/@angular/platform-browser-dynamic/package.json::::main::::index.js <-> angular::::modules/rollup-test/package.json::::main::::index.js,modules/@angular/platform-browser-dynamic/package.json,angular::::modules/@angular/platform-browser-dynamic/package.json::::main(location: 5),git show f491f2f9586b4f402982390430a1b1d2a5f7bc12 -- modules/@angular/platform-browser-dynamic/package.json
d487786f451195c618bed321048955b67a1f5023,b199c63f7b1730399d31f6b975d894b27c10a45d,30e13fa52279da01de0246b20a6b9ddc,MissingArtifactConflict,ConfigType.UNKNOWN<->ConfigType.UNKNOWN,angular::::modules/@angular/core/test/tsconfig.json::::compilerOptions::::sourceRoot::::. <-> angular::::modules/@angular/http/tsconfig.json::::compilerOptions::::sourceRoot::::.,,,
1fe5740f8ffb286b7097143f8f6025bce03f8508,ee6bbc6bddecaeefd453b8616d96fa3905571e7e,aac37e0d4ae718e54b82396cd22c8faa,ModifiedOptionConflict,ConfigType.VERSION_NUMBER<->ConfigType.VERSION_NUMBER,angular::::modules/angular2/src/router/package.json::::version::::version:0.0.1 <-> angular::::modules/benchpress/src/firefox_extension/package.json::::version::::version:0.0.1,modules/angular2/src/router/package.json,angular::::modules/angular2/src/router/package.json::::version(location: 3),git show 1fe5740f8ffb286b7097143f8f6025bce03f8508 -- modules/angular2/src/router/package.json
