occurred_at,prev_commit,conflict_id,conflict_type,config_types,link,changed_artifact,changed_option,cmd
3eb2a81fdfe7133d12817bc2b40c55c2bb2fea0b,93ee922f938d7882ff38ca187f0b89ec0eba53fe,a1f1b70e6f1a6d48827a2f2f733c6b94,ModifiedOptionConflict,ConfigType.VERSION_NUMBER<->ConfigType.VERSION_NUMBER,puppeteer::::experimental/puppeteer-firefox/package.json::::dependencies::::mime::::mime:^2.0.3 <-> puppeteer::::package.json::::devDependencies::::mime::::mime:^2.0.3,package.json,puppeteer::::package.json::::devDependencies::::mime(location: 101),git show 3eb2a81fdfe7133d12817bc2b40c55c2bb2fea0b -- package.json
665af427f97e901056940cd791f8a9fdb1ddfcc3,2bb6366cfa601b2a36cdfffa3e006324ebdf9235,16723b8a3630ef1dd1d270092dd6d48c,MissingArtifactConflict,ConfigType.UNKNOWN<->ConfigType.UNKNOWN,puppeteer::::package.json::::type::::commonjs <-> puppeteer::::test-ts-types/ts-cjs-import-cjs-output/tsconfig.json::::compilerOptions::::module::::commonjs,,,
8450f8e917bb36adbaaf65a2635e279d90304df5,46322c4c411509b23bdd2a84e55d5461968aaad0,6be9dcd38acfd97c574590d5098cb581,MissingOptionConflict,ConfigType.VERSION_NUMBER<->ConfigType.VERSION_NUMBER,puppeteer::::experimental/puppeteer-firefox/package.json::::devDependencies::::@types/node::::@types/node:^8.10.34 <-> puppeteer::::package.json::::devDependencies::::@types/node::::@types/node:^8.10.34,experimental/puppeteer-firefox/package.json,puppeteer::::experimental/puppeteer-firefox/package.json::::devDependencies::::@types/node(location: 39),git show 8450f8e917bb36adbaaf65a2635e279d90304df5 -- experimental/puppeteer-firefox/package.json
3eb2a81fdfe7133d12817bc2b40c55c2bb2fea0b,93ee922f938d7882ff38ca187f0b89ec0eba53fe,1cf9b2bf915124e44b662800d50dced9,ModifiedOptionConflict,ConfigType.VERSION_NUMBER<->ConfigType.VERSION_NUMBER,puppeteer::::package.json::::devDependencies::::@types/sinon::::@types/sinon:^9.0.4 <-> puppeteer::::vendor/mitt/package.json::::devDependencies::::@types/sinon::::@types/sinon:^9.0.4,package.json,puppeteer::::package.json::::devDependencies::::@types/sinon(location: 83),git show 3eb2a81fdfe7133d12817bc2b40c55c2bb2fea0b -- package.json
99e1c9e4a5950ad9e37710c28a599fdf24401063,287d5d63aa81dcfcf2105ff117989cc530484f79,42cd29c1ab053ceeda0997d88208ebfe,MissingOptionConflict,ConfigType.VERSION_NUMBER<->ConfigType.VERSION_NUMBER,puppeteer::::experimental/puppeteer-firefox/package.json::::dependencies::::mime::::mime:^2.0.3 <-> puppeteer::::package.json::::dependencies::::mime::::mime:^2.0.3,package.json,puppeteer::::package.json::::dependencies::::mime(location: 52),git show 99e1c9e4a5950ad9e37710c28a599fdf24401063 -- package.json
3eb2a81fdfe7133d12817bc2b40c55c2bb2fea0b,93ee922f938d7882ff38ca187f0b89ec0eba53fe,1d1bd8513a90dc81ec3628cc5d363670,ModifiedOptionConflict,ConfigType.VERSION_NUMBER<->ConfigType.VERSION_NUMBER,puppeteer::::package.json::::devDependencies::::sinon::::sinon:^9.0.2 <-> puppeteer::::vendor/mitt/package.json::::devDependencies::::sinon::::sinon:^9.0.2,package.json,puppeteer::::package.json::::devDependencies::::sinon(location: 108),git show 3eb2a81fdfe7133d12817bc2b40c55c2bb2fea0b -- package.json
2a1e67815e566773c3f947121f1e98525c4b9717,dc18de5a3b4fc80b958a7477d8b840fb4d4b107e,c3173b131a346a8953fa5b34c6b8238b,ModifiedOptionConflict,ConfigType.VERSION_NUMBER<->ConfigType.VERSION_NUMBER,puppeteer::::package.json::::devDependencies::::typescript::::typescript:4.2.4 <-> puppeteer::::test-ts-types/js-esm-import-esm-output/package.json::::devDependencies::::typescript::::typescript:4.2.4,package.json,puppeteer::::package.json::::devDependencies::::typescript(location: 115),git show 2a1e67815e566773c3f947121f1e98525c4b9717 -- package.json
3eb2a81fdfe7133d12817bc2b40c55c2bb2fea0b,93ee922f938d7882ff38ca187f0b89ec0eba53fe,f67dd63178a2fd9455917a545bdf5e28,ModifiedOptionConflict,ConfigType.VERSION_NUMBER<->ConfigType.VERSION_NUMBER,puppeteer::::experimental/puppeteer-firefox/package.json::::dependencies::::progress::::progress:^2.0.1 <-> puppeteer::::package.json::::dependencies::::progress::::progress:^2.0.1,package.json,puppeteer::::package.json::::dependencies::::progress(location: 65),git show 3eb2a81fdfe7133d12817bc2b40c55c2bb2fea0b -- package.json
3eb2a81fdfe7133d12817bc2b40c55c2bb2fea0b,93ee922f938d7882ff38ca187f0b89ec0eba53fe,98b5983bdb293f5122ef714f17691fdd,ModifiedOptionConflict,ConfigType.VERSION_NUMBER<->ConfigType.VERSION_NUMBER,puppeteer::::package.json::::dependencies::::rimraf::::rimraf:^3.0.2 <-> puppeteer::::vendor/mitt/package.json::::devDependencies::::rimraf::::rimraf:^3.0.2,package.json,puppeteer::::package.json::::dependencies::::rimraf(location: 67),git show 3eb2a81fdfe7133d12817bc2b40c55c2bb2fea0b -- package.json
96e209a8f508cda9256169e3c97bdae9ded6de5f,54af747fb109f70a6d4ad1018aa447a6ef1c1f28,4fab027532d9f4595303df5533876eb0,ModifiedOptionConflict,ConfigType.UNKNOWN<->ConfigType.UNKNOWN,puppeteer::::experimental/puppeteer-firefox/tsconfig.json::::compilerOptions::::target::::es2017 <-> puppeteer::::tsconfig.json::::compilerOptions::::target::::es2017,tsconfig.json,puppeteer::::tsconfig.json::::compilerOptions::::target(location: 6),git show 96e209a8f508cda9256169e3c97bdae9ded6de5f -- tsconfig.json
759125cf7217afa73481023594081350b77c3650,d0664d226475a057f4ea87f61878a97fe241ef5e,501e9e079393bda22ee04d4a31d9476a,ModifiedOptionConflict,ConfigType.COMMAND<->ConfigType.COMMAND,"puppeteer::::utils/testrunner/package.json::::scripts::::test::::echo ""Error: no test specified"" && exit 1 <-> puppeteer::::utils/testserver/package.json::::scripts::::test::::echo ""Error: no test specified"" && exit 1",utils/testrunner/package.json,puppeteer::::utils/testrunner/package.json::::scripts::::test(location: 10),git show 759125cf7217afa73481023594081350b77c3650 -- utils/testrunner/package.json
8450f8e917bb36adbaaf65a2635e279d90304df5,46322c4c411509b23bdd2a84e55d5461968aaad0,79ab0743fdd861a7a0d8d7cbf5f78ab5,MissingOptionConflict,ConfigType.VERSION_NUMBER<->ConfigType.VERSION_NUMBER,puppeteer::::experimental/puppeteer-firefox/package.json::::devDependencies::::@types/ws::::@types/ws:^6.0.1 <-> puppeteer::::package.json::::devDependencies::::@types/ws::::@types/ws:^6.0.1,experimental/puppeteer-firefox/package.json,puppeteer::::experimental/puppeteer-firefox/package.json::::devDependencies::::@types/ws(location: 41),git show 8450f8e917bb36adbaaf65a2635e279d90304df5 -- experimental/puppeteer-firefox/package.json
8450f8e917bb36adbaaf65a2635e279d90304df5,46322c4c411509b23bdd2a84e55d5461968aaad0,3942b5e6716cf8a740e58fbea551ddc9,MissingOptionConflict,ConfigType.VERSION_NUMBER<->ConfigType.VERSION_NUMBER,puppeteer::::experimental/puppeteer-firefox/package.json::::devDependencies::::text-diff::::text-diff:^1.0.1 <-> puppeteer::::package.json::::devDependencies::::text-diff::::text-diff:^1.0.1,experimental/puppeteer-firefox/package.json,puppeteer::::experimental/puppeteer-firefox/package.json::::devDependencies::::text-diff(location: 51),git show 8450f8e917bb36adbaaf65a2635e279d90304df5 -- experimental/puppeteer-firefox/package.json
8450f8e917bb36adbaaf65a2635e279d90304df5,46322c4c411509b23bdd2a84e55d5461968aaad0,eb533b98644b92736a21072dd139c33b,MissingOptionConflict,ConfigType.VERSION_NUMBER<->ConfigType.VERSION_NUMBER,puppeteer::::experimental/puppeteer-firefox/package.json::::devDependencies::::@types/debug::::@types/debug:0.0.31 <-> puppeteer::::package.json::::devDependencies::::@types/debug::::@types/debug:0.0.31,experimental/puppeteer-firefox/package.json,puppeteer::::experimental/puppeteer-firefox/package.json::::devDependencies::::@types/debug(location: 36),git show 8450f8e917bb36adbaaf65a2635e279d90304df5 -- experimental/puppeteer-firefox/package.json
b788db6120b7badf51fa2dcf235db647e63a7541,4c34f76d86ad6e2c69e95731621cb5fd77fc6646,5e5aad83b32d8560ebb69d29d68f5373,ModifiedOptionConflict,ConfigType.VERSION_NUMBER<->ConfigType.VERSION_NUMBER,puppeteer::::package.json::::devDependencies::::ts-node::::ts-node:^8.10.2 <-> puppeteer::::vendor/mitt/package.json::::devDependencies::::ts-node::::ts-node:^8.10.2,package.json,puppeteer::::package.json::::devDependencies::::ts-node(location: 100),git show b788db6120b7badf51fa2dcf235db647e63a7541 -- package.json
3fa85796b7b4cf6973d0b34c75e3441d1e7f18b7,25e4e6d951e5716e052944a440ecea425b8ca46a,edf68fd915730dfc1dd7d320c1955a78,ModifiedOptionConflict,ConfigType.VERSION_NUMBER<->ConfigType.VERSION_NUMBER,puppeteer::::experimental/puppeteer-firefox/package.json::::dependencies::::proxy-from-env::::proxy-from-env:^1.0.0 <-> puppeteer::::package.json::::dependencies::::proxy-from-env::::proxy-from-env:^1.0.0,package.json,puppeteer::::package.json::::dependencies::::proxy-from-env(location: 57),git show 3fa85796b7b4cf6973d0b34c75e3441d1e7f18b7 -- package.json
7c892e917a65986346e793b732288ce90f594756,fb792caf53c4f565a79c2a73a87e0709258d7735,18e9ff60004214ff02cc843f03bb1b10,ModifiedOptionConflict,ConfigType.PATH<->ConfigType.PATH,puppeteer::::compat/cjs/tsconfig.json::::extends::::../../tsconfig.base.json <-> puppeteer::::compat/esm/tsconfig.json::::extends::::../../tsconfig.base.json,compat/esm/tsconfig.json,puppeteer::::compat/esm/tsconfig.json::::extends(location: 2),git show 7c892e917a65986346e793b732288ce90f594756 -- compat/esm/tsconfig.json
58a2652cc6967ee9047d38d209b702006c33da98,2b2c4939a2502c3cf3e027d77a787bb2c399e4fe,27e0b3bf0c8980532432ec90664d47f3,MissingOptionConflict,ConfigType.PATH<->ConfigType.PATH,puppeteer::::experimental/puppeteer-firefox/tsconfig.json::::include::::include/lib::::lib <-> puppeteer::::tsconfig.json::::include::::include/lib::::lib,tsconfig.json,puppeteer::::tsconfig.json::::include::::include/lib(location: 8),git show 58a2652cc6967ee9047d38d209b702006c33da98 -- tsconfig.json
ebd31912ae3b9bb2d0d79834c532d7c8d07f5e4e,6b907af125c79bc38a813316a4e031db77936804,bae75d129ec40587609adfc22463d32d,ModifiedOptionConflict,ConfigType.VERSION_NUMBER<->ConfigType.VERSION_NUMBER,puppeteer::::experimental/puppeteer-firefox/package.json::::dependencies::::extract-zip::::extract-zip:^1.6.6 <-> puppeteer::::package.json::::dependencies::::extract-zip::::extract-zip:^1.6.6,package.json,puppeteer::::package.json::::dependencies::::extract-zip(location: 38),git show ebd31912ae3b9bb2d0d79834c532d7c8d07f5e4e -- package.json
f2dfab779bf5ca52b3467799ee3f31e19519dffa,0f2d87443d4b6961c53823523c1daaaa976be5d9,48f8d4f93f84ab225af76e9e58f4d4f5,MissingOptionConflict,ConfigType.UNKNOWN<->ConfigType.UNKNOWN,puppeteer::::package.json::::type::::commonjs <-> puppeteer::::test-ts-types/js-esm-import-cjs-output/tsconfig.json::::compilerOptions::::module::::commonjs,package.json,puppeteer::::package.json::::type(location: 5),git show f2dfab779bf5ca52b3467799ee3f31e19519dffa -- package.json
8450f8e917bb36adbaaf65a2635e279d90304df5,46322c4c411509b23bdd2a84e55d5461968aaad0,660ae02afec83af70f5d2cfac22e5055,MissingOptionConflict,ConfigType.VERSION_NUMBER<->ConfigType.VERSION_NUMBER,puppeteer::::experimental/puppeteer-firefox/package.json::::devDependencies::::commonmark::::commonmark:^0.28.1 <-> puppeteer::::package.json::::devDependencies::::commonmark::::commonmark:^0.28.1,experimental/puppeteer-firefox/package.json,puppeteer::::experimental/puppeteer-firefox/package.json::::devDependencies::::commonmark(location: 42),git show 8450f8e917bb36adbaaf65a2635e279d90304df5 -- experimental/puppeteer-firefox/package.json
7c892e917a65986346e793b732288ce90f594756,fb792caf53c4f565a79c2a73a87e0709258d7735,335b590da7c8796792764bc818751bdf,MissingOptionConflict,ConfigType.UNKNOWN<->ConfigType.UNKNOWN,puppeteer::::compat/cjs/tsconfig.json::::compilerOptions::::module::::CommonJS <-> puppeteer::::scripts/tsconfig.json::::compilerOptions::::module::::CommonJS,compat/cjs/tsconfig.json,puppeteer::::compat/cjs/tsconfig.json::::compilerOptions::::module(location: 6),git show 7c892e917a65986346e793b732288ce90f594756 -- compat/cjs/tsconfig.json
8450f8e917bb36adbaaf65a2635e279d90304df5,46322c4c411509b23bdd2a84e55d5461968aaad0,03f694899c6f17ab177c5a27a936c451,MissingOptionConflict,ConfigType.VERSION_NUMBER<->ConfigType.VERSION_NUMBER,puppeteer::::experimental/puppeteer-firefox/package.json::::devDependencies::::pixelmatch::::pixelmatch:^4.0.2 <-> puppeteer::::package.json::::devDependencies::::pixelmatch::::pixelmatch:^4.0.2,experimental/puppeteer-firefox/package.json,puppeteer::::experimental/puppeteer-firefox/package.json::::devDependencies::::pixelmatch(location: 49),git show 8450f8e917bb36adbaaf65a2635e279d90304df5 -- experimental/puppeteer-firefox/package.json
8420b42ff6a3185ac5117e21832f907d65944beb,b7b1053dcef6b4acfe4bff4be6607ce878be1898,ba9021645a98e63cbcdf83b4a340191a,ModifiedOptionConflict,ConfigType.VERSION_NUMBER<->ConfigType.VERSION_NUMBER,puppeteer::::experimental/puppeteer-firefox/package.json::::dependencies::::rimraf::::rimraf:^2.6.1 <-> puppeteer::::package.json::::dependencies::::rimraf::::rimraf:^2.6.1,package.json,puppeteer::::package.json::::dependencies::::rimraf(location: 41),git show 8420b42ff6a3185ac5117e21832f907d65944beb -- package.json
665af427f97e901056940cd791f8a9fdb1ddfcc3,2bb6366cfa601b2a36cdfffa3e006324ebdf9235,5241331f31eb5c71f5b5b160489b3c8a,MissingArtifactConflict,ConfigType.PATH<->ConfigType.PATH,puppeteer::::test-ts-types/js-cjs-import-esm-output/tsconfig.json::::compilerOptions::::outDir::::dist <-> puppeteer::::vendor/mitt/package.json::::files::::files/dist::::dist,,,
d31f15888ee4c45eb57fdfcd3e26b33f70c4cb5f,ffe89981d9ea03781d979b0766e0a093d6e06a9c,27e73d91730d57d80522251806c5b969,MissingOptionConflict,ConfigType.UNKNOWN<->ConfigType.UNKNOWN,puppeteer::::test-ts-types/js-cjs-import-esm-output/tsconfig.json::::compilerOptions::::module::::esnext <-> puppeteer::::test/tsconfig.json::::compilerOptions::::target::::esnext,test/tsconfig.json,puppeteer::::test/tsconfig.json::::compilerOptions::::target(location: 6),git show d31f15888ee4c45eb57fdfcd3e26b33f70c4cb5f -- test/tsconfig.json
8450f8e917bb36adbaaf65a2635e279d90304df5,46322c4c411509b23bdd2a84e55d5461968aaad0,4d3823fd3ac3665dd43e5b729f26e137,MissingOptionConflict,ConfigType.VERSION_NUMBER<->ConfigType.VERSION_NUMBER,puppeteer::::experimental/puppeteer-firefox/package.json::::devDependencies::::@types/mime::::@types/mime:^2.0.0 <-> puppeteer::::package.json::::devDependencies::::@types/mime::::@types/mime:^2.0.0,experimental/puppeteer-firefox/package.json,puppeteer::::experimental/puppeteer-firefox/package.json::::devDependencies::::@types/mime(location: 38),git show 8450f8e917bb36adbaaf65a2635e279d90304df5 -- experimental/puppeteer-firefox/package.json
ca4367f2cf51b909719b62c662418b8b59c58d96,5587196dc0b633da6a41d855946b5f399cdb4b28,d6f246c48faefb87f56353453e7d3044,ModifiedOptionConflict,ConfigType.COMMAND<->ConfigType.COMMAND,puppeteer::::experimental/puppeteer-firefox/package.json::::scripts::::tsc::::tsc -p . <-> puppeteer::::package.json::::scripts::::tsc-cjs::::tsc -p .,package.json,puppeteer::::package.json::::scripts::::tsc-cjs(location: 27),git show ca4367f2cf51b909719b62c662418b8b59c58d96 -- package.json
7c892e917a65986346e793b732288ce90f594756,fb792caf53c4f565a79c2a73a87e0709258d7735,4939ae5c2d7526202df5fe080d95e626,MissingOptionConflict,ConfigType.UNKNOWN<->ConfigType.UNKNOWN,puppeteer::::compat/esm/tsconfig.json::::compilerOptions::::module::::esnext <-> puppeteer::::test-ts-types/js-esm-import-esm-output/tsconfig.json::::compilerOptions::::module::::esnext,compat/esm/tsconfig.json,puppeteer::::compat/esm/tsconfig.json::::compilerOptions::::module(location: 6),git show 7c892e917a65986346e793b732288ce90f594756 -- compat/esm/tsconfig.json
8450f8e917bb36adbaaf65a2635e279d90304df5,46322c4c411509b23bdd2a84e55d5461968aaad0,0b4b022a22a6bffbc09f4f3a3fd3865f,MissingOptionConflict,ConfigType.VERSION_NUMBER<->ConfigType.VERSION_NUMBER,puppeteer::::experimental/puppeteer-firefox/package.json::::devDependencies::::@types/extract-zip::::@types/extract-zip:^1.6.2 <-> puppeteer::::package.json::::devDependencies::::@types/extract-zip::::@types/extract-zip:^1.6.2,experimental/puppeteer-firefox/package.json,puppeteer::::experimental/puppeteer-firefox/package.json::::devDependencies::::@types/extract-zip(location: 37),git show 8450f8e917bb36adbaaf65a2635e279d90304df5 -- experimental/puppeteer-firefox/package.json
8450f8e917bb36adbaaf65a2635e279d90304df5,46322c4c411509b23bdd2a84e55d5461968aaad0,60669cd2eff4362adf72c14bbc93cdd4,MissingOptionConflict,ConfigType.VERSION_NUMBER<->ConfigType.VERSION_NUMBER,puppeteer::::experimental/puppeteer-firefox/package.json::::devDependencies::::cross-env::::cross-env:^5.0.5 <-> puppeteer::::package.json::::devDependencies::::cross-env::::cross-env:^5.0.5,experimental/puppeteer-firefox/package.json,puppeteer::::experimental/puppeteer-firefox/package.json::::devDependencies::::cross-env(location: 43),git show 8450f8e917bb36adbaaf65a2635e279d90304df5 -- experimental/puppeteer-firefox/package.json
665af427f97e901056940cd791f8a9fdb1ddfcc3,2bb6366cfa601b2a36cdfffa3e006324ebdf9235,ec3d630910c1682d068eecf2433c0020,MissingArtifactConflict,ConfigType.UNKNOWN<->ConfigType.UNKNOWN,puppeteer::::package.json::::type::::commonjs <-> puppeteer::::test-ts-types/js-cjs-import-cjs-output/tsconfig.json::::compilerOptions::::module::::commonjs,,,
8fb3994b80f9cf9496294957617543718eb9ecdb,8420b42ff6a3185ac5117e21832f907d65944beb,22654e7e993c612e1d1a971f2119c0cd,ModifiedOptionConflict,ConfigType.COMMAND<->ConfigType.COMMAND,puppeteer::::experimental/puppeteer-firefox/package.json::::scripts::::tsc::::tsc -p . <-> puppeteer::::package.json::::scripts::::tsc::::tsc -p .,package.json,puppeteer::::package.json::::scripts::::tsc(location: 24),git show 8fb3994b80f9cf9496294957617543718eb9ecdb -- package.json
8450f8e917bb36adbaaf65a2635e279d90304df5,46322c4c411509b23bdd2a84e55d5461968aaad0,8c45e33fb63983253eeb11a1317ca37e,MissingOptionConflict,ConfigType.VERSION_NUMBER<->ConfigType.VERSION_NUMBER,puppeteer::::experimental/puppeteer-firefox/package.json::::devDependencies::::@types/rimraf::::@types/rimraf:^2.0.2 <-> puppeteer::::package.json::::devDependencies::::@types/rimraf::::@types/rimraf:^2.0.2,experimental/puppeteer-firefox/package.json,puppeteer::::experimental/puppeteer-firefox/package.json::::devDependencies::::@types/rimraf(location: 40),git show 8450f8e917bb36adbaaf65a2635e279d90304df5 -- experimental/puppeteer-firefox/package.json
5e59f9d1ee343078bcc6ed077df721a90923bd23,500e69a18a5ef0af9be041c90e31d9153a2b6b3d,029ae0342204ce666608bdcb8f07a199,ModifiedOptionConflict,ConfigType.VERSION_NUMBER<->ConfigType.VERSION_NUMBER,puppeteer::::experimental/puppeteer-firefox/package.json::::dependencies::::https-proxy-agent::::https-proxy-agent:^2.2.1 <-> puppeteer::::package.json::::dependencies::::https-proxy-agent::::https-proxy-agent:^2.2.1,package.json,puppeteer::::package.json::::dependencies::::https-proxy-agent(location: 38),git show 5e59f9d1ee343078bcc6ed077df721a90923bd23 -- package.json
8450f8e917bb36adbaaf65a2635e279d90304df5,46322c4c411509b23bdd2a84e55d5461968aaad0,613708cdf160f31d18ac7e20a883744d,MissingOptionConflict,ConfigType.VERSION_NUMBER<->ConfigType.VERSION_NUMBER,puppeteer::::experimental/puppeteer-firefox/package.json::::devDependencies::::minimist::::minimist:^1.2.0 <-> puppeteer::::package.json::::devDependencies::::minimist::::minimist:^1.2.0,experimental/puppeteer-firefox/package.json,puppeteer::::experimental/puppeteer-firefox/package.json::::devDependencies::::minimist(location: 47),git show 8450f8e917bb36adbaaf65a2635e279d90304df5 -- experimental/puppeteer-firefox/package.json
665af427f97e901056940cd791f8a9fdb1ddfcc3,2bb6366cfa601b2a36cdfffa3e006324ebdf9235,db53be8d4f8ac786f0dbb72f36fc64e1,MissingArtifactConflict,ConfigType.PATH<->ConfigType.PATH,puppeteer::::test-ts-types/ts-esm-import-cjs-output/tsconfig.json::::compilerOptions::::outDir::::dist <-> puppeteer::::vendor/mitt/package.json::::files::::files/dist::::dist,,,
665af427f97e901056940cd791f8a9fdb1ddfcc3,2bb6366cfa601b2a36cdfffa3e006324ebdf9235,c6f2f94ab2614ed565cc119ac7918ef4,MissingArtifactConflict,ConfigType.PATH<->ConfigType.PATH,puppeteer::::test-ts-types/js-esm-import-cjs-output/tsconfig.json::::compilerOptions::::outDir::::dist <-> puppeteer::::vendor/mitt/package.json::::files::::files/dist::::dist,,,
96254d3099986ccaf084ee8149e86dceff2efa89,0a01cd5ff47a980d28f6a12013d3a7e9bbe9b90a,270b1b257066141e6f7ecf4bab6dc2d5,MissingOptionConflict,ConfigType.PATH<->ConfigType.PATH,puppeteer::::package.json::::files::::files/index.js::::index.js <-> puppeteer::::utils/testserver/package.json::::main::::index.js,package.json,puppeteer::::package.json::::files::::files/index.js(location: 42),git show 96254d3099986ccaf084ee8149e86dceff2efa89 -- package.json
8450f8e917bb36adbaaf65a2635e279d90304df5,46322c4c411509b23bdd2a84e55d5461968aaad0,f4b16ee43dbc4061bb4d8f97fcd9e70a,MissingOptionConflict,ConfigType.VERSION_NUMBER<->ConfigType.VERSION_NUMBER,puppeteer::::experimental/puppeteer-firefox/package.json::::devDependencies::::jpeg-js::::jpeg-js:^0.3.4 <-> puppeteer::::package.json::::devDependencies::::jpeg-js::::jpeg-js:^0.3.4,experimental/puppeteer-firefox/package.json,puppeteer::::experimental/puppeteer-firefox/package.json::::devDependencies::::jpeg-js(location: 46),git show 8450f8e917bb36adbaaf65a2635e279d90304df5 -- experimental/puppeteer-firefox/package.json
d1b837d6a7b389b30bc7026e4c8954100fef0ba4,83a00bc073d203ff61b130003872bf289d45f829,2c7a4dfb1d744ebcd2ab533d5e30e465,ModifiedOptionConflict,ConfigType.PATH<->ConfigType.PATH,puppeteer::::package.json::::main::::index.js <-> puppeteer::::utils/testserver/package.json::::main::::index.js,package.json,puppeteer::::package.json::::main(location: 5),git show d1b837d6a7b389b30bc7026e4c8954100fef0ba4 -- package.json
8450f8e917bb36adbaaf65a2635e279d90304df5,46322c4c411509b23bdd2a84e55d5461968aaad0,40286b55e561cc4fe7b4555cc608d649,MissingOptionConflict,ConfigType.VERSION_NUMBER<->ConfigType.VERSION_NUMBER,puppeteer::::experimental/puppeteer-firefox/package.json::::devDependencies::::esprima::::esprima:^4.0.0 <-> puppeteer::::package.json::::devDependencies::::esprima::::esprima:^4.0.0,experimental/puppeteer-firefox/package.json,puppeteer::::experimental/puppeteer-firefox/package.json::::devDependencies::::esprima(location: 45),git show 8450f8e917bb36adbaaf65a2635e279d90304df5 -- experimental/puppeteer-firefox/package.json
665af427f97e901056940cd791f8a9fdb1ddfcc3,2bb6366cfa601b2a36cdfffa3e006324ebdf9235,4859753208a0334143b23c91d771f43d,MissingArtifactConflict,ConfigType.UNKNOWN<->ConfigType.UNKNOWN,puppeteer::::compat/esm/tsconfig.json::::compilerOptions::::module::::esnext <-> puppeteer::::test-ts-types/ts-esm-import-esm-output/tsconfig.json::::compilerOptions::::module::::esnext,,,
b788db6120b7badf51fa2dcf235db647e63a7541,4c34f76d86ad6e2c69e95731621cb5fd77fc6646,c6d048a29586f7f0b435ef8723093426,ModifiedOptionConflict,ConfigType.VERSION_NUMBER<->ConfigType.VERSION_NUMBER,puppeteer::::package.json::::devDependencies::::mocha::::mocha:^8.0.1 <-> puppeteer::::vendor/mitt/package.json::::devDependencies::::mocha::::mocha:^8.0.1,package.json,puppeteer::::package.json::::devDependencies::::mocha(location: 93),git show b788db6120b7badf51fa2dcf235db647e63a7541 -- package.json
e98ce5cb1c3bdd4c33280ae21cec29c9a25bfc06,c09984333c9d6d64f6989ae90ce5450a5cf0c39c,890fea83e8c85f9509387aafa81ca397,ModifiedOptionConflict,ConfigType.PATH<->ConfigType.PATH,puppeteer::::scripts/tsconfig.json::::extends::::../tsconfig.json <-> puppeteer::::test/tsconfig.json::::extends::::../tsconfig.json,test/tsconfig.json,puppeteer::::test/tsconfig.json::::extends(location: 2),git show e98ce5cb1c3bdd4c33280ae21cec29c9a25bfc06 -- test/tsconfig.json
665af427f97e901056940cd791f8a9fdb1ddfcc3,2bb6366cfa601b2a36cdfffa3e006324ebdf9235,279a3196ffb8219e0236d7838a6c52e9,MissingArtifactConflict,ConfigType.PATH<->ConfigType.PATH,puppeteer::::test-ts-types/js-esm-import-esm-output/tsconfig.json::::compilerOptions::::outDir::::dist <-> puppeteer::::vendor/mitt/package.json::::files::::files/dist::::dist,,,
8450f8e917bb36adbaaf65a2635e279d90304df5,46322c4c411509b23bdd2a84e55d5461968aaad0,5c44ce45b6a66374aba0325517d7cba7,MissingOptionConflict,ConfigType.VERSION_NUMBER<->ConfigType.VERSION_NUMBER,puppeteer::::experimental/puppeteer-firefox/package.json::::devDependencies::::eslint::::eslint:^5.9.0 <-> puppeteer::::package.json::::devDependencies::::eslint::::eslint:^5.9.0,experimental/puppeteer-firefox/package.json,puppeteer::::experimental/puppeteer-firefox/package.json::::devDependencies::::eslint(location: 44),git show 8450f8e917bb36adbaaf65a2635e279d90304df5 -- experimental/puppeteer-firefox/package.json
6b907af125c79bc38a813316a4e031db77936804,387a2dc7392e24f9d1aa345a62901595a367af86,3b72e004c294afef2287897b314ad9e3,MissingArtifactConflict,ConfigType.LICENSE<->ConfigType.LICENSE,puppeteer::::experimental/puppeteer-firefox/package.json::::license::::Apache-2.0 <-> puppeteer::::utils/testrunner/package.json::::license::::Apache-2.0,,,
6709351b036191e1beac5b16038aeccf2ec3609e,ab52f529c139c220f9f38a84341f691478ef15ab,73edb0f3832d3c449c03f5773dedb2aa,ModifiedOptionConflict,ConfigType.VERSION_NUMBER<->ConfigType.VERSION_NUMBER,puppeteer::::experimental/puppeteer-firefox/package.json::::version::::version:0.5.0 <-> puppeteer::::utils/testserver/package.json::::version::::version:0.5.0,experimental/puppeteer-firefox/package.json,puppeteer::::experimental/puppeteer-firefox/package.json::::version(location: 3),git show 6709351b036191e1beac5b16038aeccf2ec3609e -- experimental/puppeteer-firefox/package.json
0b2d3cad1313443a7740ef63b5b55af1e92d06bb,71dc5baf75cb43c00e71a75857ea7213c1002c6c,d99067224c4750421f3d4210ae24e7a8,ModifiedOptionConflict,ConfigType.VERSION_NUMBER<->ConfigType.VERSION_NUMBER,puppeteer::::experimental/puppeteer-firefox/package.json::::dependencies::::ws::::ws:^6.1.0 <-> puppeteer::::package.json::::dependencies::::ws::::ws:^6.1.0,package.json,puppeteer::::package.json::::dependencies::::ws(location: 47),git show 0b2d3cad1313443a7740ef63b5b55af1e92d06bb -- package.json
3eb2a81fdfe7133d12817bc2b40c55c2bb2fea0b,93ee922f938d7882ff38ca187f0b89ec0eba53fe,01f5a809464b8058cb57387f677041ab,ModifiedOptionConflict,ConfigType.VERSION_NUMBER<->ConfigType.VERSION_NUMBER,puppeteer::::experimental/puppeteer-firefox/package.json::::dependencies::::debug::::debug:^4.1.0 <-> puppeteer::::package.json::::dependencies::::debug::::debug:^4.1.0,package.json,puppeteer::::package.json::::dependencies::::debug(location: 59),git show 3eb2a81fdfe7133d12817bc2b40c55c2bb2fea0b -- package.json
3eb2a81fdfe7133d12817bc2b40c55c2bb2fea0b,93ee922f938d7882ff38ca187f0b89ec0eba53fe,96e45f5049d2f19e30342e792efe3ddb,ModifiedOptionConflict,ConfigType.VERSION_NUMBER<->ConfigType.VERSION_NUMBER,puppeteer::::package.json::::devDependencies::::@types/mocha::::@types/mocha:^7.0.2 <-> puppeteer::::vendor/mitt/package.json::::devDependencies::::@types/mocha::::@types/mocha:^7.0.2,package.json,puppeteer::::package.json::::devDependencies::::@types/mocha(location: 79),git show 3eb2a81fdfe7133d12817bc2b40c55c2bb2fea0b -- package.json
8450f8e917bb36adbaaf65a2635e279d90304df5,46322c4c411509b23bdd2a84e55d5461968aaad0,81aecf6ca8dde79ea01e22f6abbd895f,MissingOptionConflict,ConfigType.VERSION_NUMBER<->ConfigType.VERSION_NUMBER,puppeteer::::experimental/puppeteer-firefox/package.json::::devDependencies::::pngjs::::pngjs:^3.3.3 <-> puppeteer::::package.json::::devDependencies::::pngjs::::pngjs:^3.3.3,experimental/puppeteer-firefox/package.json,puppeteer::::experimental/puppeteer-firefox/package.json::::devDependencies::::pngjs(location: 50),git show 8450f8e917bb36adbaaf65a2635e279d90304df5 -- experimental/puppeteer-firefox/package.json
8450f8e917bb36adbaaf65a2635e279d90304df5,46322c4c411509b23bdd2a84e55d5461968aaad0,bfd488b500c5ae491eded34c4fcbf47e,MissingOptionConflict,ConfigType.VERSION_NUMBER<->ConfigType.VERSION_NUMBER,puppeteer::::experimental/puppeteer-firefox/package.json::::devDependencies::::ncp::::ncp:^2.0.0 <-> puppeteer::::package.json::::devDependencies::::ncp::::ncp:^2.0.0,experimental/puppeteer-firefox/package.json,puppeteer::::experimental/puppeteer-firefox/package.json::::devDependencies::::ncp(location: 48),git show 8450f8e917bb36adbaaf65a2635e279d90304df5 -- experimental/puppeteer-firefox/package.json
f2dfab779bf5ca52b3467799ee3f31e19519dffa,0f2d87443d4b6961c53823523c1daaaa976be5d9,756a8a991ef6ee8f1d8bcee37e0b8460,MissingArtifactConflict,ConfigType.UNKNOWN<->ConfigType.UNKNOWN,puppeteer::::compat/esm/tsconfig.json::::compilerOptions::::module::::esnext <-> puppeteer::::test-ts-types/js-esm-import-esm-output/tsconfig.json::::compilerOptions::::module::::esnext,,,
b2b5311cd29933256a5f3808e905796e6b2806f6,281eae62b789b3257dda5c74c860403ed71c23a3,71ecafc3f7ea6768a8e0e590c7b8ac97,MissingArtifactConflict,ConfigType.UNKNOWN<->ConfigType.UNKNOWN,puppeteer::::experimental/puppeteer-firefox/package.json::::repository::::github:puppeteer/puppeteer <-> puppeteer::::package.json::::repository::::github:puppeteer/puppeteer,,,
f2dfab779bf5ca52b3467799ee3f31e19519dffa,0f2d87443d4b6961c53823523c1daaaa976be5d9,8c74fd41d0ce96926909d2953e7dcac3,MissingArtifactConflict,ConfigType.UNKNOWN<->ConfigType.UNKNOWN,puppeteer::::compat/cjs/tsconfig.json::::compilerOptions::::module::::CommonJS <-> puppeteer::::scripts/tsconfig.json::::compilerOptions::::module::::CommonJS,,,
4d8411b4dc39721b60239d3acd576f05206c6371,8c29c13c064b5592458d8ad0abd903a431de6afe,c6eca8b6c132324411c3a53e24b41a2c,MissingArtifactConflict,ConfigType.COMMAND<->ConfigType.COMMAND,puppeteer::::.travis.yml::::jobs::::include::::os/windows::::script::::npm run tsc <-> puppeteer::::package.json::::scripts::::prepublishOnly::::npm run tsc,,,
