occurred_at,prev_commit,conflict_id,conflict_type,config_types,link,changed_artifact,changed_option,cmd
1b5737f19a000d7bcbbba772ff1253074ff01277,b71ee5230fd5fec93cc0b576af463e8b81260eef,5a5b8f6585ed2b1b4bcbdac1bb950890,ModifiedOptionConflict,ConfigType.PATH<->ConfigType.PATH,kubernetes::::build/build-image/Dockerfile::::add::::dest::::/ <-> kubernetes::::cluster/images/etcd/Dockerfile::::workdir::::/,build/build-image/Dockerfile,kubernetes::::build/build-image/Dockerfile::::add::::dest(location: 51),git show 1b5737f19a000d7bcbbba772ff1253074ff01277 -- build/build-image/Dockerfile
a77d0ceb2b9831f82da7c41616fb8059bf5ced59,d7369ded15b98e4dbc39ab9b40e283195c89fa75,807d9eecfc63787bfce2a0c4e93ca081,ModifiedOptionConflict,ConfigType.PATH<->ConfigType.PATH,kubernetes::::cluster/addons/addon-manager/Dockerfile::::add::::dest::::/usr/local/bin/ <-> kubernetes::::cluster/images/etcd/Dockerfile::::copy::::dest::::/usr/local/bin/,cluster/images/etcd/Dockerfile,kubernetes::::cluster/images/etcd/Dockerfile::::copy::::dest(location: 18),git show a77d0ceb2b9831f82da7c41616fb8059bf5ced59 -- cluster/images/etcd/Dockerfile
0e4e34024c444f1215e97af61e55db126f5d6dff,639b19f3a1d60afb0e7c978b5dcb815db1b82c7e,f69b053fd52dba060adf4572a48bd115,MissingArtifactConflict,ConfigType.LANGUAGE<->ConfigType.LANGUAGE,kubernetes::::Godeps/_workspace/src/github.com/fsouza/go-dockerclient/.travis.yml::::language::::go <-> kubernetes::::Godeps/_workspace/src/github.com/hashicorp/raft/.travis.yml::::language::::go,,,
e36785ffcca3175213ec10c9b6869bc9cba7d5bf,6c3fcf3ecb69eb27bef87ddb55a0374bd1a9e2c9,e7e9e03ff841618a94097aed5ed9a879,MissingArtifactConflict,ConfigType.NAME<->ConfigType.NAME,kubernetes::::build/go-runner/Dockerfile::::from::::name::::builder <-> kubernetes::::cluster/images/etcd/Dockerfile::::copy::::from::::builder,,,
a5f82d923e91d150705143307d40d596bd818121,35951beace2e3fc5616c90b98840aa9af38351b6,5809ca6d5d2fca05c6b43003b5d6ad46,MissingOptionConflict,ConfigType.PATH<->ConfigType.PATH,kubernetes::::build/build-image/Dockerfile::::add::::dest::::/ <-> kubernetes::::cluster/addons/fluentd-elasticsearch/es-image/Dockerfile::::copy::::dest::::/,cluster/addons/fluentd-elasticsearch/es-image/Dockerfile,kubernetes::::cluster/addons/fluentd-elasticsearch/es-image/Dockerfile::::copy::::dest(location: 43),git show a5f82d923e91d150705143307d40d596bd818121 -- cluster/addons/fluentd-elasticsearch/es-image/Dockerfile
5242dd0a4f0284efdaeac698b1faad3febbc913e,acfb73653c270c15ebf00675477aaba0d34a8779,2dd9eebad76c0147cd37cb870362f7c4,MissingArtifactConflict,ConfigType.UNKNOWN<->ConfigType.UNKNOWN,kubernetes::::Godeps/_workspace/src/github.com/bradfitz/http2/Dockerfile::::from::::ubuntu:trusty <-> kubernetes::::examples/celery-rabbitmq/flower/Dockerfile::::from::::ubuntu:trusty,,,
6609f9e10afbccbf890942f6d2bc0809e9d84d9f,850f699832a7bc91e3319352a40cdb775c0e5a9c,46cd8811a1cc2f8618f0e7cd2a08becf,MissingArtifactConflict,ConfigType.PATH<->ConfigType.PATH,kubernetes::::Godeps/_workspace/src/github.com/docker/libcontainer/Dockerfile::::copy::::src::::. <-> kubernetes::::release-0.19.0/examples/cluster-dns/images/backend/Dockerfile::::copy::::src::::.,,,
46926e39c66421fbf6b86a600bbdb9af0d782447,7a22d5df99dc9f44a09a0940c290ebfaca9a0c4e,7114a20e1eb766db3c356c742b9c1ba1,MissingOptionConflict,ConfigType.NAME<->ConfigType.NAME,kubernetes::::.travis.yml::::services::::docker <-> kubernetes::::Godeps/_workspace/src/github.com/fsouza/go-dockerclient/.travis.yml::::services::::docker,.travis.yml,kubernetes::::.travis.yml::::services(location: 7),git show 46926e39c66421fbf6b86a600bbdb9af0d782447 -- .travis.yml
6609f9e10afbccbf890942f6d2bc0809e9d84d9f,850f699832a7bc91e3319352a40cdb775c0e5a9c,d05b2cdcf41526add1982583b08a1177,MissingArtifactConflict,ConfigType.PATH<->ConfigType.PATH,kubernetes::::Godeps/_workspace/src/github.com/docker/libcontainer/Dockerfile::::copy::::src::::. <-> kubernetes::::release-0.19.0/docs/design/clustering/Dockerfile::::add::::src::::.,,,
7bf2e33d6941790fcf097e4c1076846800310463,5a7b9841e1da3f63b5c8030afe579dc14cb4e61b,d7927734465d63c35557ea69de74cc4d,MissingArtifactConflict,ConfigType.PATH<->ConfigType.PATH,kubernetes::::api/Dockerfile::::add::::src::::. <-> kubernetes::::build/run-images/proxy/Dockerfile::::add::::src::::.,,,
2b85f37b448cdb1bbbe8c780e0f3b752be0e592b,2118f4ace88b6208715acd7682791277df75c436,6c564dd4fbd5cf22258ae86d165df9f6,MissingArtifactConflict,ConfigType.PATH<->ConfigType.PATH,kubernetes::::build/build-image/Dockerfile::::add::::dest::::/ <-> kubernetes::::cmd/kube-aggregator/artifacts/simple-image/Dockerfile::::add::::dest::::/,,,
ffac42cc76ce8eb5abb2116591f2af0c4f4a067d,4d0682f8310372d91adece935c9c223e44567340,60d46e34d9b01d85ded98fd56a53b8dc,MissingOptionConflict,ConfigType.UNKNOWN<->ConfigType.UNKNOWN,kubernetes::::.travis.yml::::matrix::::include::::go/1.5.2::::go::::1.5.2 <-> kubernetes::::Godeps/_workspace/src/github.com/fsouza/go-dockerclient/.travis.yml::::go::::1.5.2,.travis.yml,kubernetes::::.travis.yml::::matrix::::include::::go/1.5.2::::go(location: 14),git show ffac42cc76ce8eb5abb2116591f2af0c4f4a067d -- .travis.yml
1a6e7298e03762e5c3736a2bc7c8efcc10dee355,1d5dbf904556165b065a738d428d3c9db40629ea,dc5e6f1cf4b96f5be799d0d2c2a8d98e,MissingOptionConflict,ConfigType.UNKNOWN<->ConfigType.UNKNOWN,kubernetes::::.travis.yml::::matrix::::include::::go/1.4::::go::::1.4 <-> kubernetes::::Godeps/_workspace/src/github.com/ghodss/yaml/.travis.yml::::go::::1.4,.travis.yml,kubernetes::::.travis.yml::::matrix::::include::::go/1.4::::go(location: 7),git show 1a6e7298e03762e5c3736a2bc7c8efcc10dee355 -- .travis.yml
7bf2e33d6941790fcf097e4c1076846800310463,5a7b9841e1da3f63b5c8030afe579dc14cb4e61b,74a50e767947d70483fbae2069862dea,MissingArtifactConflict,ConfigType.PATH<->ConfigType.PATH,kubernetes::::api/Dockerfile::::add::::src::::. <-> kubernetes::::build/run-images/bootstrap/Dockerfile::::add::::src::::.,,,
a7742e4acaabb9fde515bb483768c98b3f22d4da,0131f9a472ea9e0efca6cc351edf04ccba7571ad,93012145f442c97b7074332192043b2b,MissingArtifactConflict,ConfigType.PATH<->ConfigType.PATH,kubernetes::::build/debian-base/Dockerfile::::add::::dest::::/ <-> kubernetes::::cluster/images/etcd-empty-dir-cleanup/Dockerfile::::copy::::dest::::/,,,
07f7f2dba838b32db396886381ecfae7f25a5b74,778bf04f512a52c5b9012a67fc5e2e50d8ecc38c,a1138475a712fbf890a173bba2e0d2c2,MissingArtifactConflict,ConfigType.PATH<->ConfigType.PATH,kubernetes::::build/build-image/Dockerfile::::add::::dest::::/ <-> kubernetes::::cmd/kubernetes-discovery/artifacts/simple-image/Dockerfile::::add::::dest::::/,,,
6609f9e10afbccbf890942f6d2bc0809e9d84d9f,850f699832a7bc91e3319352a40cdb775c0e5a9c,637ac8eeb45e419685692490cf76c7e2,MissingArtifactConflict,ConfigType.PATH<->ConfigType.PATH,kubernetes::::Godeps/_workspace/src/github.com/docker/libcontainer/Dockerfile::::copy::::src::::. <-> kubernetes::::release-0.20.0/examples/cluster-dns/images/frontend/Dockerfile::::copy::::src::::.,,,
a77d0ceb2b9831f82da7c41616fb8059bf5ced59,d7369ded15b98e4dbc39ab9b40e283195c89fa75,1b19a7bc4969c1957d1f1f384d5a1ffe,ModifiedOptionConflict,ConfigType.PATH<->ConfigType.PATH,kubernetes::::cluster/addons/addon-manager/Dockerfile::::add::::dest::::/usr/local/bin/ <-> kubernetes::::cluster/images/conformance/Dockerfile::::copy::::dest::::/usr/local/bin/,cluster/images/conformance/Dockerfile,kubernetes::::cluster/images/conformance/Dockerfile::::copy::::dest(location: 17),git show a77d0ceb2b9831f82da7c41616fb8059bf5ced59 -- cluster/images/conformance/Dockerfile
6609f9e10afbccbf890942f6d2bc0809e9d84d9f,850f699832a7bc91e3319352a40cdb775c0e5a9c,18f4d392f05ca3f4b26a83e812196606,MissingArtifactConflict,ConfigType.PATH<->ConfigType.PATH,kubernetes::::Godeps/_workspace/src/github.com/docker/libcontainer/Dockerfile::::copy::::src::::. <-> kubernetes::::release-0.20.0/examples/cluster-dns/images/backend/Dockerfile::::copy::::src::::.,,,
ae97890a4242c78cebe33d6294e4a2b7aa512809,e554bd24280b599ebc5f35e00eee54f56ef417c0,ff5ec1d649099737d848e1c8d66b15b3,MissingArtifactConflict,ConfigType.UNKNOWN<->ConfigType.UNKNOWN,kubernetes::::Godeps/_workspace/src/golang.org/x/net/http2/Dockerfile::::from::::ubuntu:trusty <-> kubernetes::::examples/celery-rabbitmq/flower/Dockerfile::::from::::ubuntu:trusty,,,
1f4c0b2fb25052bc82835e577a0644051c4d83ae,55ac605a4448e3b467a2dd0ed1ac09a7f7ce6e7c,bbeef58c07594a3fd8a0664b1a939087,MissingOptionConflict,ConfigType.PATH<->ConfigType.PATH,kubernetes::::build/build-image/Dockerfile::::add::::dest::::/ <-> kubernetes::::cluster/images/hyperkube/Dockerfile::::copy::::dest::::/,cluster/images/hyperkube/Dockerfile,kubernetes::::cluster/images/hyperkube/Dockerfile::::copy::::dest(location: 57),git show 1f4c0b2fb25052bc82835e577a0644051c4d83ae -- cluster/images/hyperkube/Dockerfile
7bf2e33d6941790fcf097e4c1076846800310463,5a7b9841e1da3f63b5c8030afe579dc14cb4e61b,87eb4e92174ed7564ddab7526e723f61,MissingArtifactConflict,ConfigType.PATH<->ConfigType.PATH,kubernetes::::api/Dockerfile::::add::::src::::. <-> kubernetes::::build/run-images/kubelet/Dockerfile::::add::::src::::.,,,
21b8f6a68874b7d2c229deb1d7a1e0138cde7685,f89b9f246bb2801884d46db392d8044149cea9a9,86ca55cdd8411e2705144dc6364cd1dc,MissingOptionConflict,ConfigType.UNKNOWN<->ConfigType.UNKNOWN,kubernetes::::.travis.yml::::matrix::::include::::go/1.3::::go::::1.3 <-> kubernetes::::Godeps/_workspace/src/github.com/russross/blackfriday/.travis.yml::::go::::1.3,.travis.yml,kubernetes::::.travis.yml::::matrix::::include::::go/1.3::::go(location: 11),git show 21b8f6a68874b7d2c229deb1d7a1e0138cde7685 -- .travis.yml
67903faf8ba3b39ed4d77213d5541ce9ff870925,9257794dccc69b1abc7d3b92acc1bd7642eeb04d,577b150a09f2ba6490a9f548cf737c7c,MissingOptionConflict,ConfigType.UNKNOWN<->ConfigType.UNKNOWN,kubernetes::::.travis.yml::::matrix::::include::::go/1.5.3::::go::::1.5.3 <-> kubernetes::::Godeps/_workspace/src/github.com/fsouza/go-dockerclient/.travis.yml::::go::::1.5.3,.travis.yml,kubernetes::::.travis.yml::::matrix::::include::::go/1.5.3::::go(location: 14),git show 67903faf8ba3b39ed4d77213d5541ce9ff870925 -- .travis.yml
6ae2336a1a0ad05f04397a59978d7e50ce68fd6c,61d3d9829ed9b0da325c8076ced5ca37dd628f88,0481943fa3684e311db2ff9e55c5a12b,MissingArtifactConflict,ConfigType.UNKNOWN<->ConfigType.UNKNOWN,kubernetes::::build/debian-base/Dockerfile::::from::::scratch <-> kubernetes::::build/pause/Dockerfile::::from::::scratch,,,
511f06b55fa018244018fbb8bcbd644e39759fc8,71526b00dc5d1974fe4d3d7689b1438918713932,26cb3757fcaa3558666d54fd43cadaed,MissingArtifactConflict,ConfigType.PATH<->ConfigType.PATH,kubernetes::::build/build-image/Dockerfile::::add::::dest::::/ <-> kubernetes::::build/kube-dns/Dockerfile::::add::::dest::::/,,,
e49fd8e7b105ef2a49c0aa51c858003ab577e054,2266774c6bf13fa34b5b0b38c0bbc5496aede64f,55602799b3eb12faec76368b6b3995cd,MissingOptionConflict,ConfigType.ENVIRONMENT<->ConfigType.ENVIRONMENT,"kubernetes::::build/build-image/cross/Dockerfile::::env::::dpkgArch::::"" <-> kubernetes::::cluster/images/conformance/Dockerfile::::env::::E2E_FOCUS::::""",build/build-image/cross/Dockerfile,kubernetes::::build/build-image/cross/Dockerfile::::env::::dpkgArch(location: 26),git show e49fd8e7b105ef2a49c0aa51c858003ab577e054 -- build/build-image/cross/Dockerfile
0decfd5d2fc253d3300b0a9f2b1dde8825d9340f,61b926b8f2df8dccb77f136fd3b912c2db78f69f,1227c7668632488fcb585c61209cd23b,MissingArtifactConflict,ConfigType.UNKNOWN<->ConfigType.UNKNOWN,kubernetes::::build/build-image/cross/Dockerfile::::from::::golang:1.6.3 <-> kubernetes::::hack/jenkins/test-image/Dockerfile::::from::::golang:1.6.3,,,
7bf2e33d6941790fcf097e4c1076846800310463,5a7b9841e1da3f63b5c8030afe579dc14cb4e61b,433a4e974a87804da564162f4763f24d,MissingArtifactConflict,ConfigType.PATH<->ConfigType.PATH,kubernetes::::api/Dockerfile::::add::::src::::. <-> kubernetes::::build/run-images/controller-manager/Dockerfile::::add::::src::::.,,,
46926e39c66421fbf6b86a600bbdb9af0d782447,7a22d5df99dc9f44a09a0940c290ebfaca9a0c4e,ff959382ebee6afc021b1bcd2b6731ae,MissingOptionConflict,ConfigType.UNKNOWN<->ConfigType.UNKNOWN,kubernetes::::.travis.yml::::sudo::::required <-> kubernetes::::Godeps/_workspace/src/github.com/fsouza/go-dockerclient/.travis.yml::::sudo::::required,.travis.yml,kubernetes::::.travis.yml::::sudo(location: 1),git show 46926e39c66421fbf6b86a600bbdb9af0d782447 -- .travis.yml
6609f9e10afbccbf890942f6d2bc0809e9d84d9f,850f699832a7bc91e3319352a40cdb775c0e5a9c,b176f5da9ac370bd15bef9a998df2539,MissingArtifactConflict,ConfigType.PATH<->ConfigType.PATH,kubernetes::::Godeps/_workspace/src/github.com/docker/libcontainer/Dockerfile::::copy::::src::::. <-> kubernetes::::release-0.20.0/docs/design/clustering/Dockerfile::::add::::src::::.,,,
765dbcebb5f7484501c810ea2a46df3d91bf53ef,8fe4b5476a89885f6abeaeb044d6974f8a6dbde1,64696254d52f0a9dd760a15200d33146,ModifiedOptionConflict,ConfigType.PATH<->ConfigType.PATH,kubernetes::::build/build-image/Dockerfile::::workdir::::/go/src/k8s.io/kubernetes <-> kubernetes::::cmd/libs/go2idl/go-to-protobuf/build-image/Dockerfile::::workdir::::/go/src/k8s.io/kubernetes,build/build-image/Dockerfile,kubernetes::::build/build-image/Dockerfile::::workdir(location: 27),git show 765dbcebb5f7484501c810ea2a46df3d91bf53ef -- build/build-image/Dockerfile
46926e39c66421fbf6b86a600bbdb9af0d782447,7a22d5df99dc9f44a09a0940c290ebfaca9a0c4e,e9958cc9371cfe2ba644bf72e226b43b,MissingOptionConflict,ConfigType.UNKNOWN<->ConfigType.UNKNOWN,kubernetes::::.travis.yml::::matrix::::include::::go/1.6::::go::::1.6 <-> kubernetes::::Godeps/_workspace/src/gopkg.in/yaml.v2/.travis.yml::::go::::1.6,.travis.yml,kubernetes::::.travis.yml::::matrix::::include::::go/1.6::::go(location: 14),git show 46926e39c66421fbf6b86a600bbdb9af0d782447 -- .travis.yml
72690dd3bc0675385d87cdc5f9b88df7ef281634,b8f04375dfc45aa961dea4226ab57ccc590d8b25,872280321db4d9054bf1729b97d78d08,MissingArtifactConflict,ConfigType.UNKNOWN<->ConfigType.UNKNOWN,kubernetes::::build/build-image/Dockerfile::::from::::gcr.io/google_containers/kube-cross:KUBE_BUILD_IMAGE_CROSS_TAG <-> kubernetes::::cmd/libs/go2idl/go-to-protobuf/build-image/Dockerfile::::from::::gcr.io/google_containers/kube-cross:KUBE_BUILD_IMAGE_CROSS_TAG,,,
7bf2e33d6941790fcf097e4c1076846800310463,5a7b9841e1da3f63b5c8030afe579dc14cb4e61b,7f9d69aad0bf5986eb210c03c3dafd01,MissingArtifactConflict,ConfigType.PATH<->ConfigType.PATH,kubernetes::::api/Dockerfile::::add::::src::::. <-> kubernetes::::build/run-images/apiserver/Dockerfile::::add::::src::::.,,,
e7fc6698df979d2dadcac22749afc2c4a1b07f4c,368cfb2757973ef1d6ec6508360e80c00a6785d3,bc70d68451f608a9968c31de30bd545d,MissingArtifactConflict,ConfigType.PATH<->ConfigType.PATH,kubernetes::::build/build-image/Dockerfile::::add::::dest::::/ <-> kubernetes::::cluster/addons/fluentd-elasticsearch/es-image/Dockerfile::::copy::::dest::::/,,,
a846b5ede9b3ac84cbf3fa6f394f881a854e5f20,380dea18caad04e03f14f04cdb22eb34fb201b4f,1fa0cd6f80669dbbd2ba198b2a152e74,MissingArtifactConflict,ConfigType.PATH<->ConfigType.PATH,kubernetes::::build-tools/build-image/Dockerfile::::add::::dest::::/ <-> kubernetes::::cmd/kubernetes-discovery/artifacts/simple-image/Dockerfile::::add::::dest::::/,,,
6755334cb01c85e3e597fabd780d021953433077,02b508f478d87d07e78fae253d0628cf465485b7,f62014a805c5de27ef78683f26415d5c,MissingArtifactConflict,ConfigType.PATH<->ConfigType.PATH,kubernetes::::build/build-image/Dockerfile::::add::::dest::::/ <-> kubernetes::::examples/storage/cassandra/image/Dockerfile::::add::::dest::::/,,,
6ae2336a1a0ad05f04397a59978d7e50ce68fd6c,61d3d9829ed9b0da325c8076ced5ca37dd628f88,770223b66c01b7fa24bc06dc8314c66c,MissingArtifactConflict,ConfigType.UNKNOWN<->ConfigType.UNKNOWN,kubernetes::::build/debian-iptables/Dockerfile::::from::::BASEIMAGE <-> kubernetes::::cluster/addons/addon-manager/Dockerfile::::from::::BASEIMAGE,,,
66270b657d12ed4cf2f07c654c244d192b7d27e1,4353ffc55b914dc6998604b30093fc8081213e1a,f009b1630f99ae60637ab3ffc9da3f20,MissingOptionConflict,ConfigType.UNKNOWN<->ConfigType.UNKNOWN,kubernetes::::.travis.yml::::go::::1.3 <-> kubernetes::::Godeps/_workspace/src/golang.org/x/oauth2/.travis.yml::::go::::1.3,.travis.yml,kubernetes::::.travis.yml::::go(location: 5),git show 66270b657d12ed4cf2f07c654c244d192b7d27e1 -- .travis.yml
da2e4a338d515e5ef74aae430a952e07b3b229ac,c7015e98309162080044ed6cdfc78f894301b248,92c37f130007742b51d7ccdf4438e1e1,MissingArtifactConflict,ConfigType.LANGUAGE<->ConfigType.LANGUAGE,kubernetes::::Godeps/_workspace/src/github.com/fsouza/go-dockerclient/.travis.yml::::language::::go <-> kubernetes::::Godeps/_workspace/src/github.com/imdario/mergo/.travis.yml::::language::::go,,,
75ec7dd877314c764b0962202d648c17f6ba4974,033a0731374e439d4bbf87d48ec1460fc6565719,7a30a68b22fef357c892acae67e7b185,MissingArtifactConflict,ConfigType.LANGUAGE<->ConfigType.LANGUAGE,kubernetes::::Godeps/_workspace/src/github.com/onsi/gomega/.travis.yml::::language::::go <-> kubernetes::::Godeps/_workspace/src/google.golang.org/appengine/.travis.yml::::language::::go,,,
3be382723fd7e2e51e102a1adea96d20ba812889,cfdbc0e0c02481b319555bfbdd789ac5fa8064c9,7af831764125823411e0c6b6f83115a2,MissingArtifactConflict,ConfigType.PATH<->ConfigType.PATH,kubernetes::::Godeps/_workspace/src/github.com/docker/libcontainer/Dockerfile::::copy::::src::::. <-> kubernetes::::examples/guestbook-go/_src/Dockerfile::::add::::src::::.,,,
f386e3ecf060351959350ed78ce963fc352c01bb,c2680dec297e01e4e7e998d56e7fc4f0187203fb,cf2d617f06651229408cb128d1aa2562,MissingOptionConflict,ConfigType.UNKNOWN<->ConfigType.UNKNOWN,kubernetes::::build/debian-iptables/Dockerfile::::from::::BASEIMAGE <-> kubernetes::::cluster/images/etcd/Dockerfile::::from::::BASEIMAGE,cluster/images/etcd/Dockerfile,kubernetes::::cluster/images/etcd/Dockerfile::::from(location: 15),git show f386e3ecf060351959350ed78ce963fc352c01bb -- cluster/images/etcd/Dockerfile
8d9f1a81ea8c5d7931fcac2ab95b438ab4abc8a2,775c890647569278284e8caa96da8abe5cd1dd93,a72b3dc46e1557c9585465398c581c71,ModifiedOptionConflict,ConfigType.COMMAND<->ConfigType.COMMAND,kubernetes::::Godeps/_workspace/src/github.com/onsi/ginkgo/.travis.yml::::script::::$HOME/gopath/bin/ginkgo -r --randomizeAllSpecs --failOnPending --randomizeSuites --race <-> kubernetes::::Godeps/_workspace/src/github.com/onsi/gomega/.travis.yml::::script::::$HOME/gopath/bin/ginkgo -r --randomizeAllSpecs --failOnPending --randomizeSuites --race,Godeps/_workspace/src/github.com/onsi/ginkgo/.travis.yml,kubernetes::::Godeps/_workspace/src/github.com/onsi/ginkgo/.travis.yml::::script(location: 15),git show 8d9f1a81ea8c5d7931fcac2ab95b438ab4abc8a2 -- Godeps/_workspace/src/github.com/onsi/ginkgo/.travis.yml
c1d9646d03ed606d84d426e36618b0463fd0828d,4282ef5729745f8eaa8f960ed0fc2cc25b006242,ee00338261ce012bd8463dcd9a70d2cd,ModifiedOptionConflict,ConfigType.UNKNOWN<->ConfigType.UNKNOWN,kubernetes::::build/build-image/cross/Dockerfile::::from::::golang:1.6.0 <-> kubernetes::::examples/guestbook-go/_src/Dockerfile::::from::::golang:1.6.0,build/build-image/cross/Dockerfile,kubernetes::::build/build-image/cross/Dockerfile::::from(location: 18),git show c1d9646d03ed606d84d426e36618b0463fd0828d -- build/build-image/cross/Dockerfile
6609f9e10afbccbf890942f6d2bc0809e9d84d9f,850f699832a7bc91e3319352a40cdb775c0e5a9c,01f4bb2f3f80d0af3d29cbccae09396f,MissingArtifactConflict,ConfigType.PATH<->ConfigType.PATH,kubernetes::::Godeps/_workspace/src/github.com/docker/libcontainer/Dockerfile::::copy::::src::::. <-> kubernetes::::release-0.19.0/examples/cluster-dns/images/frontend/Dockerfile::::copy::::src::::.,,,
f77d126da2b7e1bd4634a0582d9e2c06f5a4e1c9,885790ce21b5000e8226a0f0f33af1b7758ead83,956a4d5c14364c891ca67833f5678f81,ModifiedOptionConflict,ConfigType.UNKNOWN<->ConfigType.UNKNOWN,kubernetes::::build/build-image/Dockerfile::::from::::google/debian:wheezy <-> kubernetes::::build/run-images/base/Dockerfile::::from::::google/debian:wheezy,build/build-image/Dockerfile,kubernetes::::build/build-image/Dockerfile::::from(location: 17),git show f77d126da2b7e1bd4634a0582d9e2c06f5a4e1c9 -- build/build-image/Dockerfile
46926e39c66421fbf6b86a600bbdb9af0d782447,7a22d5df99dc9f44a09a0940c290ebfaca9a0c4e,e117dff6e2ff094561cff31eef67998d,ModifiedOptionConflict,ConfigType.LANGUAGE<->ConfigType.LANGUAGE,kubernetes::::.travis.yml::::language::::go <-> kubernetes::::Godeps/_workspace/src/github.com/jonboulle/clockwork/.travis.yml::::language::::go,.travis.yml,kubernetes::::.travis.yml::::language(location: 1),git show 46926e39c66421fbf6b86a600bbdb9af0d782447 -- .travis.yml
2217b284d4634470e623b5c0883152fd2f2bed5f,d48d4e674b9653157e2e71c7bba2c062b859d9dc,b2e2a35837fa0ccc9299fdafb24201e2,MissingArtifactConflict,ConfigType.PATH<->ConfigType.PATH,kubernetes::::api/Dockerfile::::add::::dest::::/data <-> kubernetes::::examples/k8petstore/redis/Dockerfile::::workdir::::/data,,,
1a6e7298e03762e5c3736a2bc7c8efcc10dee355,1d5dbf904556165b065a738d428d3c9db40629ea,c7346bb30dbc66961485114122748c96,ModifiedOptionConflict,ConfigType.UNKNOWN<->ConfigType.UNKNOWN,kubernetes::::Godeps/_workspace/src/github.com/docker/libcontainer/Dockerfile::::from::::golang:1.4 <-> kubernetes::::hack/jenkins/test-image/Dockerfile::::from::::golang:1.4,hack/jenkins/test-image/Dockerfile,kubernetes::::hack/jenkins/test-image/Dockerfile::::from(location: 18),git show 1a6e7298e03762e5c3736a2bc7c8efcc10dee355 -- hack/jenkins/test-image/Dockerfile
40ae958ad857310f0f8b144cf2b09419ab82bf60,c209c52ae74ec594411c89b051d5eb5571c1acef,6a149c93385058d8fe43879073eb2f97,ModifiedOptionConflict,ConfigType.UNKNOWN<->ConfigType.UNKNOWN,kubernetes::::build/build-image/cross/Dockerfile::::from::::golang:1.3 <-> kubernetes::::docs/man/Dockerfile::::from::::golang:1.3,build/build-image/cross/Dockerfile,kubernetes::::build/build-image/cross/Dockerfile::::from(location: 18),git show 40ae958ad857310f0f8b144cf2b09419ab82bf60 -- build/build-image/cross/Dockerfile
b5c9f41011e38645f18c4696e471a981f74de139,a0770c8bbf137ea215222b62acc5f951ec80a7bc,39ca7bbfb665917858a7400e61fc992a,MissingArtifactConflict,ConfigType.PATH<->ConfigType.PATH,kubernetes::::build/build-image/Dockerfile::::add::::dest::::/ <-> kubernetes::::cluster/addons/registry/images/Dockerfile::::copy::::dest::::/,,,
7bf2e33d6941790fcf097e4c1076846800310463,5a7b9841e1da3f63b5c8030afe579dc14cb4e61b,7a4facfd4f0b6a9d037e251358ba9778,MissingArtifactConflict,ConfigType.PATH<->ConfigType.PATH,kubernetes::::api/Dockerfile::::add::::src::::. <-> kubernetes::::build/run-images/scheduler/Dockerfile::::add::::src::::.,,,
03f68a77a77142a6200564aa83b5f81ea4042013,125bf0854bf23e7003c25eb1ce258d017e17d70f,62944e41969d66a09d89e7e97a23e1e2,ModifiedOptionConflict,ConfigType.UNKNOWN<->ConfigType.UNKNOWN,kubernetes::::build/build-image/cross/Dockerfile::::from::::golang:1.5.3 <-> kubernetes::::hack/jenkins/test-image/Dockerfile::::from::::golang:1.5.3,build/build-image/cross/Dockerfile,kubernetes::::build/build-image/cross/Dockerfile::::from(location: 18),git show 03f68a77a77142a6200564aa83b5f81ea4042013 -- build/build-image/cross/Dockerfile
