occurred_at,prev_commit,conflict_id,conflict_type,config_types,link,changed_artifact,changed_option,cmd
b20f6f6293877b73a19a86be8922c45a96496ea8,e63ebf7c721013005cfed7e0e49c991c43bf13af,0bf94615e1127af4abd1f9b1d447b4db,MissingOptionConflict,ConfigType.ENVIRONMENT<->ConfigType.ENVIRONMENT,elasticsearch::::distribution/docker/docker-compose.yml::::services::::elasticsearch-oss-1::::environment::::cluster.routing.allocation.disk.watermark.low::::1b <-> elasticsearch::::qa/remote-clusters/docker-compose.yml::::services::::elasticsearch-default-1::::environment::::cluster.routing.allocation.disk.watermark.low::::1b,distribution/docker/docker-compose.yml,elasticsearch::::distribution/docker/docker-compose.yml::::services::::elasticsearch-oss-1::::environment::::cluster.routing.allocation.disk.watermark.low(location: 117),git show b20f6f6293877b73a19a86be8922c45a96496ea8 -- distribution/docker/docker-compose.yml
b20f6f6293877b73a19a86be8922c45a96496ea8,e63ebf7c721013005cfed7e0e49c991c43bf13af,adf7443ccfad7cce80ef7bd7584414e9,MissingOptionConflict,ConfigType.TIME<->ConfigType.TIME,elasticsearch::::distribution/docker/docker-compose.yml::::services::::elasticsearch-oss-1::::healthcheck::::timeout::::2s <-> elasticsearch::::qa/remote-clusters/docker-compose.yml::::services::::elasticsearch-default-1::::healthcheck::::timeout::::2s,distribution/docker/docker-compose.yml,elasticsearch::::distribution/docker/docker-compose.yml::::services::::elasticsearch-oss-1::::healthcheck::::timeout(location: 137),git show b20f6f6293877b73a19a86be8922c45a96496ea8 -- distribution/docker/docker-compose.yml
d92dd60c6c7b0dec180ae12adcebc2199d8a5de7,06a20a8fe97d2683f0865fa5383d8d4ac9e59b29,d359987de9946e2d048e585e2776bded,MissingArtifactConflict,ConfigType.VERSION_NUMBER<->ConfigType.VERSION_NUMBER,elasticsearch::::distribution/docker/docker-compose.yml::::version::::version:3 <-> elasticsearch::::x-pack/snapshot-tool/docker-compose.yml::::version::::version:3,,,
b20f6f6293877b73a19a86be8922c45a96496ea8,e63ebf7c721013005cfed7e0e49c991c43bf13af,3920786ebb23016501da440c7437ac55,MissingOptionConflict,ConfigType.TIME<->ConfigType.TIME,elasticsearch::::distribution/docker/docker-compose.yml::::services::::elasticsearch-oss-1::::healthcheck::::start_period::::15s <-> elasticsearch::::qa/wildfly/docker-compose.yml::::services::::elasticsearch::::healthcheck::::start_period::::15s,distribution/docker/docker-compose.yml,elasticsearch::::distribution/docker/docker-compose.yml::::services::::elasticsearch-oss-1::::healthcheck::::start_period(location: 134),git show b20f6f6293877b73a19a86be8922c45a96496ea8 -- distribution/docker/docker-compose.yml
921a3c756b6ddf5b96a67c2a54ac86a3ed2b095a,f525b2ec6266a4de0de728045727aedbfd9b5fbe,098126cb29297e5839c1fb23a8bed6c9,MissingOptionConflict,ConfigType.UNKNOWN<->ConfigType.UNKNOWN,elasticsearch::::distribution/docker/docker-compose.yml::::services::::elasticsearch-default-1::::ulimits::::memlock::::soft::::-1 <-> elasticsearch::::docs/reference/setup/install/docker-compose.yml::::services::::es01::::ulimits::::memlock::::soft::::-1,docs/reference/setup/install/docker-compose.yml,elasticsearch::::docs/reference/setup/install/docker-compose.yml::::services::::es01::::ulimits::::memlock::::soft(location: 15),git show 921a3c756b6ddf5b96a67c2a54ac86a3ed2b095a -- docs/reference/setup/install/docker-compose.yml
b20f6f6293877b73a19a86be8922c45a96496ea8,e63ebf7c721013005cfed7e0e49c991c43bf13af,68597dcf022094ec3c9f0260e1e93b94,MissingOptionConflict,ConfigType.ENVIRONMENT<->ConfigType.ENVIRONMENT,elasticsearch::::distribution/docker/docker-compose.yml::::services::::elasticsearch-oss-2::::environment::::ES_JAVA_OPTS::::-Xms512m -Xmx512m <-> elasticsearch::::qa/remote-clusters/docker-compose-oss.yml::::services::::elasticsearch-oss-2::::environment::::ES_JAVA_OPTS::::-Xms512m -Xmx512m,distribution/docker/docker-compose.yml,elasticsearch::::distribution/docker/docker-compose.yml::::services::::elasticsearch-oss-2::::environment::::ES_JAVA_OPTS(location: 147),git show b20f6f6293877b73a19a86be8922c45a96496ea8 -- distribution/docker/docker-compose.yml
d071a8b27cdc84492754e647da8e2279c1351214,07fcedbcd864700e95b8216e9f1232bf131bf2d5,8d58008d0a3288e05b1507ea6c7a8a6a,ModifiedOptionConflict,ConfigType.VERSION_NUMBER<->ConfigType.VERSION_NUMBER,elasticsearch::::distribution/docker/docker-compose.yml::::version::::version:3 <-> elasticsearch::::x-pack/snapshot-tool/qa/s3/docker-compose.yml::::version::::version:3,distribution/docker/docker-compose.yml,elasticsearch::::distribution/docker/docker-compose.yml::::version(location: 2),git show d071a8b27cdc84492754e647da8e2279c1351214 -- distribution/docker/docker-compose.yml
de9e7c05512e9a079f2e209198ea868d1dd52ee8,f5c29dc4e59687941c41b1fa4fd150ba75105f0f,358bb4e1288e2469ac32beb884f850b6,ModifiedOptionConflict,ConfigType.VERSION_NUMBER<->ConfigType.VERSION_NUMBER,elasticsearch::::distribution/docker/docker-compose.yml::::version::::version:3.7 <-> elasticsearch::::qa/remote-clusters/docker-compose.yml::::version::::version:3.7,distribution/docker/docker-compose.yml,elasticsearch::::distribution/docker/docker-compose.yml::::version(location: 2),git show de9e7c05512e9a079f2e209198ea868d1dd52ee8 -- distribution/docker/docker-compose.yml
b20f6f6293877b73a19a86be8922c45a96496ea8,e63ebf7c721013005cfed7e0e49c991c43bf13af,0af63a28728f9610693f58a1b3173289,MissingOptionConflict,ConfigType.UNKNOWN<->ConfigType.UNKNOWN,elasticsearch::::distribution/docker/docker-compose.yml::::services::::elasticsearch-oss-2::::ulimits::::memlock::::soft::::-1 <-> elasticsearch::::docs/reference/setup/install/docker-compose.yml::::services::::es03::::ulimits::::memlock::::soft::::-1,distribution/docker/docker-compose.yml,elasticsearch::::distribution/docker/docker-compose.yml::::services::::elasticsearch-oss-2::::ulimits::::memlock::::soft(location: 161),git show b20f6f6293877b73a19a86be8922c45a96496ea8 -- distribution/docker/docker-compose.yml
90bc8872dee7384a5eb4e6247dacd40afd8879b6,efc39523a1cc0ad60d9867d9c5b44c87071c4c76,d97eaee176ce9b57ba70b5122823129f,MissingOptionConflict,ConfigType.PORT<->ConfigType.PORT,elasticsearch::::distribution/docker/docker-compose.yml::::services::::elasticsearch-oss::::ports::::9200 <-> elasticsearch::::distribution/docker/src/docker/Dockerfile::::expose::::9200,distribution/docker/docker-compose.yml,elasticsearch::::distribution/docker/docker-compose.yml::::services::::elasticsearch-oss::::ports(location: 16),git show 90bc8872dee7384a5eb4e6247dacd40afd8879b6 -- distribution/docker/docker-compose.yml
b20f6f6293877b73a19a86be8922c45a96496ea8,e63ebf7c721013005cfed7e0e49c991c43bf13af,269c3b35bb49b812c198c15974c14e70,MissingOptionConflict,ConfigType.UNKNOWN<->ConfigType.UNKNOWN,elasticsearch::::distribution/docker/docker-compose.yml::::services::::elasticsearch-oss-1::::volumes::::./build/logs/oss-1:/usr/share/elasticsearch/logs <-> elasticsearch::::qa/remote-clusters/docker-compose-oss.yml::::services::::elasticsearch-oss-1::::volumes::::./build/logs/oss-1:/usr/share/elasticsearch/logs,distribution/docker/docker-compose.yml,elasticsearch::::distribution/docker/docker-compose.yml::::services::::elasticsearch-oss-1::::volumes(location: 121),git show b20f6f6293877b73a19a86be8922c45a96496ea8 -- distribution/docker/docker-compose.yml
b20f6f6293877b73a19a86be8922c45a96496ea8,e63ebf7c721013005cfed7e0e49c991c43bf13af,bbf6ae2fba94ee035769199c04deba4b,MissingOptionConflict,ConfigType.NUMBER<->ConfigType.NUMBER,elasticsearch::::distribution/docker/docker-compose.yml::::services::::elasticsearch-oss-2::::healthcheck::::retries::::5 <-> elasticsearch::::qa/remote-clusters/docker-compose-oss.yml::::services::::elasticsearch-oss-1::::healthcheck::::retries::::5,distribution/docker/docker-compose.yml,elasticsearch::::distribution/docker/docker-compose.yml::::services::::elasticsearch-oss-2::::healthcheck::::retries(location: 168),git show b20f6f6293877b73a19a86be8922c45a96496ea8 -- distribution/docker/docker-compose.yml
921a3c756b6ddf5b96a67c2a54ac86a3ed2b095a,f525b2ec6266a4de0de728045727aedbfd9b5fbe,90adff16d13c2b6894961dfbe044e9a8,MissingOptionConflict,ConfigType.UNKNOWN<->ConfigType.UNKNOWN,elasticsearch::::distribution/docker/docker-compose.yml::::services::::elasticsearch-default-2::::ulimits::::memlock::::soft::::-1 <-> elasticsearch::::docs/reference/setup/install/docker-compose.yml::::services::::es01::::ulimits::::memlock::::hard::::-1,docs/reference/setup/install/docker-compose.yml,elasticsearch::::docs/reference/setup/install/docker-compose.yml::::services::::es01::::ulimits::::memlock::::hard(location: 16),git show 921a3c756b6ddf5b96a67c2a54ac86a3ed2b095a -- docs/reference/setup/install/docker-compose.yml
921a3c756b6ddf5b96a67c2a54ac86a3ed2b095a,f525b2ec6266a4de0de728045727aedbfd9b5fbe,1bd8cf49c05981f8b76555e991eed6d3,MissingOptionConflict,ConfigType.UNKNOWN<->ConfigType.UNKNOWN,elasticsearch::::distribution/docker/docker-compose.yml::::services::::elasticsearch-default-2::::ulimits::::memlock::::soft::::-1 <-> elasticsearch::::docs/reference/setup/install/docker-compose.yml::::services::::es03::::ulimits::::memlock::::hard::::-1,docs/reference/setup/install/docker-compose.yml,elasticsearch::::docs/reference/setup/install/docker-compose.yml::::services::::es03::::ulimits::::memlock::::hard(location: 54),git show 921a3c756b6ddf5b96a67c2a54ac86a3ed2b095a -- docs/reference/setup/install/docker-compose.yml
b20f6f6293877b73a19a86be8922c45a96496ea8,e63ebf7c721013005cfed7e0e49c991c43bf13af,19e42eaf96ee6e6f158a896d9c0f80a2,MissingOptionConflict,ConfigType.TIME<->ConfigType.TIME,elasticsearch::::distribution/docker/docker-compose.yml::::services::::elasticsearch-oss-2::::healthcheck::::start_period::::15s <-> elasticsearch::::qa/remote-clusters/docker-compose.yml::::services::::elasticsearch-default-1::::healthcheck::::start_period::::15s,distribution/docker/docker-compose.yml,elasticsearch::::distribution/docker/docker-compose.yml::::services::::elasticsearch-oss-2::::healthcheck::::start_period(location: 164),git show b20f6f6293877b73a19a86be8922c45a96496ea8 -- distribution/docker/docker-compose.yml
921a3c756b6ddf5b96a67c2a54ac86a3ed2b095a,f525b2ec6266a4de0de728045727aedbfd9b5fbe,884fa7785fd1c239446fe19cae96beb5,MissingOptionConflict,ConfigType.UNKNOWN<->ConfigType.UNKNOWN,elasticsearch::::distribution/docker/docker-compose.yml::::services::::elasticsearch-default-1::::ulimits::::memlock::::soft::::-1 <-> elasticsearch::::docs/reference/setup/install/docker-compose.yml::::services::::es02::::ulimits::::memlock::::soft::::-1,docs/reference/setup/install/docker-compose.yml,elasticsearch::::docs/reference/setup/install/docker-compose.yml::::services::::es02::::ulimits::::memlock::::soft(location: 35),git show 921a3c756b6ddf5b96a67c2a54ac86a3ed2b095a -- docs/reference/setup/install/docker-compose.yml
6c621913e7de232e89512a87525554e09bf14f20,3d7c2be37d5acfee2abaa68351dd7fbeb47dc72e,179b12882e8d73622f43d899526e438b,MissingOptionConflict,ConfigType.ENVIRONMENT<->ConfigType.ENVIRONMENT,elasticsearch::::docs/reference/setup/install/docker-compose.yml::::services::::es01::::environment::::xpack.security.transport.ssl.verification_mode::::certificate <-> elasticsearch::::qa/remote-clusters/docker-compose.yml::::services::::elasticsearch-default-2::::environment::::xpack.security.transport.ssl.verification_mode::::certificate,docs/reference/setup/install/docker-compose.yml,elasticsearch::::docs/reference/setup/install/docker-compose.yml::::services::::es01::::environment::::xpack.security.transport.ssl.verification_mode(location: 19),git show 6c621913e7de232e89512a87525554e09bf14f20 -- docs/reference/setup/install/docker-compose.yml
b20f6f6293877b73a19a86be8922c45a96496ea8,e63ebf7c721013005cfed7e0e49c991c43bf13af,889388e653b526eadd44e42c9e4856ac,MissingOptionConflict,ConfigType.ENVIRONMENT<->ConfigType.ENVIRONMENT,elasticsearch::::distribution/docker/docker-compose.yml::::services::::elasticsearch-oss-1::::environment::::cluster.routing.allocation.disk.watermark.high::::1b <-> elasticsearch::::qa/remote-clusters/docker-compose-oss.yml::::services::::elasticsearch-oss-2::::environment::::cluster.routing.allocation.disk.watermark.flood_stage::::1b,distribution/docker/docker-compose.yml,elasticsearch::::distribution/docker/docker-compose.yml::::services::::elasticsearch-oss-1::::environment::::cluster.routing.allocation.disk.watermark.high(location: 118),git show b20f6f6293877b73a19a86be8922c45a96496ea8 -- distribution/docker/docker-compose.yml
b20f6f6293877b73a19a86be8922c45a96496ea8,e63ebf7c721013005cfed7e0e49c991c43bf13af,f280cc7618d26cce26a5b5155af1997a,MissingOptionConflict,ConfigType.UNKNOWN<->ConfigType.UNKNOWN,elasticsearch::::distribution/docker/docker-compose.yml::::services::::elasticsearch-oss-1::::ulimits::::memlock::::hard::::-1 <-> elasticsearch::::docs/reference/setup/install/docker-compose.yml::::services::::es01::::ulimits::::memlock::::hard::::-1,distribution/docker/docker-compose.yml,elasticsearch::::distribution/docker/docker-compose.yml::::services::::elasticsearch-oss-1::::ulimits::::memlock::::hard(location: 129),git show b20f6f6293877b73a19a86be8922c45a96496ea8 -- distribution/docker/docker-compose.yml
b20f6f6293877b73a19a86be8922c45a96496ea8,e63ebf7c721013005cfed7e0e49c991c43bf13af,ab4ae025cc8583b9e46488e6768c3e30,MissingOptionConflict,ConfigType.PORT<->ConfigType.PORT,elasticsearch::::distribution/docker/docker-compose.yml::::services::::elasticsearch-oss-1::::ports::::9200 <-> elasticsearch::::qa/remote-clusters/docker-compose.yml::::services::::elasticsearch-default-1::::ports::::9200,distribution/docker/docker-compose.yml,elasticsearch::::distribution/docker/docker-compose.yml::::services::::elasticsearch-oss-1::::ports(location: 124),git show b20f6f6293877b73a19a86be8922c45a96496ea8 -- distribution/docker/docker-compose.yml
0935ed4c186b41a2dfe864ffa6c6b760da93dd6c,db342c7f1f20f623627140c0017c3edb1c84dedd,3ba5df08261a4a24ff302a3f1d304f74,MissingOptionConflict,ConfigType.ENVIRONMENT<->ConfigType.ENVIRONMENT,elasticsearch::::distribution/docker/docker-compose.yml::::services::::elasticsearch-default-2::::environment::::xpack.security.authc.realms.file.file1.order::::0 <-> elasticsearch::::distribution/docker/src/docker/Dockerfile::::env::::exit_code::::0,distribution/docker/src/docker/Dockerfile,elasticsearch::::distribution/docker/src/docker/Dockerfile::::env::::exit_code(location: 46),git show 0935ed4c186b41a2dfe864ffa6c6b760da93dd6c -- distribution/docker/src/docker/Dockerfile
b20f6f6293877b73a19a86be8922c45a96496ea8,e63ebf7c721013005cfed7e0e49c991c43bf13af,44abb6930760d565647edcbec5b4d6ee,MissingOptionConflict,ConfigType.NUMBER<->ConfigType.NUMBER,elasticsearch::::distribution/docker/docker-compose.yml::::services::::elasticsearch-oss-1::::healthcheck::::retries::::5 <-> elasticsearch::::qa/wildfly/docker-compose.yml::::services::::wildfly::::healthcheck::::retries::::5,distribution/docker/docker-compose.yml,elasticsearch::::distribution/docker/docker-compose.yml::::services::::elasticsearch-oss-1::::healthcheck::::retries(location: 138),git show b20f6f6293877b73a19a86be8922c45a96496ea8 -- distribution/docker/docker-compose.yml
b20f6f6293877b73a19a86be8922c45a96496ea8,e63ebf7c721013005cfed7e0e49c991c43bf13af,17078a6e1e7b211e03365b74c61c1034,MissingOptionConflict,ConfigType.ENVIRONMENT<->ConfigType.ENVIRONMENT,elasticsearch::::distribution/docker/docker-compose.yml::::services::::elasticsearch-oss-1::::environment::::path.repo::::/tmp/es-repo <-> elasticsearch::::qa/remote-clusters/docker-compose.yml::::services::::elasticsearch-default-2::::environment::::path.repo::::/tmp/es-repo,distribution/docker/docker-compose.yml,elasticsearch::::distribution/docker/docker-compose.yml::::services::::elasticsearch-oss-1::::environment::::path.repo(location: 115),git show b20f6f6293877b73a19a86be8922c45a96496ea8 -- distribution/docker/docker-compose.yml
b20f6f6293877b73a19a86be8922c45a96496ea8,e63ebf7c721013005cfed7e0e49c991c43bf13af,714939ffa13c61be12cfd0bbd3055520,MissingOptionConflict,ConfigType.TIME<->ConfigType.TIME,elasticsearch::::distribution/docker/docker-compose.yml::::services::::elasticsearch-oss-2::::healthcheck::::interval::::10s <-> elasticsearch::::qa/remote-clusters/docker-compose-oss.yml::::services::::elasticsearch-oss-2::::healthcheck::::interval::::10s,distribution/docker/docker-compose.yml,elasticsearch::::distribution/docker/docker-compose.yml::::services::::elasticsearch-oss-2::::healthcheck::::interval(location: 166),git show b20f6f6293877b73a19a86be8922c45a96496ea8 -- distribution/docker/docker-compose.yml
b20f6f6293877b73a19a86be8922c45a96496ea8,e63ebf7c721013005cfed7e0e49c991c43bf13af,b9eca9b6840429ec10918da932d8589d,MissingOptionConflict,ConfigType.ENVIRONMENT<->ConfigType.ENVIRONMENT,elasticsearch::::distribution/docker/docker-compose.yml::::services::::elasticsearch-oss-1::::environment::::node.name::::elasticsearch-oss-1 <-> elasticsearch::::qa/remote-clusters/docker-compose-oss.yml::::services::::elasticsearch-oss-1::::environment::::node.name::::elasticsearch-oss-1,distribution/docker/docker-compose.yml,elasticsearch::::distribution/docker/docker-compose.yml::::services::::elasticsearch-oss-1::::environment::::node.name(location: 109),git show b20f6f6293877b73a19a86be8922c45a96496ea8 -- distribution/docker/docker-compose.yml
6c621913e7de232e89512a87525554e09bf14f20,3d7c2be37d5acfee2abaa68351dd7fbeb47dc72e,c6b0e3641c0620879efa2afadf044abd,MissingOptionConflict,ConfigType.ENVIRONMENT<->ConfigType.ENVIRONMENT,elasticsearch::::docs/reference/setup/install/docker-compose.yml::::services::::es02::::environment::::ES_JAVA_OPTS::::-Xms512m -Xmx512m <-> elasticsearch::::qa/wildfly/docker-compose.yml::::services::::elasticsearch::::environment::::ES_JAVA_OPTS::::-Xms512m -Xmx512m,docs/reference/setup/install/docker-compose.yml,elasticsearch::::docs/reference/setup/install/docker-compose.yml::::services::::es02::::environment::::ES_JAVA_OPTS(location: 40),git show 6c621913e7de232e89512a87525554e09bf14f20 -- docs/reference/setup/install/docker-compose.yml
b20f6f6293877b73a19a86be8922c45a96496ea8,e63ebf7c721013005cfed7e0e49c991c43bf13af,500096beb85f0f19d789f9855f5236cf,MissingOptionConflict,ConfigType.COMMAND<->ConfigType.COMMAND,elasticsearch::::distribution/docker/docker-compose.yml::::services::::elasticsearch-oss-2::::healthcheck::::test::::-f <-> elasticsearch::::qa/wildfly/docker-compose.yml::::services::::elasticsearch::::healthcheck::::test::::-f,distribution/docker/docker-compose.yml,elasticsearch::::distribution/docker/docker-compose.yml::::services::::elasticsearch-oss-2::::healthcheck::::test(location: 165),git show b20f6f6293877b73a19a86be8922c45a96496ea8 -- distribution/docker/docker-compose.yml
e5d1563c0e698929966afdf23eb93200c2a677f3,a943c4000116cb338c7820ed144a98d7fb5d5206,c81e112d0a87f0e5730b8d0f6029c8d5,MissingOptionConflict,ConfigType.UNKNOWN<->ConfigType.UNKNOWN,elasticsearch::::distribution/docker/docker-compose.yml::::services::::elasticsearch-oss::::build::::dockerfile::::Dockerfile <-> elasticsearch::::plugins/repository-s3/docker-compose.yml::::services::::minio-fixture::::build::::dockerfile::::Dockerfile,distribution/docker/docker-compose.yml,elasticsearch::::distribution/docker/docker-compose.yml::::services::::elasticsearch-oss::::build::::dockerfile(location: 16),git show e5d1563c0e698929966afdf23eb93200c2a677f3 -- distribution/docker/docker-compose.yml
b20f6f6293877b73a19a86be8922c45a96496ea8,e63ebf7c721013005cfed7e0e49c991c43bf13af,e7aff6c420e07c23bafe749c3640c9da,MissingOptionConflict,ConfigType.ENVIRONMENT<->ConfigType.ENVIRONMENT,elasticsearch::::distribution/docker/docker-compose.yml::::services::::elasticsearch-oss-2::::environment::::cluster.routing.allocation.disk.watermark.high::::1b <-> elasticsearch::::qa/remote-clusters/docker-compose-oss.yml::::services::::elasticsearch-oss-1::::environment::::cluster.routing.allocation.disk.watermark.high::::1b,distribution/docker/docker-compose.yml,elasticsearch::::distribution/docker/docker-compose.yml::::services::::elasticsearch-oss-2::::environment::::cluster.routing.allocation.disk.watermark.high(location: 151),git show b20f6f6293877b73a19a86be8922c45a96496ea8 -- distribution/docker/docker-compose.yml
6c621913e7de232e89512a87525554e09bf14f20,3d7c2be37d5acfee2abaa68351dd7fbeb47dc72e,39f41d3be18c324c8e134d2a52ff6240,MissingOptionConflict,ConfigType.ENVIRONMENT<->ConfigType.ENVIRONMENT,elasticsearch::::docs/reference/setup/install/docker-compose.yml::::services::::es02::::environment::::xpack.license.self_generated.type::::trial <-> elasticsearch::::qa/remote-clusters/docker-compose.yml::::services::::elasticsearch-default-2::::environment::::xpack.license.self_generated.type::::trial,docs/reference/setup/install/docker-compose.yml,elasticsearch::::docs/reference/setup/install/docker-compose.yml::::services::::es02::::environment::::xpack.license.self_generated.type(location: 41),git show 6c621913e7de232e89512a87525554e09bf14f20 -- docs/reference/setup/install/docker-compose.yml
921a3c756b6ddf5b96a67c2a54ac86a3ed2b095a,f525b2ec6266a4de0de728045727aedbfd9b5fbe,af14f0ba96e7203502761caa14032962,MissingOptionConflict,ConfigType.UNKNOWN<->ConfigType.UNKNOWN,elasticsearch::::distribution/docker/docker-compose.yml::::services::::elasticsearch-default-2::::ulimits::::memlock::::hard::::-1 <-> elasticsearch::::docs/reference/setup/install/docker-compose.yml::::services::::es02::::ulimits::::memlock::::hard::::-1,docs/reference/setup/install/docker-compose.yml,elasticsearch::::docs/reference/setup/install/docker-compose.yml::::services::::es02::::ulimits::::memlock::::hard(location: 36),git show 921a3c756b6ddf5b96a67c2a54ac86a3ed2b095a -- docs/reference/setup/install/docker-compose.yml
6c621913e7de232e89512a87525554e09bf14f20,3d7c2be37d5acfee2abaa68351dd7fbeb47dc72e,b5be3ad7123782653bccb1089623595d,MissingOptionConflict,ConfigType.ENVIRONMENT<->ConfigType.ENVIRONMENT,elasticsearch::::distribution/docker/docker-compose.yml::::services::::elasticsearch-default-2::::environment::::ES_JAVA_OPTS::::-Xms512m -Xmx512m <-> elasticsearch::::docs/reference/setup/install/docker-compose.yml::::services::::es01::::environment::::ES_JAVA_OPTS::::-Xms512m -Xmx512m,docs/reference/setup/install/docker-compose.yml,elasticsearch::::docs/reference/setup/install/docker-compose.yml::::services::::es01::::environment::::ES_JAVA_OPTS(location: 12),git show 6c621913e7de232e89512a87525554e09bf14f20 -- docs/reference/setup/install/docker-compose.yml
0bd7945a2163c0d80e0657e0e685571c06615114,efb7da825510def043e8bb6c2f2faa2f5b2e7ed5,abbf9cc9ba7ed8e9fb2f551d9c6bae3d,MissingArtifactConflict,ConfigType.ENVIRONMENT<->ConfigType.ENVIRONMENT,elasticsearch::::distribution/docker/docker-compose.yml::::services::::elasticsearch-default-1::::environment::::ES_JAVA_OPTS::::-Xms512m -Xmx512m <-> elasticsearch::::qa/wildfly/docker-compose.yml::::services::::elasticsearch::::environment::::ES_JAVA_OPTS::::-Xms512m -Xmx512m,,,
b20f6f6293877b73a19a86be8922c45a96496ea8,e63ebf7c721013005cfed7e0e49c991c43bf13af,748f4b4a630eafbb160600c99e82e8ca,MissingOptionConflict,ConfigType.UNKNOWN<->ConfigType.UNKNOWN,elasticsearch::::distribution/docker/docker-compose.yml::::services::::elasticsearch-oss-2::::volumes::::./build/oss-repo:/tmp/es-repo <-> elasticsearch::::qa/remote-clusters/docker-compose-oss.yml::::services::::elasticsearch-oss-1::::volumes::::./build/oss-repo:/tmp/es-repo,distribution/docker/docker-compose.yml,elasticsearch::::distribution/docker/docker-compose.yml::::services::::elasticsearch-oss-2::::volumes(location: 154),git show b20f6f6293877b73a19a86be8922c45a96496ea8 -- distribution/docker/docker-compose.yml
e5d1563c0e698929966afdf23eb93200c2a677f3,a943c4000116cb338c7820ed144a98d7fb5d5206,b08cc9a183723d16aa0d3eb322d95de3,MissingOptionConflict,ConfigType.UNKNOWN<->ConfigType.UNKNOWN,elasticsearch::::distribution/docker/docker-compose.yml::::services::::elasticsearch-default::::build::::dockerfile::::Dockerfile <-> elasticsearch::::plugins/repository-s3/docker-compose.yml::::services::::minio-fixture::::build::::dockerfile::::Dockerfile,distribution/docker/docker-compose.yml,elasticsearch::::distribution/docker/docker-compose.yml::::services::::elasticsearch-default::::build::::dockerfile(location: 7),git show e5d1563c0e698929966afdf23eb93200c2a677f3 -- distribution/docker/docker-compose.yml
b20f6f6293877b73a19a86be8922c45a96496ea8,e63ebf7c721013005cfed7e0e49c991c43bf13af,c21a58bd1bb28d91d3ff476217c5d888,MissingOptionConflict,ConfigType.ENVIRONMENT<->ConfigType.ENVIRONMENT,elasticsearch::::distribution/docker/docker-compose.yml::::services::::elasticsearch-oss-2::::environment::::cluster.routing.allocation.disk.watermark.low::::1b <-> elasticsearch::::qa/remote-clusters/docker-compose-oss.yml::::services::::elasticsearch-oss-1::::environment::::cluster.routing.allocation.disk.watermark.low::::1b,distribution/docker/docker-compose.yml,elasticsearch::::distribution/docker/docker-compose.yml::::services::::elasticsearch-oss-2::::environment::::cluster.routing.allocation.disk.watermark.low(location: 150),git show b20f6f6293877b73a19a86be8922c45a96496ea8 -- distribution/docker/docker-compose.yml
b20f6f6293877b73a19a86be8922c45a96496ea8,e63ebf7c721013005cfed7e0e49c991c43bf13af,83513c4358781331e291e26c69bef999,MissingOptionConflict,ConfigType.IMAGE<->ConfigType.IMAGE,elasticsearch::::distribution/docker/docker-compose.yml::::services::::elasticsearch-oss-1::::image::::elasticsearch:test <-> elasticsearch::::qa/wildfly/docker-compose.yml::::services::::elasticsearch::::image::::elasticsearch:test,distribution/docker/docker-compose.yml,elasticsearch::::distribution/docker/docker-compose.yml::::services::::elasticsearch-oss-1::::image(location: 107),git show b20f6f6293877b73a19a86be8922c45a96496ea8 -- distribution/docker/docker-compose.yml
b20f6f6293877b73a19a86be8922c45a96496ea8,e63ebf7c721013005cfed7e0e49c991c43bf13af,419552f2763e99d159e01fb1aa2a9f2e,MissingOptionConflict,ConfigType.ENVIRONMENT<->ConfigType.ENVIRONMENT,elasticsearch::::distribution/docker/docker-compose.yml::::services::::elasticsearch-oss-2::::environment::::cluster.routing.allocation.disk.watermark.flood_stage::::1b <-> elasticsearch::::qa/remote-clusters/docker-compose-oss.yml::::services::::elasticsearch-oss-1::::environment::::cluster.routing.allocation.disk.watermark.flood_stage::::1b,distribution/docker/docker-compose.yml,elasticsearch::::distribution/docker/docker-compose.yml::::services::::elasticsearch-oss-2::::environment::::cluster.routing.allocation.disk.watermark.flood_stage(location: 152),git show b20f6f6293877b73a19a86be8922c45a96496ea8 -- distribution/docker/docker-compose.yml
b20f6f6293877b73a19a86be8922c45a96496ea8,e63ebf7c721013005cfed7e0e49c991c43bf13af,235b21ac501a6b24f0cf8a1187b73d9a,MissingOptionConflict,ConfigType.ENVIRONMENT<->ConfigType.ENVIRONMENT,elasticsearch::::distribution/docker/docker-compose.yml::::services::::elasticsearch-oss-2::::environment::::path.repo::::/tmp/es-repo <-> elasticsearch::::qa/remote-clusters/docker-compose-oss.yml::::services::::elasticsearch-oss-1::::environment::::path.repo::::/tmp/es-repo,distribution/docker/docker-compose.yml,elasticsearch::::distribution/docker/docker-compose.yml::::services::::elasticsearch-oss-2::::environment::::path.repo(location: 148),git show b20f6f6293877b73a19a86be8922c45a96496ea8 -- distribution/docker/docker-compose.yml
921a3c756b6ddf5b96a67c2a54ac86a3ed2b095a,f525b2ec6266a4de0de728045727aedbfd9b5fbe,2756294650955ff2d725c55de90cd8a7,MissingOptionConflict,ConfigType.UNKNOWN<->ConfigType.UNKNOWN,elasticsearch::::distribution/docker/docker-compose.yml::::services::::elasticsearch-default-2::::ulimits::::memlock::::soft::::-1 <-> elasticsearch::::docs/reference/setup/install/docker-compose.yml::::services::::es03::::ulimits::::memlock::::soft::::-1,docs/reference/setup/install/docker-compose.yml,elasticsearch::::docs/reference/setup/install/docker-compose.yml::::services::::es03::::ulimits::::memlock::::soft(location: 53),git show 921a3c756b6ddf5b96a67c2a54ac86a3ed2b095a -- docs/reference/setup/install/docker-compose.yml
6c621913e7de232e89512a87525554e09bf14f20,3d7c2be37d5acfee2abaa68351dd7fbeb47dc72e,738c8a35f29e714f1adcf7fa5191a434,MissingOptionConflict,ConfigType.NUMBER<->ConfigType.NUMBER,elasticsearch::::docs/reference/setup/install/docker-compose.yml::::services::::es01::::healthcheck::::retries::::5 <-> elasticsearch::::qa/remote-clusters/docker-compose.yml::::services::::elasticsearch-default-1::::healthcheck::::retries::::5,docs/reference/setup/install/docker-compose.yml,elasticsearch::::docs/reference/setup/install/docker-compose.yml::::services::::es01::::healthcheck::::retries(location: 30),git show 6c621913e7de232e89512a87525554e09bf14f20 -- docs/reference/setup/install/docker-compose.yml
6c621913e7de232e89512a87525554e09bf14f20,3d7c2be37d5acfee2abaa68351dd7fbeb47dc72e,56304791a66c7c5cff9a2ffb4973dd4d,MissingOptionConflict,ConfigType.ENVIRONMENT<->ConfigType.ENVIRONMENT,elasticsearch::::docs/reference/setup/install/docker-compose.yml::::services::::es02::::environment::::xpack.security.transport.ssl.verification_mode::::certificate <-> elasticsearch::::qa/remote-clusters/docker-compose.yml::::services::::elasticsearch-default-2::::environment::::xpack.security.transport.ssl.verification_mode::::certificate,docs/reference/setup/install/docker-compose.yml,elasticsearch::::docs/reference/setup/install/docker-compose.yml::::services::::es02::::environment::::xpack.security.transport.ssl.verification_mode(location: 48),git show 6c621913e7de232e89512a87525554e09bf14f20 -- docs/reference/setup/install/docker-compose.yml
b20f6f6293877b73a19a86be8922c45a96496ea8,e63ebf7c721013005cfed7e0e49c991c43bf13af,5bd0f8441404156d8d3b642b68c2ddcb,MissingOptionConflict,ConfigType.COMMAND<->ConfigType.COMMAND,elasticsearch::::distribution/docker/docker-compose.yml::::services::::elasticsearch-oss-1::::healthcheck::::test::::curl <-> elasticsearch::::qa/remote-clusters/docker-compose.yml::::services::::elasticsearch-default-2::::healthcheck::::test::::curl,distribution/docker/docker-compose.yml,elasticsearch::::distribution/docker/docker-compose.yml::::services::::elasticsearch-oss-1::::healthcheck::::test(location: 135),git show b20f6f6293877b73a19a86be8922c45a96496ea8 -- distribution/docker/docker-compose.yml
b20f6f6293877b73a19a86be8922c45a96496ea8,e63ebf7c721013005cfed7e0e49c991c43bf13af,58fc0b35fa0bbc892a63f62b49c060ef,MissingOptionConflict,ConfigType.ENVIRONMENT<->ConfigType.ENVIRONMENT,elasticsearch::::distribution/docker/docker-compose.yml::::services::::elasticsearch-oss-1::::environment::::ES_JAVA_OPTS::::-Xms512m -Xmx512m <-> elasticsearch::::docs/reference/setup/install/docker-compose.yml::::services::::es03::::environment::::ES_JAVA_OPTS::::-Xms512m -Xmx512m,distribution/docker/docker-compose.yml,elasticsearch::::distribution/docker/docker-compose.yml::::services::::elasticsearch-oss-1::::environment::::ES_JAVA_OPTS(location: 114),git show b20f6f6293877b73a19a86be8922c45a96496ea8 -- distribution/docker/docker-compose.yml
6c621913e7de232e89512a87525554e09bf14f20,3d7c2be37d5acfee2abaa68351dd7fbeb47dc72e,d031a76e3c2b4080be2ded7a59c96a91,MissingOptionConflict,ConfigType.PORT<->ConfigType.PORT,elasticsearch::::distribution/docker/src/docker/Dockerfile::::expose::::9200 <-> elasticsearch::::docs/reference/setup/install/docker-compose.yml::::services::::es01::::ports::::in::::9200,docs/reference/setup/install/docker-compose.yml,elasticsearch::::docs/reference/setup/install/docker-compose.yml::::services::::es01::::ports::::in(location: 25),git show 6c621913e7de232e89512a87525554e09bf14f20 -- docs/reference/setup/install/docker-compose.yml
6c621913e7de232e89512a87525554e09bf14f20,3d7c2be37d5acfee2abaa68351dd7fbeb47dc72e,e3cc973c32ab80324b942e94b067fb81,MissingOptionConflict,ConfigType.ENVIRONMENT<->ConfigType.ENVIRONMENT,elasticsearch::::docs/reference/setup/install/docker-compose.yml::::services::::es03::::environment::::xpack.security.transport.ssl.verification_mode::::certificate <-> elasticsearch::::qa/remote-clusters/docker-compose.yml::::services::::elasticsearch-default-2::::environment::::xpack.http.ssl.verification_mode::::certificate,docs/reference/setup/install/docker-compose.yml,elasticsearch::::docs/reference/setup/install/docker-compose.yml::::services::::es03::::environment::::xpack.security.transport.ssl.verification_mode(location: 70),git show 6c621913e7de232e89512a87525554e09bf14f20 -- docs/reference/setup/install/docker-compose.yml
b20f6f6293877b73a19a86be8922c45a96496ea8,e63ebf7c721013005cfed7e0e49c991c43bf13af,d936b9b4b3ca53e0234dffa0bcf95ea1,MissingOptionConflict,ConfigType.PORT<->ConfigType.PORT,elasticsearch::::distribution/docker/docker-compose.yml::::services::::elasticsearch-oss-2::::ports::::9200 <-> elasticsearch::::qa/remote-clusters/docker-compose-oss.yml::::services::::elasticsearch-oss-2::::ports::::9200,distribution/docker/docker-compose.yml,elasticsearch::::distribution/docker/docker-compose.yml::::services::::elasticsearch-oss-2::::ports(location: 157),git show b20f6f6293877b73a19a86be8922c45a96496ea8 -- distribution/docker/docker-compose.yml
b20f6f6293877b73a19a86be8922c45a96496ea8,e63ebf7c721013005cfed7e0e49c991c43bf13af,6a6c7359220d564501ae4e57e7a62616,MissingOptionConflict,ConfigType.TIME<->ConfigType.TIME,elasticsearch::::distribution/docker/docker-compose.yml::::services::::elasticsearch-oss-2::::healthcheck::::timeout::::2s <-> elasticsearch::::qa/remote-clusters/docker-compose-oss.yml::::services::::elasticsearch-oss-1::::healthcheck::::timeout::::2s,distribution/docker/docker-compose.yml,elasticsearch::::distribution/docker/docker-compose.yml::::services::::elasticsearch-oss-2::::healthcheck::::timeout(location: 167),git show b20f6f6293877b73a19a86be8922c45a96496ea8 -- distribution/docker/docker-compose.yml
b20f6f6293877b73a19a86be8922c45a96496ea8,e63ebf7c721013005cfed7e0e49c991c43bf13af,c4abbb9a6dbb12a0866b1b97ccff7127,MissingOptionConflict,ConfigType.ENVIRONMENT<->ConfigType.ENVIRONMENT,elasticsearch::::distribution/docker/docker-compose.yml::::services::::elasticsearch-oss-1::::environment::::cluster.routing.allocation.disk.watermark.flood_stage::::1b <-> elasticsearch::::qa/remote-clusters/docker-compose.yml::::services::::elasticsearch-default-2::::environment::::cluster.routing.allocation.disk.watermark.flood_stage::::1b,distribution/docker/docker-compose.yml,elasticsearch::::distribution/docker/docker-compose.yml::::services::::elasticsearch-oss-1::::environment::::cluster.routing.allocation.disk.watermark.flood_stage(location: 119),git show b20f6f6293877b73a19a86be8922c45a96496ea8 -- distribution/docker/docker-compose.yml
b20f6f6293877b73a19a86be8922c45a96496ea8,e63ebf7c721013005cfed7e0e49c991c43bf13af,7c7d4f4e2aa949f06a4aa06b6b9bf5ba,MissingOptionConflict,ConfigType.IMAGE<->ConfigType.IMAGE,elasticsearch::::distribution/docker/docker-compose.yml::::services::::elasticsearch-oss-2::::image::::elasticsearch:test <-> elasticsearch::::qa/wildfly/docker-compose.yml::::services::::elasticsearch::::image::::elasticsearch:test,distribution/docker/docker-compose.yml,elasticsearch::::distribution/docker/docker-compose.yml::::services::::elasticsearch-oss-2::::image(location: 140),git show b20f6f6293877b73a19a86be8922c45a96496ea8 -- distribution/docker/docker-compose.yml
90bc8872dee7384a5eb4e6247dacd40afd8879b6,efc39523a1cc0ad60d9867d9c5b44c87071c4c76,7e4cbf497ed5e3c92d8dd5cb9ccf7978,MissingOptionConflict,ConfigType.PORT<->ConfigType.PORT,elasticsearch::::distribution/docker/docker-compose.yml::::services::::elasticsearch-default::::ports::::9200 <-> elasticsearch::::distribution/docker/src/docker/Dockerfile::::expose::::9200,distribution/docker/docker-compose.yml,elasticsearch::::distribution/docker/docker-compose.yml::::services::::elasticsearch-default::::ports(location: 9),git show 90bc8872dee7384a5eb4e6247dacd40afd8879b6 -- distribution/docker/docker-compose.yml
b20f6f6293877b73a19a86be8922c45a96496ea8,e63ebf7c721013005cfed7e0e49c991c43bf13af,e66383bdb80eddb20d1fa1575f2a8216,MissingOptionConflict,ConfigType.ENVIRONMENT<->ConfigType.ENVIRONMENT,elasticsearch::::distribution/docker/docker-compose.yml::::services::::elasticsearch-oss-2::::environment::::node.attr.testattr::::test <-> elasticsearch::::qa/remote-clusters/docker-compose.yml::::services::::elasticsearch-default-2::::environment::::node.attr.testattr::::test,distribution/docker/docker-compose.yml,elasticsearch::::distribution/docker/docker-compose.yml::::services::::elasticsearch-oss-2::::environment::::node.attr.testattr(location: 149),git show b20f6f6293877b73a19a86be8922c45a96496ea8 -- distribution/docker/docker-compose.yml
b20f6f6293877b73a19a86be8922c45a96496ea8,e63ebf7c721013005cfed7e0e49c991c43bf13af,ebff9d9e6e467a5d4af2da503e3c13be,MissingOptionConflict,ConfigType.ENVIRONMENT<->ConfigType.ENVIRONMENT,elasticsearch::::distribution/docker/docker-compose.yml::::services::::elasticsearch-oss-2::::environment::::node.name::::elasticsearch-oss-2 <-> elasticsearch::::qa/remote-clusters/docker-compose-oss.yml::::services::::elasticsearch-oss-2::::environment::::node.name::::elasticsearch-oss-2,distribution/docker/docker-compose.yml,elasticsearch::::distribution/docker/docker-compose.yml::::services::::elasticsearch-oss-2::::environment::::node.name(location: 142),git show b20f6f6293877b73a19a86be8922c45a96496ea8 -- distribution/docker/docker-compose.yml
b20f6f6293877b73a19a86be8922c45a96496ea8,e63ebf7c721013005cfed7e0e49c991c43bf13af,4de5f7681b7288ae93ffc0261eef2a5f,MissingOptionConflict,ConfigType.UNKNOWN<->ConfigType.UNKNOWN,elasticsearch::::distribution/docker/docker-compose.yml::::services::::elasticsearch-oss-1::::ulimits::::nofile::::soft::::65536 <-> elasticsearch::::qa/wildfly/docker-compose.yml::::services::::elasticsearch::::ulimits::::nofile::::hard::::65536,distribution/docker/docker-compose.yml,elasticsearch::::distribution/docker/docker-compose.yml::::services::::elasticsearch-oss-1::::ulimits::::nofile::::soft(location: 131),git show b20f6f6293877b73a19a86be8922c45a96496ea8 -- distribution/docker/docker-compose.yml
b20f6f6293877b73a19a86be8922c45a96496ea8,e63ebf7c721013005cfed7e0e49c991c43bf13af,73ab9a5cf4f20d2763bd395760bca610,MissingOptionConflict,ConfigType.ENVIRONMENT<->ConfigType.ENVIRONMENT,elasticsearch::::distribution/docker/docker-compose.yml::::services::::elasticsearch-oss-1::::environment::::node.attr.testattr::::test <-> elasticsearch::::qa/remote-clusters/docker-compose-oss.yml::::services::::elasticsearch-oss-1::::environment::::node.attr.testattr::::test,distribution/docker/docker-compose.yml,elasticsearch::::distribution/docker/docker-compose.yml::::services::::elasticsearch-oss-1::::environment::::node.attr.testattr(location: 116),git show b20f6f6293877b73a19a86be8922c45a96496ea8 -- distribution/docker/docker-compose.yml
6c621913e7de232e89512a87525554e09bf14f20,3d7c2be37d5acfee2abaa68351dd7fbeb47dc72e,9c0968df522214137c9db9f15559c7a6,MissingOptionConflict,ConfigType.PORT<->ConfigType.PORT,elasticsearch::::docs/reference/setup/install/docker-compose.yml::::services::::es01::::ports::::out::::9200 <-> elasticsearch::::qa/remote-clusters/docker-compose.yml::::services::::elasticsearch-default-1::::ports::::9200,docs/reference/setup/install/docker-compose.yml,elasticsearch::::docs/reference/setup/install/docker-compose.yml::::services::::es01::::ports::::out(location: 25),git show 6c621913e7de232e89512a87525554e09bf14f20 -- docs/reference/setup/install/docker-compose.yml
a5798b3b46841ed3fb98dc5d5ee9bbbbfe123f90,1e4f672d2b20f3d4eb3f2c9e9f03f2c8fb64bf40,68d137548d647eaf8e17bb1fd2dfdbd4,MissingArtifactConflict,ConfigType.COMMAND<->ConfigType.COMMAND,elasticsearch::::distribution/docker/docker-compose.yml::::services::::elasticsearch-default-1::::healthcheck::::test::::curl <-> elasticsearch::::qa/wildfly/docker-compose-oss.yml::::services::::elasticsearch::::healthcheck::::test::::curl,,,
b20f6f6293877b73a19a86be8922c45a96496ea8,e63ebf7c721013005cfed7e0e49c991c43bf13af,ff30036984b70f21079c9de171aacba3,MissingOptionConflict,ConfigType.UNKNOWN<->ConfigType.UNKNOWN,elasticsearch::::distribution/docker/docker-compose.yml::::services::::elasticsearch-oss-2::::ulimits::::memlock::::hard::::-1 <-> elasticsearch::::docs/reference/setup/install/docker-compose.yml::::services::::es03::::ulimits::::memlock::::hard::::-1,distribution/docker/docker-compose.yml,elasticsearch::::distribution/docker/docker-compose.yml::::services::::elasticsearch-oss-2::::ulimits::::memlock::::hard(location: 162),git show b20f6f6293877b73a19a86be8922c45a96496ea8 -- distribution/docker/docker-compose.yml
b20f6f6293877b73a19a86be8922c45a96496ea8,e63ebf7c721013005cfed7e0e49c991c43bf13af,4be7c00c7a847ce666f024f4916e6826,MissingOptionConflict,ConfigType.UNKNOWN<->ConfigType.UNKNOWN,elasticsearch::::distribution/docker/docker-compose.yml::::services::::elasticsearch-oss-1::::ulimits::::nofile::::hard::::65536 <-> elasticsearch::::qa/wildfly/docker-compose.yml::::services::::elasticsearch::::ulimits::::nofile::::hard::::65536,distribution/docker/docker-compose.yml,elasticsearch::::distribution/docker/docker-compose.yml::::services::::elasticsearch-oss-1::::ulimits::::nofile::::hard(location: 132),git show b20f6f6293877b73a19a86be8922c45a96496ea8 -- distribution/docker/docker-compose.yml
6c621913e7de232e89512a87525554e09bf14f20,3d7c2be37d5acfee2abaa68351dd7fbeb47dc72e,5ed017af05d5d124f0a673c770be95ad,MissingOptionConflict,ConfigType.ENVIRONMENT<->ConfigType.ENVIRONMENT,elasticsearch::::distribution/docker/docker-compose.yml::::services::::elasticsearch-default-1::::environment::::xpack.license.self_generated.type::::trial <-> elasticsearch::::docs/reference/setup/install/docker-compose.yml::::services::::es03::::environment::::xpack.license.self_generated.type::::trial,docs/reference/setup/install/docker-compose.yml,elasticsearch::::docs/reference/setup/install/docker-compose.yml::::services::::es03::::environment::::xpack.license.self_generated.type(location: 63),git show 6c621913e7de232e89512a87525554e09bf14f20 -- docs/reference/setup/install/docker-compose.yml
6c621913e7de232e89512a87525554e09bf14f20,3d7c2be37d5acfee2abaa68351dd7fbeb47dc72e,72a49c6f4cf69e838cb3a1d2ca755734,MissingOptionConflict,ConfigType.TIME<->ConfigType.TIME,elasticsearch::::docs/reference/setup/install/docker-compose.yml::::services::::es01::::healthcheck::::timeout::::10s <-> elasticsearch::::qa/wildfly/docker-compose.yml::::services::::elasticsearch::::healthcheck::::interval::::10s,docs/reference/setup/install/docker-compose.yml,elasticsearch::::docs/reference/setup/install/docker-compose.yml::::services::::es01::::healthcheck::::timeout(location: 29),git show 6c621913e7de232e89512a87525554e09bf14f20 -- docs/reference/setup/install/docker-compose.yml
3421106581cf31c4c468577742d60a340a58c511,5383d9448f5ec77774d0c89da1ce57e8785beeec,b186a9d7c2b9ec0f560e41507da22b42,MissingArtifactConflict,ConfigType.TIME<->ConfigType.TIME,elasticsearch::::docs/reference/setup/install/docker-compose.yml::::services::::es03::::healthcheck::::interval::::10s <-> elasticsearch::::qa/remote-clusters/docker-compose.yml::::services::::elasticsearch-default-2::::healthcheck::::interval::::10s,,,
6c621913e7de232e89512a87525554e09bf14f20,3d7c2be37d5acfee2abaa68351dd7fbeb47dc72e,0690a536528cb799758cd51d5cc13b24,MissingOptionConflict,ConfigType.ENVIRONMENT<->ConfigType.ENVIRONMENT,elasticsearch::::distribution/docker/docker-compose.yml::::services::::elasticsearch-default-2::::environment::::ES_JAVA_OPTS::::-Xms512m -Xmx512m <-> elasticsearch::::docs/reference/setup/install/docker-compose.yml::::services::::es03::::environment::::ES_JAVA_OPTS::::-Xms512m -Xmx512m,docs/reference/setup/install/docker-compose.yml,elasticsearch::::docs/reference/setup/install/docker-compose.yml::::services::::es03::::environment::::ES_JAVA_OPTS(location: 62),git show 6c621913e7de232e89512a87525554e09bf14f20 -- docs/reference/setup/install/docker-compose.yml
b20f6f6293877b73a19a86be8922c45a96496ea8,e63ebf7c721013005cfed7e0e49c991c43bf13af,b4a2bd1308ab28f7c1cadd2623c2c38d,MissingOptionConflict,ConfigType.UNKNOWN<->ConfigType.UNKNOWN,elasticsearch::::distribution/docker/docker-compose.yml::::services::::elasticsearch-oss-1::::ulimits::::memlock::::soft::::-1 <-> elasticsearch::::docs/reference/setup/install/docker-compose.yml::::services::::es01::::ulimits::::memlock::::hard::::-1,distribution/docker/docker-compose.yml,elasticsearch::::distribution/docker/docker-compose.yml::::services::::elasticsearch-oss-1::::ulimits::::memlock::::soft(location: 128),git show b20f6f6293877b73a19a86be8922c45a96496ea8 -- distribution/docker/docker-compose.yml
b20f6f6293877b73a19a86be8922c45a96496ea8,e63ebf7c721013005cfed7e0e49c991c43bf13af,48cc2584755fcc6eb5ddea4700d22472,MissingOptionConflict,ConfigType.TIME<->ConfigType.TIME,elasticsearch::::distribution/docker/docker-compose.yml::::services::::elasticsearch-oss-1::::healthcheck::::interval::::10s <-> elasticsearch::::qa/remote-clusters/docker-compose.yml::::services::::elasticsearch-default-1::::healthcheck::::interval::::10s,distribution/docker/docker-compose.yml,elasticsearch::::distribution/docker/docker-compose.yml::::services::::elasticsearch-oss-1::::healthcheck::::interval(location: 136),git show b20f6f6293877b73a19a86be8922c45a96496ea8 -- distribution/docker/docker-compose.yml
d8fb95821502ad6112c883d7b3c99e508e5b4549,212480a7d80f64318466bc29b4399abd296f72b2,9bbe3b14afaf31c9b35c389aa00e3a86,MissingArtifactConflict,ConfigType.VERSION_NUMBER<->ConfigType.VERSION_NUMBER,elasticsearch::::distribution/docker/docker-compose.yml::::version::::version:3 <-> elasticsearch::::plugins/repository-s3/docker-compose.yml::::version::::version:3,,,
