occurred_at,prev_commit,conflict_id,conflict_type,config_types,link,changed_artifact,changed_option,cmd
745c327750b264861b461aa3d577b558a236df7b,916aa379d175339c1806e92286eaa0582fd21abd,f38c785264270e8d873c65a1c7eeb859,MissingArtifactConflict,ConfigType.VERSION_NUMBER<->ConfigType.VERSION_NUMBER,superset::::.github/actions/cached-dependencies/package.json::::version::::version:1.0.0 <-> superset::::superset-frontend/cypress-base/package.json::::version::::version:1.0.0,,,
4f661e8a7194385dbdaff10aada715fab3c1a9cb,bee92f27d0f44c43982ade79d07123ecbdd663d0,761bd5b5f8bca70b6a693cc95089d112,MissingOptionConflict,ConfigType.NAME<->ConfigType.NAME,superset::::.travis.yml::::jobs::::include::::language/python::::services::::postgres <-> superset::::contrib/docker/docker-compose.yml::::services::::superset::::depends_on::::postgres,.travis.yml,superset::::.travis.yml::::jobs::::include::::language/python::::services(location: 68),git show 4f661e8a7194385dbdaff10aada715fab3c1a9cb -- .travis.yml
745c327750b264861b461aa3d577b558a236df7b,916aa379d175339c1806e92286eaa0582fd21abd,9e1e7a6def92f54f3e5a43bcf592188e,MissingArtifactConflict,ConfigType.UNKNOWN<->ConfigType.UNKNOWN,superset::::.github/actions/pr-lint-action/package.json::::repository::::type::::git <-> superset::::superset-frontend/package.json::::repository::::type::::git,,,
650122c235392a8b17d2c8d77190e08ed257a0a1,ae0af03a17d8c356e9e97bb413b8286b3ed9a08c,eec186b23ebc7f6bca5da76ab43ed3b6,MissingOptionConflict,ConfigType.NAME<->ConfigType.NAME,superset::::.travis.yml::::services::::postgres <-> superset::::contrib/docker/docker-compose.yml::::services::::superset::::depends_on::::postgres,.travis.yml,superset::::.travis.yml::::services(location: 5),git show 650122c235392a8b17d2c8d77190e08ed257a0a1 -- .travis.yml
d07ed96512d2223abc6cda098983fa9c6e52c65e,346000c13e0ac177eb53700fd005213069d67df4,9788683dea72bcc06d58c604520a70c8,MissingArtifactConflict,ConfigType.PATH<->ConfigType.PATH,superset::::contrib/docker/Dockerfile::::copy::::dest::::. <-> superset::::superset/assets/tsconfig.json::::compilerOptions::::baseUrl::::.,,,
745c327750b264861b461aa3d577b558a236df7b,916aa379d175339c1806e92286eaa0582fd21abd,473488dce5148d04a90310755f60409b,MissingArtifactConflict,ConfigType.UNKNOWN<->ConfigType.UNKNOWN,superset::::.github/actions/file-changes-action/package.json::::repository::::type::::git <-> superset::::superset-frontend/package.json::::repository::::type::::git,,,
745c327750b264861b461aa3d577b558a236df7b,916aa379d175339c1806e92286eaa0582fd21abd,0bdb4cb5e8c7f8ec7ed84dd6873145d0,MissingArtifactConflict,ConfigType.UNKNOWN<->ConfigType.UNKNOWN,superset::::.github/actions/latest-tag/package.json::::repository::::type::::git <-> superset::::superset-frontend/package.json::::repository::::type::::git,,,
ca8d21a197e6f006c10e194f3b3e39bb7a3ade2e,f6f7df8e2905dad66aa2dd0e12dfc14f81d32584,0cfbca464920e8c32fcc6283b845577b,MissingArtifactConflict,ConfigType.VERSION_NUMBER<->ConfigType.VERSION_NUMBER,superset::::dashed/assets/package.json::::dependencies::::jquery::::jquery:^2.2.1 <-> superset::::panoramix/assets/package.json::::dependencies::::jquery::::jquery:^2.2.1,,,
745c327750b264861b461aa3d577b558a236df7b,916aa379d175339c1806e92286eaa0582fd21abd,fedfb4987ff2de2e8f12333c9b24e5e4,MissingArtifactConflict,ConfigType.UNKNOWN<->ConfigType.UNKNOWN,superset::::.github/actions/cancel-workflow-runs/package.json::::repository::::type::::git <-> superset::::superset-frontend/package.json::::repository::::type::::git,,,
