occurred_at,prev_commit,conflict_id,conflict_type,config_types,link,changed_artifact,changed_option,cmd
225d561d8737712217f7c9111a4b45c7139155ec,35a47d7201f00b92fc9a18be0051b03f3d83cadb,48135a47f27858e3663f6a1318cc0e53,MissingArtifactConflict,ConfigType.UNKNOWN<->ConfigType.UNKNOWN,rust::::src/ci/docker/arm-android/Dockerfile::::from::::ubuntu:16.04 <-> rust::::src/ci/docker/emscripten/Dockerfile::::from::::ubuntu:16.04,,,
4cd2ac143f5750024d2abd099877ca83fbac3741,e0b530db0637fe8a43cba69c2d163cfc986e9290,6f098dd375c6b514296ab348a7f20cc8,ModifiedOptionConflict,ConfigType.UNKNOWN<->ConfigType.UNKNOWN,rust::::src/ci/docker/host-aarch64/aarch64-gnu/Dockerfile::::from::::ubuntu:20.04 <-> rust::::src/ci/docker/host-x86_64/dist-i686-linux/Dockerfile::::from::::ubuntu:20.04,src/ci/docker/host-x86_64/dist-i686-linux/Dockerfile,rust::::src/ci/docker/host-x86_64/dist-i686-linux/Dockerfile::::from(location: 5),git show 4cd2ac143f5750024d2abd099877ca83fbac3741 -- src/ci/docker/host-x86_64/dist-i686-linux/Dockerfile
7bacd9242c6f5176f21cd65febf872dd85b0b6dd,2f9df56395c9cd81ce151494e0fcb2de0cd132e0,a7cd006efd571925b57e9e7663e44b2f,MissingArtifactConflict,ConfigType.UNKNOWN<->ConfigType.UNKNOWN,rust::::src/ci/docker/arm-android/Dockerfile::::from::::ubuntu:16.04 <-> rust::::src/ci/docker/i686-gnu/Dockerfile::::from::::ubuntu:16.04,,,
b9eb2a492c54df856a4ab27251fd2b45a2dc75b0,652b6e7a7a9435921c7d388ae245ef402fe630d0,654524a3513b9ec3542d9d6165ae29d3,MissingArtifactConflict,ConfigType.UNKNOWN<->ConfigType.UNKNOWN,rust::::src/ci/docker/arm-android/Dockerfile::::from::::ubuntu:16.04 <-> rust::::src/ci/docker/dist-s390x-linux-netbsd/Dockerfile::::from::::ubuntu:16.04,,,
7c2dd3780e2a1b0701432709f767b05d31ecd659,8b608b47e6d65669c1c11b1a791b8c9293c7670d,39ac0717e6287276dd62f97df99fb041,MissingArtifactConflict,ConfigType.UNKNOWN<->ConfigType.UNKNOWN,rust::::src/ci/docker/arm-android/Dockerfile::::from::::ubuntu:16.04 <-> rust::::src/ci/docker/cross/Dockerfile::::from::::ubuntu:16.04,,,
f9d6956b4be402899efed0599d141cda4049193a,3255b5455266a3791cc6e1f2532d29745158585b,c79982d9ef1ae629db1e7bcb5a07fd88,ModifiedOptionConflict,ConfigType.UNKNOWN<->ConfigType.UNKNOWN,rust::::src/ci/docker/host-x86_64/arm-android/Dockerfile::::from::::ubuntu:16.04 <-> rust::::src/ci/docker/host-x86_64/dist-various-1/Dockerfile::::from::::ubuntu:16.04,src/ci/docker/host-x86_64/dist-various-1/Dockerfile,rust::::src/ci/docker/host-x86_64/dist-various-1/Dockerfile::::from(location: 1),git show f9d6956b4be402899efed0599d141cda4049193a -- src/ci/docker/host-x86_64/dist-various-1/Dockerfile
e9a8cdb6652420ad783f81aee806917a440be1cd,30b3bf9bfd60aa224158b337155853bc279c5670,ea85f21c9b5af27362074986bd829638,MissingArtifactConflict,ConfigType.UNKNOWN<->ConfigType.UNKNOWN,rust::::src/ci/docker/arm-android/Dockerfile::::from::::ubuntu:16.04 <-> rust::::src/ci/docker/x86_64-gnu-llvm-6.0/Dockerfile::::from::::ubuntu:16.04,,,
84c633fe1543ae26e4c7dffd7870d07fff66f5e9,d7d08467b0eea18f8051a14eb9a576d943a8c2a3,c7fce7888fc79725eafb86be05a528ac,ModifiedOptionConflict,ConfigType.UNKNOWN<->ConfigType.UNKNOWN,rust::::src/ci/docker/host-x86_64/arm-android/Dockerfile::::from::::ubuntu:16.04 <-> rust::::src/ci/docker/host-x86_64/dist-armhf-linux/Dockerfile::::from::::ubuntu:16.04,src/ci/docker/host-x86_64/dist-armhf-linux/Dockerfile,rust::::src/ci/docker/host-x86_64/dist-armhf-linux/Dockerfile::::from(location: 1),git show 84c633fe1543ae26e4c7dffd7870d07fff66f5e9 -- src/ci/docker/host-x86_64/dist-armhf-linux/Dockerfile
4a75b99e7f9eefcb5ff866b76b75d8898b047d57,546d5c7db9c44ebc42b5d4315267cacb00beb673,bcf01b28dd673410f78bbef451c73f5a,MissingOptionConflict,ConfigType.PATH<->ConfigType.PATH,rust::::src/ci/docker/arm-android/Dockerfile::::copy::::dest::::/tmp <-> rust::::src/ci/docker/armhf-gnu/Dockerfile::::workdir::::/tmp,src/ci/docker/arm-android/Dockerfile,rust::::src/ci/docker/arm-android/Dockerfile::::copy::::dest(location: 28),git show 4a75b99e7f9eefcb5ff866b76b75d8898b047d57 -- src/ci/docker/arm-android/Dockerfile
7201084e17d9a41554d54e7b3058356fe7725f1c,775a0855dbc4f3fcf4796bc3fd6df31ccaa36ee7,19346d097973bd068e5cdab155d46557,MissingArtifactConflict,ConfigType.PATH<->ConfigType.PATH,rust::::src/ci/docker/host-x86_64/arm-android/Dockerfile::::copy::::dest::::/scripts/ <-> rust::::src/ci/docker/host-x86_64/x86_64-gnu-llvm-8/Dockerfile::::copy::::dest::::/scripts/,,,
732f3a020e8f8b9b227426cd010c60e448e52d3a,cf3205a28695404b68cb3e9b3dce1975f763aea8,ef4d21f08946806a09dad7d196ba4589,MissingArtifactConflict,ConfigType.UNKNOWN<->ConfigType.UNKNOWN,rust::::src/ci/docker/arm-android/Dockerfile::::from::::ubuntu:16.04 <-> rust::::src/ci/docker/dist-i586-gnu-i686-musl/Dockerfile::::from::::ubuntu:16.04,,,
78cfad3e04f9421094cba147e74aa59992f536d8,901e01b47c15556a2bc363f9c21665c0da0ef609,d781e2accd2db256191e4bed9e2d2aaf,ModifiedOptionConflict,ConfigType.UNKNOWN<->ConfigType.UNKNOWN,rust::::src/ci/docker/host-x86_64/arm-android/Dockerfile::::from::::ubuntu:16.04 <-> rust::::src/ci/docker/host-x86_64/dist-s390x-linux/Dockerfile::::from::::ubuntu:16.04,src/ci/docker/host-x86_64/dist-s390x-linux/Dockerfile,rust::::src/ci/docker/host-x86_64/dist-s390x-linux/Dockerfile::::from(location: 1),git show 78cfad3e04f9421094cba147e74aa59992f536d8 -- src/ci/docker/host-x86_64/dist-s390x-linux/Dockerfile
0661b97b20c07ae0955ad2abac06ee8eef947990,da2c66a9f77f18b7f175edddfe1f855133307527,4d93b48868913a9becb17a4ef9f36ba5,MissingOptionConflict,ConfigType.PATH<->ConfigType.PATH,rust::::src/ci/docker/arm-android/Dockerfile::::copy::::src::::scripts/dumb-init.sh <-> rust::::src/ci/docker/x86_64-gnu-full-bootstrap/Dockerfile::::copy::::src::::scripts/dumb-init.sh,src/ci/docker/arm-android/Dockerfile,rust::::src/ci/docker/arm-android/Dockerfile::::copy::::src(location: 6),git show 0661b97b20c07ae0955ad2abac06ee8eef947990 -- src/ci/docker/arm-android/Dockerfile
84c633fe1543ae26e4c7dffd7870d07fff66f5e9,d7d08467b0eea18f8051a14eb9a576d943a8c2a3,7107c318b059b79edd40c0a465f3d905,ModifiedOptionConflict,ConfigType.UNKNOWN<->ConfigType.UNKNOWN,rust::::src/ci/docker/host-x86_64/arm-android/Dockerfile::::from::::ubuntu:16.04 <-> rust::::src/ci/docker/host-x86_64/dist-arm-linux/Dockerfile::::from::::ubuntu:16.04,src/ci/docker/host-x86_64/dist-arm-linux/Dockerfile,rust::::src/ci/docker/host-x86_64/dist-arm-linux/Dockerfile::::from(location: 1),git show 84c633fe1543ae26e4c7dffd7870d07fff66f5e9 -- src/ci/docker/host-x86_64/dist-arm-linux/Dockerfile
41bd56c0b01e701d6e728ed856c918ad1243615b,e783796b8d9d83611ed5b0577c01bdcdd090e03f,679075231cedd34f0db540153c30b517,ModifiedOptionConflict,ConfigType.UNKNOWN<->ConfigType.UNKNOWN,rust::::src/ci/docker/arm-android/Dockerfile::::from::::ubuntu:16.04 <-> rust::::src/ci/docker/dist-x86_64-freebsd/Dockerfile::::from::::ubuntu:16.04,src/ci/docker/dist-x86_64-freebsd/Dockerfile,rust::::src/ci/docker/dist-x86_64-freebsd/Dockerfile::::from(location: 1),git show 41bd56c0b01e701d6e728ed856c918ad1243615b -- src/ci/docker/dist-x86_64-freebsd/Dockerfile
9d7a0d4a5309594d03571f1d9e7a395e833a44b0,0b6b7cfd552d56b1f3c5848762f2239ec38c39a3,bf8cf9503106675f66d497ce43cd2303,MissingArtifactConflict,ConfigType.PATH<->ConfigType.PATH,rust::::src/ci/docker/arm-android/Dockerfile::::copy::::dest::::/scripts/ <-> rust::::src/ci/docker/x86_64-gnu-llvm-7/Dockerfile::::copy::::dest::::/scripts/,,,
bc1e98d841f8099f73189800f23fba9723b5c68e,95a7ae9b149d2adfa5ec0199c49c9d6f7d8f84f5,f068e23c9b258a9511f8044caead534a,ModifiedOptionConflict,ConfigType.UNKNOWN<->ConfigType.UNKNOWN,rust::::src/ci/docker/arm-android/Dockerfile::::from::::ubuntu:16.04 <-> rust::::src/ci/docker/x86_64-gnu-debug/Dockerfile::::from::::ubuntu:16.04,src/ci/docker/x86_64-gnu-debug/Dockerfile,rust::::src/ci/docker/x86_64-gnu-debug/Dockerfile::::from(location: 1),git show bc1e98d841f8099f73189800f23fba9723b5c68e -- src/ci/docker/x86_64-gnu-debug/Dockerfile
14be16b2ffd7485fdb67e29582cddda9d9b31242,8c4605e23212e33a7928ed0339f9602491f2ce69,73217f200e634f8658c70e3de972bce0,MissingArtifactConflict,ConfigType.UNKNOWN<->ConfigType.UNKNOWN,rust::::src/ci/docker/arm-android/Dockerfile::::from::::ubuntu:16.04 <-> rust::::src/ci/docker/x86_64-gnu-incremental/Dockerfile::::from::::ubuntu:16.04,,,
24847a72b034181127861232812cd208fe77be9d,bb3e5dbfc16370aac366afe43cc7a60475b2c374,b738c54e6eb0ae4400a79b59fef5d7e4,MissingOptionConflict,ConfigType.PATH<->ConfigType.PATH,rust::::src/ci/docker/arm-android/Dockerfile::::workdir::::/android/ <-> rust::::src/ci/docker/dist-android/Dockerfile::::copy::::dest::::/android/,src/ci/docker/arm-android/Dockerfile,rust::::src/ci/docker/arm-android/Dockerfile::::workdir(location: 23),git show 24847a72b034181127861232812cd208fe77be9d -- src/ci/docker/arm-android/Dockerfile
246a198e94bc1cfe9bb7731b8955757351c08f41,57c2f587a35b79de62110a006199602416c76780,16fd04830629ea541f7ba85e990ad98c,MissingArtifactConflict,ConfigType.PATH<->ConfigType.PATH,rust::::src/ci/docker/arm-android/Dockerfile::::copy::::dest::::/scripts/ <-> rust::::src/ci/docker/disabled/wasm32-exp/Dockerfile::::copy::::dest::::/scripts/,,,
8173127f05604b936de4ddb662f1494575a2ddd9,c354f359472e97be23f52fe05dd694454958e0fe,db5db35e39c19c086d6471cb62772db7,MissingArtifactConflict,ConfigType.PATH<->ConfigType.PATH,rust::::src/ci/docker/host-x86_64/arm-android/Dockerfile::::copy::::dest::::/scripts/ <-> rust::::src/ci/docker/host-x86_64/dist-i686-freebsd/Dockerfile::::copy::::dest::::/scripts/,,,
b02153bfc58601f7af770886570e5b0193f50d80,46342cff9a8df73b3fdc2581e328e567e9e3c4ad,ab822fbd4d605b791170ae7c9dd88e41,MissingArtifactConflict,ConfigType.PATH<->ConfigType.PATH,rust::::src/ci/docker/arm-android/Dockerfile::::copy::::dest::::/scripts/ <-> rust::::src/ci/docker/x86_64-gnu-llvm-5.0/Dockerfile::::copy::::dest::::/scripts/,,,
3ca966465f2f870f81b8fa379fb26c06a0ce0bb7,8844adacabcd3c09b0dbc8fc400fa4f17237d496,578d8cd22807adc742ec7dca46e66e63,MissingArtifactConflict,ConfigType.PATH<->ConfigType.PATH,rust::::src/ci/docker/host-aarch64/aarch64-gnu/Dockerfile::::copy::::dest::::/scripts/ <-> rust::::src/ci/docker/host-x86_64/x86_64-gnu-llvm-9/Dockerfile::::copy::::dest::::/scripts/,,,
84c633fe1543ae26e4c7dffd7870d07fff66f5e9,d7d08467b0eea18f8051a14eb9a576d943a8c2a3,93c85ee72c3db9f6d2368ac93bae7068,ModifiedOptionConflict,ConfigType.UNKNOWN<->ConfigType.UNKNOWN,rust::::src/ci/docker/host-x86_64/arm-android/Dockerfile::::from::::ubuntu:16.04 <-> rust::::src/ci/docker/host-x86_64/dist-armv7-linux/Dockerfile::::from::::ubuntu:16.04,src/ci/docker/host-x86_64/dist-armv7-linux/Dockerfile,rust::::src/ci/docker/host-x86_64/dist-armv7-linux/Dockerfile::::from(location: 1),git show 84c633fe1543ae26e4c7dffd7870d07fff66f5e9 -- src/ci/docker/host-x86_64/dist-armv7-linux/Dockerfile
4cd2ac143f5750024d2abd099877ca83fbac3741,e0b530db0637fe8a43cba69c2d163cfc986e9290,8aad0a6d8424ebd6e3a26e0ba576ea6b,ModifiedOptionConflict,ConfigType.UNKNOWN<->ConfigType.UNKNOWN,rust::::src/ci/docker/host-aarch64/aarch64-gnu/Dockerfile::::from::::ubuntu:20.04 <-> rust::::src/ci/docker/host-x86_64/dist-x86_64-linux/Dockerfile::::from::::ubuntu:20.04,src/ci/docker/host-x86_64/dist-x86_64-linux/Dockerfile,rust::::src/ci/docker/host-x86_64/dist-x86_64-linux/Dockerfile::::from(location: 5),git show 4cd2ac143f5750024d2abd099877ca83fbac3741 -- src/ci/docker/host-x86_64/dist-x86_64-linux/Dockerfile
b9eb2a492c54df856a4ab27251fd2b45a2dc75b0,652b6e7a7a9435921c7d388ae245ef402fe630d0,1be1b6e3062a88ef1f20ad5dc76daec9,MissingArtifactConflict,ConfigType.UNKNOWN<->ConfigType.UNKNOWN,rust::::src/ci/docker/arm-android/Dockerfile::::from::::ubuntu:16.04 <-> rust::::src/ci/docker/dist-armv7-aarch64-linux/Dockerfile::::from::::ubuntu:16.04,,,
8fdb2651c5ea6c2d78e7e380aee94c080ee1574a,8ec1bbed0bd7feca4b57827ba756ea6684041376,63ebbf49fea12bb0e350b485f1d0732b,MissingArtifactConflict,ConfigType.UNKNOWN<->ConfigType.UNKNOWN,rust::::src/ci/docker/arm-android/Dockerfile::::from::::ubuntu:16.04 <-> rust::::src/ci/docker/dist-fuchsia/Dockerfile::::from::::ubuntu:16.04,,,
e75e5315f2686b9cfbd6ec9755c80d3a77a354c8,7cf384d84a31e82921b48c21ca843b943a3c38b8,670abc6dc00b1589cdad24cf0c1b0764,MissingArtifactConflict,ConfigType.UNKNOWN<->ConfigType.UNKNOWN,rust::::src/ci/docker/arm-android/Dockerfile::::from::::ubuntu:16.04 <-> rust::::src/ci/docker/disabled/wasm32/Dockerfile::::from::::ubuntu:16.04,,,
c2b6ddfbfca96cdc7e565573a44acfffb7e3bb23,cbcd5a9de33761fd623f0f65384742225ed507c4,db63960af458888a8eb9c8b32d8f5143,MissingArtifactConflict,ConfigType.PATH<->ConfigType.PATH,rust::::src/ci/docker/host-aarch64/aarch64-gnu/Dockerfile::::copy::::dest::::/scripts/ <-> rust::::src/ci/docker/host-x86_64/x86_64-gnu-full-bootstrap/Dockerfile::::copy::::dest::::/scripts/,,,
4cd2ac143f5750024d2abd099877ca83fbac3741,e0b530db0637fe8a43cba69c2d163cfc986e9290,2f82ae5e5901ac2ba72b51d213034ae9,ModifiedOptionConflict,ConfigType.UNKNOWN<->ConfigType.UNKNOWN,rust::::src/ci/docker/host-x86_64/arm-android/Dockerfile::::from::::ubuntu:16.04 <-> rust::::src/ci/docker/host-x86_64/dist-powerpc64-linux/Dockerfile::::from::::ubuntu:16.04,src/ci/docker/host-x86_64/dist-powerpc64-linux/Dockerfile,rust::::src/ci/docker/host-x86_64/dist-powerpc64-linux/Dockerfile::::from(location: 1),git show 4cd2ac143f5750024d2abd099877ca83fbac3741 -- src/ci/docker/host-x86_64/dist-powerpc64-linux/Dockerfile
6f3d38335b9368f8cb6b2db43e28c96022a1bb20,0d0eadfc275cbb3c9b6170571deeccc0a9bfb1dc,87ac9ec916b48f0370af88cd6805e317,ModifiedOptionConflict,ConfigType.UNKNOWN<->ConfigType.UNKNOWN,rust::::src/ci/docker/host-x86_64/arm-android/Dockerfile::::from::::ubuntu:16.04 <-> rust::::src/ci/docker/host-x86_64/wasm32/Dockerfile::::from::::ubuntu:16.04,src/ci/docker/host-x86_64/wasm32/Dockerfile,rust::::src/ci/docker/host-x86_64/wasm32/Dockerfile::::from(location: 1),git show 6f3d38335b9368f8cb6b2db43e28c96022a1bb20 -- src/ci/docker/host-x86_64/wasm32/Dockerfile
ef0d2fb611fe66416728a8fd5232b8f1a25657c3,a70a347a1bf868e3383b1c966eca0f63f8d22b0f,0dfda82e483ac0989eaf4c86e934e20c,MissingArtifactConflict,ConfigType.PATH<->ConfigType.PATH,rust::::src/ci/docker/host-aarch64/aarch64-gnu/Dockerfile::::copy::::dest::::/scripts/ <-> rust::::src/ci/docker/host-x86_64/x86_64-gnu-llvm-10/Dockerfile::::copy::::dest::::/scripts/,,,
9cae03e85bbbe8b0623f3db45739e51708cca69c,f7d286c44ef961de3cec1b2106bd878ad087a86f,b7e119fb2f3559aedf706de6ef74ea30,ModifiedOptionConflict,ConfigType.UNKNOWN<->ConfigType.UNKNOWN,rust::::src/ci/docker/host-x86_64/arm-android/Dockerfile::::from::::ubuntu:16.04 <-> rust::::src/ci/docker/host-x86_64/dist-x86_64-musl/Dockerfile::::from::::ubuntu:16.04,src/ci/docker/host-x86_64/dist-x86_64-musl/Dockerfile,rust::::src/ci/docker/host-x86_64/dist-x86_64-musl/Dockerfile::::from(location: 1),git show 9cae03e85bbbe8b0623f3db45739e51708cca69c -- src/ci/docker/host-x86_64/dist-x86_64-musl/Dockerfile
6d583af2d0be7ede77226275294bcb82976723e1,8d2ce5ee1924af023ea57f2d48b9aaea340ab704,f370d09a1e350dc296a53c7ee181f886,MissingArtifactConflict,ConfigType.UNKNOWN<->ConfigType.UNKNOWN,rust::::src/ci/docker/arm-android/Dockerfile::::from::::ubuntu:16.04 <-> rust::::src/ci/docker/x86_64-gnu-rustbuild/Dockerfile::::from::::ubuntu:16.04,,,
7c2dd3780e2a1b0701432709f767b05d31ecd659,8b608b47e6d65669c1c11b1a791b8c9293c7670d,37a80259196131b1b5a7b2af4a7c7fbc,MissingArtifactConflict,ConfigType.UNKNOWN<->ConfigType.UNKNOWN,rust::::src/ci/docker/arm-android/Dockerfile::::from::::ubuntu:16.04 <-> rust::::src/ci/docker/cross2/Dockerfile::::from::::ubuntu:16.04,,,
74fab160d7242dadd7a4fffb257447e3e3525846,0aa35ecbf44ba08af6d0be6d4953dbbdac8dfa88,fb1466248a54767268a420fac4736207,ModifiedOptionConflict,ConfigType.UNKNOWN<->ConfigType.UNKNOWN,rust::::src/ci/docker/host-x86_64/arm-android/Dockerfile::::from::::ubuntu:16.04 <-> rust::::src/ci/docker/host-x86_64/mingw-check/Dockerfile::::from::::ubuntu:16.04,src/ci/docker/host-x86_64/mingw-check/Dockerfile,rust::::src/ci/docker/host-x86_64/mingw-check/Dockerfile::::from(location: 1),git show 74fab160d7242dadd7a4fffb257447e3e3525846 -- src/ci/docker/host-x86_64/mingw-check/Dockerfile
4cd2ac143f5750024d2abd099877ca83fbac3741,e0b530db0637fe8a43cba69c2d163cfc986e9290,01556371692f5bb3dad6c4d50e5591b7,ModifiedOptionConflict,ConfigType.UNKNOWN<->ConfigType.UNKNOWN,rust::::src/ci/docker/host-x86_64/arm-android/Dockerfile::::from::::ubuntu:16.04 <-> rust::::src/ci/docker/host-x86_64/dist-powerpc-linux/Dockerfile::::from::::ubuntu:16.04,src/ci/docker/host-x86_64/dist-powerpc-linux/Dockerfile,rust::::src/ci/docker/host-x86_64/dist-powerpc-linux/Dockerfile::::from(location: 1),git show 4cd2ac143f5750024d2abd099877ca83fbac3741 -- src/ci/docker/host-x86_64/dist-powerpc-linux/Dockerfile
b9eb2a492c54df856a4ab27251fd2b45a2dc75b0,652b6e7a7a9435921c7d388ae245ef402fe630d0,3b3276e53efa7310b141694657b8dcc9,MissingArtifactConflict,ConfigType.UNKNOWN<->ConfigType.UNKNOWN,rust::::src/ci/docker/arm-android/Dockerfile::::from::::ubuntu:16.04 <-> rust::::src/ci/docker/dist-freebsd/Dockerfile::::from::::ubuntu:16.04,,,
b92d97fee35adce642a012c1cfbe1565f04b5929,ce2a073f99d52e9c47c9666a96ffe3b40ad6836d,e3df037e128a04a46f746962ccb84882,ModifiedOptionConflict,ConfigType.UNKNOWN<->ConfigType.UNKNOWN,rust::::src/ci/docker/arm-android/Dockerfile::::from::::ubuntu:16.04 <-> rust::::src/ci/docker/dist-i686-freebsd/Dockerfile::::from::::ubuntu:16.04,src/ci/docker/dist-i686-freebsd/Dockerfile,rust::::src/ci/docker/dist-i686-freebsd/Dockerfile::::from(location: 1),git show b92d97fee35adce642a012c1cfbe1565f04b5929 -- src/ci/docker/dist-i686-freebsd/Dockerfile
1217382379e0b2edcdd0f9613e9080cdbed13afb,67532435ad356a3c705dae863e0bc4475947d70a,fc757c5b119a174fdb2e004e5a8134a8,ModifiedOptionConflict,ConfigType.UNKNOWN<->ConfigType.UNKNOWN,rust::::src/ci/docker/host-x86_64/arm-android/Dockerfile::::from::::ubuntu:16.04 <-> rust::::src/ci/docker/host-x86_64/armhf-gnu/Dockerfile::::from::::ubuntu:16.04,src/ci/docker/host-x86_64/armhf-gnu/Dockerfile,rust::::src/ci/docker/host-x86_64/armhf-gnu/Dockerfile::::from(location: 1),git show 1217382379e0b2edcdd0f9613e9080cdbed13afb -- src/ci/docker/host-x86_64/armhf-gnu/Dockerfile
381d323a5a900bb8086a86a24d4c6d37af118400,871ba9e8b9d2ca3f35ee408fad4438aee88d6448,4cd15b999721cf0704567c7d3ac6dd9b,MissingArtifactConflict,ConfigType.PATH<->ConfigType.PATH,rust::::src/ci/docker/arm-android/Dockerfile::::copy::::dest::::/scripts/ <-> rust::::src/ci/docker/x86_64-gnu-llvm-3.7/Dockerfile::::copy::::dest::::/scripts/,,,
4bd2358c5a743d7830373c105ea391ab4eae2fb6,b5281f54c05a0e07b2119d0c5023141a8386e0b7,ca7dcf64c8f64ad8271cd451b8a917f4,MissingArtifactConflict,ConfigType.PATH<->ConfigType.PATH,rust::::src/ci/docker/arm-android/Dockerfile::::copy::::dest::::/scripts/ <-> rust::::src/ci/docker/wasm32-unknown/Dockerfile::::copy::::dest::::/scripts/,,,
8242a284cf383bf5c2a49173254874c7509da505,af5f59b5021f57226ed2084a4184de961f2d42b5,761665865edb0de6d6af242e7529be17,MissingArtifactConflict,ConfigType.UNKNOWN<->ConfigType.UNKNOWN,rust::::src/ci/docker/arm-android/Dockerfile::::from::::ubuntu:16.04 <-> rust::::src/ci/docker/dist-arm-unknown-linux-gnueabi/Dockerfile::::from::::ubuntu:16.04,,,
772a0fc9d6ef712cec10fc2bd7e9a08e08975e89,40a7deed1a4a30d343bd8128b7a899093bb46d9b,438f5277dc1b43404eb9df3a5fa2e258,ModifiedOptionConflict,ConfigType.UNKNOWN<->ConfigType.UNKNOWN,rust::::src/ci/docker/arm-android/Dockerfile::::from::::ubuntu:16.04 <-> rust::::src/ci/docker/x86_64-gnu/Dockerfile::::from::::ubuntu:16.04,src/ci/docker/x86_64-gnu/Dockerfile,rust::::src/ci/docker/x86_64-gnu/Dockerfile::::from(location: 1),git show 772a0fc9d6ef712cec10fc2bd7e9a08e08975e89 -- src/ci/docker/x86_64-gnu/Dockerfile
bbd1fe3aef6e430b34cb3bfb4f8c0592998ab70a,06ec9da978acac166e6ccd10b1f8026018b09146,1b11b752760eb107065da8796b82bbb1,MissingArtifactConflict,ConfigType.UNKNOWN<->ConfigType.UNKNOWN,rust::::src/ci/docker/arm-android/Dockerfile::::from::::ubuntu:16.04 <-> rust::::src/ci/docker/x86_64-freebsd/Dockerfile::::from::::ubuntu:16.04,,,
299eabbda2463e9349615f8c6cb7d27a70ed126e,eef7e7fae269aef18576a6d100ff0c5701c3aea6,257ad11d38ac3f06eaf9fb52e2df7f30,MissingArtifactConflict,ConfigType.UNKNOWN<->ConfigType.UNKNOWN,rust::::src/ci/docker/arm-android/Dockerfile::::from::::ubuntu:16.04 <-> rust::::src/ci/docker/disabled/dist-armebv7r-none-eabihf/Dockerfile::::from::::ubuntu:16.04,,,
e75e5315f2686b9cfbd6ec9755c80d3a77a354c8,7cf384d84a31e82921b48c21ca843b943a3c38b8,6005122598ebeaf75480fb893f4081a0,MissingArtifactConflict,ConfigType.UNKNOWN<->ConfigType.UNKNOWN,rust::::src/ci/docker/arm-android/Dockerfile::::from::::ubuntu:16.04 <-> rust::::src/ci/docker/asmjs/Dockerfile::::from::::ubuntu:16.04,,,
af49c29078391975866455578d6f070c123ba817,1f08bf5084e6a9ec479242d0ad35f10c24cfb2b6,d4544b395762632359c1751b43111423,MissingArtifactConflict,ConfigType.UNKNOWN<->ConfigType.UNKNOWN,rust::::src/ci/docker/android/Dockerfile::::from::::ubuntu:16.04 <-> rust::::src/ci/docker/dist-freebsd/Dockerfile::::from::::ubuntu:16.04,,,
93335e5b64814253e678efff55524aabc025f4b6,dc782f22530200d55170e30efcb029d4fb63c2a3,9035c0f82eb1791d4091fd9be5a866e5,MissingArtifactConflict,ConfigType.UNKNOWN<->ConfigType.UNKNOWN,rust::::src/ci/docker/arm-android/Dockerfile::::from::::ubuntu:16.04 <-> rust::::src/ci/docker/linux-tested-targets/Dockerfile::::from::::ubuntu:16.04,,,
8242a284cf383bf5c2a49173254874c7509da505,af5f59b5021f57226ed2084a4184de961f2d42b5,101308983db66b2e8cb206211018c7fd,MissingArtifactConflict,ConfigType.UNKNOWN<->ConfigType.UNKNOWN,rust::::src/ci/docker/arm-android/Dockerfile::::from::::ubuntu:16.04 <-> rust::::src/ci/docker/dist-x86_64-unknown-freebsd/Dockerfile::::from::::ubuntu:16.04,,,
85af5e6d42f968a1476109b7827bd082cc93151b,4478716e29cb1a91051054e92d8c2a822d6725c7,78d74394c42499fae752b832c2072680,MissingArtifactConflict,ConfigType.UNKNOWN<->ConfigType.UNKNOWN,rust::::src/ci/docker/arm-android/Dockerfile::::from::::ubuntu:16.04 <-> rust::::src/ci/docker/x86_64-gnu-llvm-3.9/Dockerfile::::from::::ubuntu:16.04,,,
204348e3229bf22d88d62e3170fc493300e96bc4,0593cdd4ffea95ad6da6956db929bb2bee9baadc,72bff1781f71f73090faeffd05d53e56,MissingArtifactConflict,ConfigType.UNKNOWN<->ConfigType.UNKNOWN,rust::::src/ci/docker/arm-android/Dockerfile::::from::::ubuntu:16.04 <-> rust::::src/ci/docker/x86_64-gnu-cargotest/Dockerfile::::from::::ubuntu:16.04,,,
c6c81abd966ce9d81cfadd45f869e3d8440a3b23,07547c423ca82085bfff76ca42c56d209fa1b566,cbc3d0e5f4fa1a0c0531788a5a0472e1,ModifiedOptionConflict,ConfigType.UNKNOWN<->ConfigType.UNKNOWN,rust::::src/ci/docker/arm-android/Dockerfile::::from::::ubuntu:16.04 <-> rust::::src/ci/docker/wasm32-unknown/Dockerfile::::from::::ubuntu:16.04,src/ci/docker/wasm32-unknown/Dockerfile,rust::::src/ci/docker/wasm32-unknown/Dockerfile::::from(location: 1),git show c6c81abd966ce9d81cfadd45f869e3d8440a3b23 -- src/ci/docker/wasm32-unknown/Dockerfile
75331573ccd487f8fc160ef912e1b4c06d2ed571,6d78d71734c2d9c4927ad3669b172f96748cfc24,a5ffee5288df40d709e4c37f652fd015,ModifiedOptionConflict,ConfigType.UNKNOWN<->ConfigType.UNKNOWN,rust::::src/ci/docker/host-x86_64/arm-android/Dockerfile::::from::::ubuntu:16.04 <-> rust::::src/ci/docker/host-x86_64/x86_64-gnu-nopt/Dockerfile::::from::::ubuntu:16.04,src/ci/docker/host-x86_64/x86_64-gnu-nopt/Dockerfile,rust::::src/ci/docker/host-x86_64/x86_64-gnu-nopt/Dockerfile::::from(location: 1),git show 75331573ccd487f8fc160ef912e1b4c06d2ed571 -- src/ci/docker/host-x86_64/x86_64-gnu-nopt/Dockerfile
4cd2ac143f5750024d2abd099877ca83fbac3741,e0b530db0637fe8a43cba69c2d163cfc986e9290,12bd04a792e0aaea2e74d4a57a690920,ModifiedOptionConflict,ConfigType.UNKNOWN<->ConfigType.UNKNOWN,rust::::src/ci/docker/host-x86_64/arm-android/Dockerfile::::from::::ubuntu:16.04 <-> rust::::src/ci/docker/host-x86_64/dist-aarch64-linux/Dockerfile::::from::::ubuntu:16.04,src/ci/docker/host-x86_64/dist-aarch64-linux/Dockerfile,rust::::src/ci/docker/host-x86_64/dist-aarch64-linux/Dockerfile::::from(location: 1),git show 4cd2ac143f5750024d2abd099877ca83fbac3741 -- src/ci/docker/host-x86_64/dist-aarch64-linux/Dockerfile
5b810562e3a3e01e1258a97e6e1409556a06db43,4d0aa05c435f95641e19fa25eb63bc27824f2f29,3a5c36bd09cc2729f295e79b36224b9d,ModifiedOptionConflict,ConfigType.UNKNOWN<->ConfigType.UNKNOWN,rust::::src/ci/docker/arm-android/Dockerfile::::from::::ubuntu:16.04 <-> rust::::src/ci/docker/dist-various-2/Dockerfile::::from::::ubuntu:16.04,src/ci/docker/dist-various-2/Dockerfile,rust::::src/ci/docker/dist-various-2/Dockerfile::::from(location: 1),git show 5b810562e3a3e01e1258a97e6e1409556a06db43 -- src/ci/docker/dist-various-2/Dockerfile
ee0e034885fa1cb92024fcbed9c6f973b51fd4b1,ba8aafa50b1c6106e78eb15a41729a96392aaecc,2e442416e337a04e505f6bcc4e9ba5fe,MissingArtifactConflict,ConfigType.UNKNOWN<->ConfigType.UNKNOWN,rust::::src/ci/docker/android/Dockerfile::::from::::ubuntu:16.04 <-> rust::::src/ci/docker/x86_64-gnu-make/Dockerfile::::from::::ubuntu:16.04,,,
4cd2ac143f5750024d2abd099877ca83fbac3741,e0b530db0637fe8a43cba69c2d163cfc986e9290,4f878a5e569d9e977e97826a5506b3ae,ModifiedOptionConflict,ConfigType.UNKNOWN<->ConfigType.UNKNOWN,rust::::src/ci/docker/host-x86_64/arm-android/Dockerfile::::from::::ubuntu:16.04 <-> rust::::src/ci/docker/host-x86_64/dist-powerpc64le-linux/Dockerfile::::from::::ubuntu:16.04,src/ci/docker/host-x86_64/dist-powerpc64le-linux/Dockerfile,rust::::src/ci/docker/host-x86_64/dist-powerpc64le-linux/Dockerfile::::from(location: 1),git show 4cd2ac143f5750024d2abd099877ca83fbac3741 -- src/ci/docker/host-x86_64/dist-powerpc64le-linux/Dockerfile
