occurred_at,prev_commit,conflict_id,conflict_type,config_types,link,changed_artifact,changed_option,cmd
6cff4044fc4e9103de090bff30fad9e31e65a94e,afd1ff123e3f303e5d6577ff0c4afbe10c56907e,84ec9266270acd29463bf76b1c748496,MissingArtifactConflict,ConfigType.PATH<->ConfigType.PATH,element::::packages/radio/package.json::::main::::./lib/index.js <-> element::::packages/upload/package.json::::main::::./lib/index.js,,,
7b987e0b5ba32bbd24747e1d63d0d16b330a8666,6a39f01a554479ad379c93849f4e59fb884de332,d1fb55f370fbfa48b10b7d6243c11388,ModifiedOptionConflict,ConfigType.VERSION_NUMBER<->ConfigType.VERSION_NUMBER,element::::package.json::::version::::version:1.3.1 <-> element::::packages/theme-default/package.json::::version::::version:1.3.1,packages/theme-default/package.json,element::::packages/theme-default/package.json::::version(location: 3),git show 7b987e0b5ba32bbd24747e1d63d0d16b330a8666 -- packages/theme-default/package.json
6cff4044fc4e9103de090bff30fad9e31e65a94e,afd1ff123e3f303e5d6577ff0c4afbe10c56907e,cad5df15b4e2672fd0128e7ff2658253,MissingArtifactConflict,ConfigType.PATH<->ConfigType.PATH,element::::packages/autocomplete/package.json::::main::::./lib/index.js <-> element::::packages/date-picker/package.json::::main::::./lib/index.js,,,
41553e71b47dc828bb64e2837cf541594804cbb9,e6bac67062ddbe50e7749fedd6263b49bd21ea30,30a21b836d4e87cb80da996f9e4d9d9f,ModifiedOptionConflict,ConfigType.VERSION_NUMBER<->ConfigType.VERSION_NUMBER,element::::package.json::::version::::version:1.2.3 <-> element::::packages/theme-default/package.json::::version::::version:1.2.3,packages/theme-default/package.json,element::::packages/theme-default/package.json::::version(location: 3),git show 41553e71b47dc828bb64e2837cf541594804cbb9 -- packages/theme-default/package.json
6cff4044fc4e9103de090bff30fad9e31e65a94e,afd1ff123e3f303e5d6577ff0c4afbe10c56907e,add778b71a1bb04baaa066569ac94385,MissingArtifactConflict,ConfigType.VERSION_NUMBER<->ConfigType.VERSION_NUMBER,element::::packages/loading/package.json::::version::::version:0.0.0 <-> element::::packages/message/package.json::::version::::version:0.0.0,,,
d36bbcca04249a94e0f2c38363211892d2d7cf9e,6d5a5b70bcad620ca0d00610c987ae624be0ec02,bc4f9274067b8569eb7bb64873817691,ModifiedOptionConflict,ConfigType.VERSION_NUMBER<->ConfigType.VERSION_NUMBER,element::::package.json::::version::::version:1.4.1 <-> element::::packages/theme-default/package.json::::version::::version:1.4.1,packages/theme-default/package.json,element::::packages/theme-default/package.json::::version(location: 3),git show d36bbcca04249a94e0f2c38363211892d2d7cf9e -- packages/theme-default/package.json
a390bd7f0957dab15831231a96b58b7be1a8e009,9fefb0f9fd0cb6549e6d0a645f405177a8ee709b,b4ebce9c79c2ce1ecae2f80c215706ed,MissingOptionConflict,ConfigType.VERSION_NUMBER<->ConfigType.VERSION_NUMBER,element::::package.json::::devDependencies::::vue-popup::::vue-popup:^0.2.6 <-> element::::packages/dialog/package.json::::devDependencies::::vue-popup::::vue-popup:^0.2.6,packages/dialog/package.json,element::::packages/dialog/package.json::::devDependencies::::vue-popup(location: 15),git show a390bd7f0957dab15831231a96b58b7be1a8e009 -- packages/dialog/package.json
3a03026263bc54060f521061be85ed54b55d2259,6a4361358f5ab24100df788bc9e4a01e8efed22d,06f810bd1ee85cb3fa967852929d8a70,ModifiedOptionConflict,ConfigType.VERSION_NUMBER<->ConfigType.VERSION_NUMBER,element::::package.json::::version::::version:1.1.6 <-> element::::packages/theme-default/package.json::::version::::version:1.1.6,packages/theme-default/package.json,element::::packages/theme-default/package.json::::version(location: 3),git show 3a03026263bc54060f521061be85ed54b55d2259 -- packages/theme-default/package.json
96248fe141adcef29c78d3df0a7bb1fb6fa8d948,44963f3397ed4800a3c81c59f0c1418ba8c91906,3bb9e66446429445d2e4140c073cd7d4,ModifiedOptionConflict,ConfigType.VERSION_NUMBER<->ConfigType.VERSION_NUMBER,element::::package.json::::version::::version:2.6.0 <-> element::::packages/theme-chalk/package.json::::version::::version:2.6.0,packages/theme-chalk/package.json,element::::packages/theme-chalk/package.json::::version(location: 3),git show 96248fe141adcef29c78d3df0a7bb1fb6fa8d948 -- packages/theme-chalk/package.json
53fe6678c15f8cc08d378e6d18f8b5399fbb6bc5,2c9088d9fdaf018aba2dd361bc24d58fc8b14d67,b5579c44d3b5ededdbb7ce7e8a88f877,ModifiedOptionConflict,ConfigType.VERSION_NUMBER<->ConfigType.VERSION_NUMBER,element::::package.json::::version::::version:2.2.0 <-> element::::packages/theme-chalk/package.json::::version::::version:2.2.0,packages/theme-chalk/package.json,element::::packages/theme-chalk/package.json::::version(location: 3),git show 53fe6678c15f8cc08d378e6d18f8b5399fbb6bc5 -- packages/theme-chalk/package.json
6cff4044fc4e9103de090bff30fad9e31e65a94e,afd1ff123e3f303e5d6577ff0c4afbe10c56907e,45bb409498bea71daa93e2fecb1dc516,MissingArtifactConflict,ConfigType.LICENSE<->ConfigType.LICENSE,element::::package.json::::license::::MIT <-> element::::packages/badge/package.json::::license::::MIT,,,
fbf1025a58e53e126a6de08ef8ecda532c0fed5d,7c5ff66818c5af4feec71121e18ece5d21682307,7949cc31e2c133c261b955a19f98b7e3,ModifiedOptionConflict,ConfigType.VERSION_NUMBER<->ConfigType.VERSION_NUMBER,element::::package.json::::version::::version:2.3.4 <-> element::::packages/theme-chalk/package.json::::version::::version:2.3.4,packages/theme-chalk/package.json,element::::packages/theme-chalk/package.json::::version(location: 3),git show fbf1025a58e53e126a6de08ef8ecda532c0fed5d -- packages/theme-chalk/package.json
d5bf32bda4fe161e456575d07eedaee19d6b8bcd,e1b90b74558cd07e282c09f66a85600544b84c9d,9d22780f51be90088f75c6a6c7d631a6,ModifiedOptionConflict,ConfigType.VERSION_NUMBER<->ConfigType.VERSION_NUMBER,element::::package.json::::version::::version:2.7.1 <-> element::::packages/theme-chalk/package.json::::version::::version:2.7.1,packages/theme-chalk/package.json,element::::packages/theme-chalk/package.json::::version(location: 3),git show d5bf32bda4fe161e456575d07eedaee19d6b8bcd -- packages/theme-chalk/package.json
9d96ffb6933bb1b03df69feaa1608e88d61c6c3c,eb0fe83ad2c45037265caf6685bb8f45c0bfe349,465a48c6a925fd3c7ae64a41d09c081a,ModifiedOptionConflict,ConfigType.VERSION_NUMBER<->ConfigType.VERSION_NUMBER,element::::package.json::::version::::version:2.11.0 <-> element::::packages/theme-chalk/package.json::::version::::version:2.11.0,packages/theme-chalk/package.json,element::::packages/theme-chalk/package.json::::version(location: 3),git show 9d96ffb6933bb1b03df69feaa1608e88d61c6c3c -- packages/theme-chalk/package.json
2929f3de4c782706f2d211278bb9911f7b4e3fbb,28052c743c55e266a5c59b4f0f70e6de2b75d4a9,a96b64627aef019d6b33ad4893409b08,ModifiedOptionConflict,ConfigType.VERSION_NUMBER<->ConfigType.VERSION_NUMBER,element::::package.json::::version::::version:2.15.6 <-> element::::packages/theme-chalk/package.json::::version::::version:2.15.6,packages/theme-chalk/package.json,element::::packages/theme-chalk/package.json::::version(location: 3),git show 2929f3de4c782706f2d211278bb9911f7b4e3fbb -- packages/theme-chalk/package.json
b58b93fe7a18e87de93b86037d456eaa004f7068,7ca46a542152e0f9f6f19caf82db0fbdff14e24b,633f84746f22c7f9f38893702966a837,ModifiedOptionConflict,ConfigType.VERSION_NUMBER<->ConfigType.VERSION_NUMBER,element::::package.json::::version::::version:2.6.1 <-> element::::packages/theme-chalk/package.json::::version::::version:2.6.1,packages/theme-chalk/package.json,element::::packages/theme-chalk/package.json::::version(location: 3),git show b58b93fe7a18e87de93b86037d456eaa004f7068 -- packages/theme-chalk/package.json
0668965850eb006b0c2807c8b5584c13840890c1,aeb449844d22daad4478121e83be3cd1f5b9e6d6,078d49d857ba550c93c17e49931bc5ba,ModifiedOptionConflict,ConfigType.VERSION_NUMBER<->ConfigType.VERSION_NUMBER,element::::packages/date-picker/package.json::::version::::version:1.0.0 <-> element::::packages/theme-default/package.json::::version::::version:1.0.0,packages/theme-default/package.json,element::::packages/theme-default/package.json::::version(location: 3),git show 0668965850eb006b0c2807c8b5584c13840890c1 -- packages/theme-default/package.json
60bff6c5bc258a41d9839e1858179540298d47ef,35b111d29047f9702e50692227b769cd8d0df09a,21503030311441d5f78e688339a4256f,ModifiedOptionConflict,ConfigType.VERSION_NUMBER<->ConfigType.VERSION_NUMBER,element::::package.json::::version::::version:1.3.3 <-> element::::packages/theme-default/package.json::::version::::version:1.3.3,packages/theme-default/package.json,element::::packages/theme-default/package.json::::version(location: 3),git show 60bff6c5bc258a41d9839e1858179540298d47ef -- packages/theme-default/package.json
f173b583346449f95f10b86829c3de237c650eb5,1dfeae780c51abfcc53012d5049f557afad7ccb4,51add19d960a7c3477f4e15a0fe9f06f,ModifiedOptionConflict,ConfigType.VERSION_NUMBER<->ConfigType.VERSION_NUMBER,element::::package.json::::version::::version:2.0.0 <-> element::::packages/theme-chalk/package.json::::version::::version:2.0.0,packages/theme-chalk/package.json,element::::packages/theme-chalk/package.json::::version(location: 3),git show f173b583346449f95f10b86829c3de237c650eb5 -- packages/theme-chalk/package.json
33719b4b3a43326971e9771785e1400a60090b14,6ac1cf3bb098f04b71dde45d18e50b18cff022a8,f28b9ea8bbeeb4ab7d2c96864c741a92,ModifiedOptionConflict,ConfigType.VERSION_NUMBER<->ConfigType.VERSION_NUMBER,element::::package.json::::version::::version:2.15.5 <-> element::::packages/theme-chalk/package.json::::version::::version:2.15.5,packages/theme-chalk/package.json,element::::packages/theme-chalk/package.json::::version(location: 3),git show 33719b4b3a43326971e9771785e1400a60090b14 -- packages/theme-chalk/package.json
be07208409327610b1fbd2193c83cc70b02ef316,8eafffa868cb4a6bbc3180aa3b45c2f0f472990e,6b5657336fd97386c8fe53178e47e7da,ModifiedOptionConflict,ConfigType.VERSION_NUMBER<->ConfigType.VERSION_NUMBER,element::::package.json::::version::::version:2.13.2 <-> element::::packages/theme-chalk/package.json::::version::::version:2.13.2,packages/theme-chalk/package.json,element::::packages/theme-chalk/package.json::::version(location: 3),git show be07208409327610b1fbd2193c83cc70b02ef316 -- packages/theme-chalk/package.json
616512242b03ed8c6f20fb2840adb2b7b1b23c6e,66b58c4a07354f680e5a81ee613a21cb70e43e41,3be412b2c5d4971f6f1e0eb2dd128b26,ModifiedOptionConflict,ConfigType.VERSION_NUMBER<->ConfigType.VERSION_NUMBER,element::::package.json::::version::::version:2.4.8 <-> element::::packages/theme-chalk/package.json::::version::::version:2.4.8,packages/theme-chalk/package.json,element::::packages/theme-chalk/package.json::::version(location: 3),git show 616512242b03ed8c6f20fb2840adb2b7b1b23c6e -- packages/theme-chalk/package.json
a390bd7f0957dab15831231a96b58b7be1a8e009,9fefb0f9fd0cb6549e6d0a645f405177a8ee709b,75dfdb1382da63f463208ac7905b3677,MissingOptionConflict,ConfigType.VERSION_NUMBER<->ConfigType.VERSION_NUMBER,element::::package.json::::devDependencies::::vue-popup::::vue-popup:^0.2.6 <-> element::::packages/message-box/package.json::::dependencies::::vue-popup::::vue-popup:^0.2.6,packages/message-box/package.json,element::::packages/message-box/package.json::::dependencies::::vue-popup(location: 15),git show a390bd7f0957dab15831231a96b58b7be1a8e009 -- packages/message-box/package.json
2722eb4e6390492db3dfe03e567a9d9b7f3f8064,e340529415493c8c106abb49d41cf76e341ac865,30e72957e47dd0291a76620dd1f2acec,ModifiedOptionConflict,ConfigType.VERSION_NUMBER<->ConfigType.VERSION_NUMBER,element::::package.json::::version::::version:2.7.2 <-> element::::packages/theme-chalk/package.json::::version::::version:2.7.2,packages/theme-chalk/package.json,element::::packages/theme-chalk/package.json::::version(location: 3),git show 2722eb4e6390492db3dfe03e567a9d9b7f3f8064 -- packages/theme-chalk/package.json
e8ed0cc78cead5497c71c30f017a64c87264c5ea,62b059d251e5054a0fccb0c75aa844cd09e7e5d1,c5cc7d58703e8e9654a89af65e8ae565,ModifiedOptionConflict,ConfigType.VERSION_NUMBER<->ConfigType.VERSION_NUMBER,element::::package.json::::version::::version:2.0.1 <-> element::::packages/theme-chalk/package.json::::version::::version:2.0.1,packages/theme-chalk/package.json,element::::packages/theme-chalk/package.json::::version(location: 3),git show e8ed0cc78cead5497c71c30f017a64c87264c5ea -- packages/theme-chalk/package.json
d176423c7e6d62a3586baf3070828c838fbc8c01,06e463b7c3add5e4657706405a9a8bb2967e7e2c,295c5c927c623b8ab76e0849e04d01ea,ModifiedOptionConflict,ConfigType.VERSION_NUMBER<->ConfigType.VERSION_NUMBER,element::::package.json::::version::::version:1.4.6 <-> element::::packages/theme-default/package.json::::version::::version:1.4.6,packages/theme-default/package.json,element::::packages/theme-default/package.json::::version(location: 3),git show d176423c7e6d62a3586baf3070828c838fbc8c01 -- packages/theme-default/package.json
90b8048fac804ebf806651d4d268e6d251be7d64,1a99726d459f08d89d14e172b6ade83ccc82e3b6,8fdeb6ccd32932e33a3aea8db1b63f0f,MissingArtifactConflict,ConfigType.LICENSE<->ConfigType.LICENSE,element::::packages/color-picker/package.json::::license::::MIT <-> element::::packages/theme-chalk/package.json::::license::::MIT,,,
90b8048fac804ebf806651d4d268e6d251be7d64,1a99726d459f08d89d14e172b6ade83ccc82e3b6,254193362a4330a93f021300fa70f0fa,MissingArtifactConflict,ConfigType.LICENSE<->ConfigType.LICENSE,element::::packages/date-picker/package.json::::license::::MIT <-> element::::packages/theme-chalk/package.json::::license::::MIT,,,
6cff4044fc4e9103de090bff30fad9e31e65a94e,afd1ff123e3f303e5d6577ff0c4afbe10c56907e,fde6a4c32bd4e03b2640b1f0c1a73c36,MissingArtifactConflict,ConfigType.LICENSE<->ConfigType.LICENSE,element::::packages/dropdown/package.json::::license::::MIT <-> element::::packages/pagination/package.json::::license::::MIT,,,
4295692d55a60a889476597415552b500d8e6465,8952b4f7f82074109e5368ce7ff056c4a572e178,3526ff602a0748a50aa4c2dab1dbc11f,ModifiedOptionConflict,ConfigType.VERSION_NUMBER<->ConfigType.VERSION_NUMBER,element::::package.json::::version::::version:1.2.4 <-> element::::packages/theme-default/package.json::::version::::version:1.2.4,packages/theme-default/package.json,element::::packages/theme-default/package.json::::version(location: 3),git show 4295692d55a60a889476597415552b500d8e6465 -- packages/theme-default/package.json
8df44e5db8743da6776cebc12f1b1d9172d3c25a,c67b20dc27bffeb1a62e588f69ddb486c3050ba7,4aafcf5b9861f97a4044b54bd4a90e71,ModifiedOptionConflict,ConfigType.VERSION_NUMBER<->ConfigType.VERSION_NUMBER,element::::package.json::::version::::version:1.4.3 <-> element::::packages/theme-default/package.json::::version::::version:1.4.3,packages/theme-default/package.json,element::::packages/theme-default/package.json::::version(location: 3),git show 8df44e5db8743da6776cebc12f1b1d9172d3c25a -- packages/theme-default/package.json
bf530618e70c6e953ed38110c9ba7d5a57e4e657,c8a5f764ca216d7809c885bc7140ba424634d77d,2ce2ca60167c65d454c10514929289ab,MissingOptionConflict,ConfigType.VERSION_NUMBER<->ConfigType.VERSION_NUMBER,element::::package.json::::dependencies::::gulp-postcss::::gulp-postcss:^6.1.1 <-> element::::packages/theme-default/package.json::::devDependencies::::gulp-postcss::::gulp-postcss:^6.1.1,package.json,element::::package.json::::dependencies::::gulp-postcss(location: 41),git show bf530618e70c6e953ed38110c9ba7d5a57e4e657 -- package.json
6cff4044fc4e9103de090bff30fad9e31e65a94e,afd1ff123e3f303e5d6577ff0c4afbe10c56907e,d8ced8d58ba45bf463c3ec09c23cce7f,MissingArtifactConflict,ConfigType.LICENSE<->ConfigType.LICENSE,element::::packages/date-picker/package.json::::license::::MIT <-> element::::packages/message-box/package.json::::license::::MIT,,,
84be927cbf3350e8480e9d58d377a0c6e6c20093,bdd8a81c813e0f096241f01f5b756cee2a4181a0,74c10cd0d10e88ae4bf1585d2722f2c9,ModifiedOptionConflict,ConfigType.VERSION_NUMBER<->ConfigType.VERSION_NUMBER,element::::package.json::::version::::version:2.14.1 <-> element::::packages/theme-chalk/package.json::::version::::version:2.14.1,packages/theme-chalk/package.json,element::::packages/theme-chalk/package.json::::version(location: 3),git show 84be927cbf3350e8480e9d58d377a0c6e6c20093 -- packages/theme-chalk/package.json
73df4e5c3d0e6df5eaed01fb6e00966f63c8ab2f,93e3e3502d6a1ad3d78f9f96205b916ccdc4b9e9,6312219fc131e2ea94a54cd11b8e14ef,ModifiedOptionConflict,ConfigType.VERSION_NUMBER<->ConfigType.VERSION_NUMBER,element::::package.json::::version::::version:2.0.4 <-> element::::packages/theme-chalk/package.json::::version::::version:2.0.4,packages/theme-chalk/package.json,element::::packages/theme-chalk/package.json::::version(location: 3),git show 73df4e5c3d0e6df5eaed01fb6e00966f63c8ab2f -- packages/theme-chalk/package.json
597d317e0c820d069d6611385ad38bc57e975670,f710277aaa60ec35e6d5c2c2896a9f3480383e5d,fa3e1ff21968016461a2db5b9f3b86fc,ModifiedOptionConflict,ConfigType.VERSION_NUMBER<->ConfigType.VERSION_NUMBER,element::::package.json::::version::::version:2.3.3 <-> element::::packages/theme-chalk/package.json::::version::::version:2.3.3,packages/theme-chalk/package.json,element::::packages/theme-chalk/package.json::::version(location: 3),git show 597d317e0c820d069d6611385ad38bc57e975670 -- packages/theme-chalk/package.json
13e39dc5b7343905af4bed6dd14232fba301a404,46e392f6164683a6acd8d6fa30e202dac36dfb3c,eabd2f4334fc2831894ffc5de9abce99,ModifiedOptionConflict,ConfigType.VERSION_NUMBER<->ConfigType.VERSION_NUMBER,element::::package.json::::version::::version:2.4.5 <-> element::::packages/theme-chalk/package.json::::version::::version:2.4.5,packages/theme-chalk/package.json,element::::packages/theme-chalk/package.json::::version(location: 3),git show 13e39dc5b7343905af4bed6dd14232fba301a404 -- packages/theme-chalk/package.json
85f354ce422cb007290f2567d3e55b4fac87a0dd,d919494d6b2b0d707d5b8dcb2b682ae0a350bfc4,1098d29b45a41329e4defa625c306f0e,ModifiedOptionConflict,ConfigType.VERSION_NUMBER<->ConfigType.VERSION_NUMBER,element::::package.json::::version::::version:1.2.0 <-> element::::packages/theme-default/package.json::::version::::version:1.2.0,packages/theme-default/package.json,element::::packages/theme-default/package.json::::version(location: 3),git show 85f354ce422cb007290f2567d3e55b4fac87a0dd -- packages/theme-default/package.json
90b8048fac804ebf806651d4d268e6d251be7d64,1a99726d459f08d89d14e172b6ade83ccc82e3b6,f5e888fd74bb069c302282e0379f5f46,MissingArtifactConflict,ConfigType.LICENSE<->ConfigType.LICENSE,element::::packages/theme-chalk/package.json::::license::::MIT <-> element::::packages/upload/package.json::::license::::MIT,,,
eae25ee66482d784b31ac895fdae08b9a17b3ba4,8bc5ddd1f7d54265ad0cc215c0cce006c6d10f01,5e46cab9eb479888e1a562f582fd9008,ModifiedOptionConflict,ConfigType.VERSION_NUMBER<->ConfigType.VERSION_NUMBER,element::::packages/date-picker/package.json::::version::::version:1.0.0 <-> element::::packages/loading/package.json::::version::::version:1.0.0,packages/date-picker/package.json,element::::packages/date-picker/package.json::::version(location: 3),git show eae25ee66482d784b31ac895fdae08b9a17b3ba4 -- packages/date-picker/package.json
96733f503cafa627f5d649e669e90e3c6215a927,c98358986e2d80bcc9d21c08de6133814a5a38cc,6bf0d9d02584bd323832083ca2bebabf,ModifiedOptionConflict,ConfigType.VERSION_NUMBER<->ConfigType.VERSION_NUMBER,element::::package.json::::version::::version:2.4.3 <-> element::::packages/theme-chalk/package.json::::version::::version:2.4.3,packages/theme-chalk/package.json,element::::packages/theme-chalk/package.json::::version(location: 3),git show 96733f503cafa627f5d649e669e90e3c6215a927 -- packages/theme-chalk/package.json
91e74fe13fbd56e9a9681ee90ebdd61a2d030e44,549302371d140b07f1194bfdd956051b5e91df16,e9f271c349f2fad5e1e3a5e1a53d0586,ModifiedOptionConflict,ConfigType.VERSION_NUMBER<->ConfigType.VERSION_NUMBER,element::::package.json::::version::::version:2.0.10 <-> element::::packages/theme-chalk/package.json::::version::::version:2.0.10,packages/theme-chalk/package.json,element::::packages/theme-chalk/package.json::::version(location: 3),git show 91e74fe13fbd56e9a9681ee90ebdd61a2d030e44 -- packages/theme-chalk/package.json
3c1d7622c984cca292a29a79b83da00de3164796,e533a403629928e07ef4349d3a952ec76758ae07,1fb82866c248882ca5558bd5b47e3307,ModifiedOptionConflict,ConfigType.VERSION_NUMBER<->ConfigType.VERSION_NUMBER,element::::package.json::::version::::version:2.3.7 <-> element::::packages/theme-chalk/package.json::::version::::version:2.3.7,packages/theme-chalk/package.json,element::::packages/theme-chalk/package.json::::version(location: 3),git show 3c1d7622c984cca292a29a79b83da00de3164796 -- packages/theme-chalk/package.json
441e622a878e21708fcd1ce33d2b55c981f1fd8b,ebabc49c23332b4f91e79059be9c52d656ce43d9,838416c85d7c544e199b501b5986dbe4,ModifiedOptionConflict,ConfigType.VERSION_NUMBER<->ConfigType.VERSION_NUMBER,element::::package.json::::version::::version:1.3.0-beta.2 <-> element::::packages/theme-default/package.json::::version::::version:1.3.0-beta.2,packages/theme-default/package.json,element::::packages/theme-default/package.json::::version(location: 3),git show 441e622a878e21708fcd1ce33d2b55c981f1fd8b -- packages/theme-default/package.json
6fb3e96fac66f761d9e6551005ececdb2a178d45,0a011fe550c11af66a3ff6f08e0487a3cea00362,b9008dcc063aec41973a5ca61485d43b,ModifiedOptionConflict,ConfigType.VERSION_NUMBER<->ConfigType.VERSION_NUMBER,element::::package.json::::version::::version:2.3.0 <-> element::::packages/theme-chalk/package.json::::version::::version:2.3.0,packages/theme-chalk/package.json,element::::packages/theme-chalk/package.json::::version(location: 3),git show 6fb3e96fac66f761d9e6551005ececdb2a178d45 -- packages/theme-chalk/package.json
aa524a9dbcb6778a0ad92ae65fcaa254e767681c,1678c0d25f99ecd2fefe7426db6f95cc08f39704,e125d35e4eb4edf7e93c0b3763c5a484,ModifiedOptionConflict,ConfigType.VERSION_NUMBER<->ConfigType.VERSION_NUMBER,element::::package.json::::version::::version:2.5.0 <-> element::::packages/theme-chalk/package.json::::version::::version:2.5.0,package.json,element::::package.json::::version(location: 3),git show aa524a9dbcb6778a0ad92ae65fcaa254e767681c -- package.json
3b7bf3d084aa76b9d039726feb496ed15cc064d2,0eefd5eb4b4dd94e2b5957130071fbb0ae87e728,491b6c18c08df242f611e09a88a03653,MissingArtifactConflict,ConfigType.PATH<->ConfigType.PATH,element::::packages/col/package.json::::main::::./lib/index.js <-> element::::packages/select-dropdown/package.json::::main::::./lib/index.js,,,
96069cf25be38afdc96b1b565289142f7da263f4,3905ac4eddd9ee6303ddbafe4184d99e4015dd8e,7f3a7fb367db208ae0afd52f5b19dc07,ModifiedOptionConflict,ConfigType.VERSION_NUMBER<->ConfigType.VERSION_NUMBER,element::::package.json::::version::::version:1.2.1 <-> element::::packages/theme-default/package.json::::version::::version:1.2.1,packages/theme-default/package.json,element::::packages/theme-default/package.json::::version(location: 3),git show 96069cf25be38afdc96b1b565289142f7da263f4 -- packages/theme-default/package.json
65712408fccfa75ffb50e0ff230e9298f8a99bbc,cf7fe25326529290cefea4f80c42d34287f5eb37,503b8b703cbe0ae8123a6e987882532b,ModifiedOptionConflict,ConfigType.VERSION_NUMBER<->ConfigType.VERSION_NUMBER,element::::packages/dialog/package.json::::devDependencies::::vue-popup::::vue-popup:^0.1.8 <-> element::::packages/message-box/package.json::::dependencies::::vue-popup::::vue-popup:^0.1.8,packages/dialog/package.json,element::::packages/dialog/package.json::::devDependencies::::vue-popup(location: 15),git show 65712408fccfa75ffb50e0ff230e9298f8a99bbc -- packages/dialog/package.json
65a0febeb981ea089f7a7f6975e7b2acad05666a,1ae77acf4f8f88b1a0cbe409fee4e07f4c366708,827af97d7feb8bcfc5f951a82f8123e1,ModifiedOptionConflict,ConfigType.VERSION_NUMBER<->ConfigType.VERSION_NUMBER,element::::package.json::::version::::version:2.14.0 <-> element::::packages/theme-chalk/package.json::::version::::version:2.14.0,packages/theme-chalk/package.json,element::::packages/theme-chalk/package.json::::version(location: 3),git show 65a0febeb981ea089f7a7f6975e7b2acad05666a -- packages/theme-chalk/package.json
6cff4044fc4e9103de090bff30fad9e31e65a94e,afd1ff123e3f303e5d6577ff0c4afbe10c56907e,0fb741bde3ecd93026168dce146c14fc,MissingArtifactConflict,ConfigType.PATH<->ConfigType.PATH,element::::packages/input-number/package.json::::main::::lib/index.js <-> element::::packages/select/package.json::::main::::lib/index.js,,,
94f2cff7a83be6ce80e78eb4567826894929de31,0edd239e8fb833d217823563be3f41355f5716a2,0345b874ba760a5f5789fed7484d0588,ModifiedOptionConflict,ConfigType.VERSION_NUMBER<->ConfigType.VERSION_NUMBER,element::::package.json::::version::::version:1.3.2 <-> element::::packages/theme-default/package.json::::version::::version:1.3.2,packages/theme-default/package.json,element::::packages/theme-default/package.json::::version(location: 3),git show 94f2cff7a83be6ce80e78eb4567826894929de31 -- packages/theme-default/package.json
4927644e157d81c446b1a62a71ca90f59b2aa2b4,2add4ce210d6b65acbf144349a28a44b2ca9195f,f313e35cc5a96beaebc8602b2839e8ef,ModifiedOptionConflict,ConfigType.VERSION_NUMBER<->ConfigType.VERSION_NUMBER,element::::package.json::::devDependencies::::gulp-sass::::gulp-sass:^3.1.0 <-> element::::packages/theme-chalk/package.json::::devDependencies::::gulp-sass::::gulp-sass:^3.1.0,package.json,element::::package.json::::devDependencies::::gulp-sass(location: 92),git show 4927644e157d81c446b1a62a71ca90f59b2aa2b4 -- package.json
2619817fd3cee1f8536a330bf536eebad25f6df3,afd3461a7e03376186925db31639a50dfbef1da8,2bea94642f8fd543a815b67a42d4265f,ModifiedOptionConflict,ConfigType.VERSION_NUMBER<->ConfigType.VERSION_NUMBER,element::::package.json::::version::::version:1.3.0-beta.3 <-> element::::packages/theme-default/package.json::::version::::version:1.3.0-beta.3,packages/theme-default/package.json,element::::packages/theme-default/package.json::::version(location: 3),git show 2619817fd3cee1f8536a330bf536eebad25f6df3 -- packages/theme-default/package.json
bf530618e70c6e953ed38110c9ba7d5a57e4e657,c8a5f764ca216d7809c885bc7140ba424634d77d,6db1dc728e439734ddcff8d94cb8ced0,MissingOptionConflict,ConfigType.VERSION_NUMBER<->ConfigType.VERSION_NUMBER,element::::package.json::::dependencies::::postcss-salad::::postcss-salad:^1.0.5 <-> element::::packages/theme-default/package.json::::devDependencies::::postcss-salad::::postcss-salad:^1.0.5,package.json,element::::package.json::::dependencies::::postcss-salad(location: 43),git show bf530618e70c6e953ed38110c9ba7d5a57e4e657 -- package.json
ae95ab5760abd5581917d57bc0ff89fc25db8630,045769768e11fa816d13f69a97a689db17799fb7,347957f95699ee4000a3f1940ecdf285,ModifiedOptionConflict,ConfigType.VERSION_NUMBER<->ConfigType.VERSION_NUMBER,element::::packages/date-picker/package.json::::version::::version:1.0.0 <-> element::::packages/theme-default/package.json::::version::::version:1.0.0,packages/theme-default/package.json,element::::packages/theme-default/package.json::::version(location: 3),git show ae95ab5760abd5581917d57bc0ff89fc25db8630 -- packages/theme-default/package.json
3f730f9ce86c454877c51fdc5473a68d05553aeb,87e3c3cb648f968cd61a68d9815c65073454c233,177832c31e4331e06e105f373e1a7789,ModifiedOptionConflict,ConfigType.VERSION_NUMBER<->ConfigType.VERSION_NUMBER,element::::package.json::::version::::version:1.1.5 <-> element::::packages/theme-default/package.json::::version::::version:1.1.5,packages/theme-default/package.json,element::::packages/theme-default/package.json::::version(location: 3),git show 3f730f9ce86c454877c51fdc5473a68d05553aeb -- packages/theme-default/package.json
e83f90d4e0a9054ee508098d938a03d179b8a76d,61644d04a29ea59b6b3f15f11e12afbb94ccebfd,9ee7803c90e09f13802d2cce85153dd9,MissingArtifactConflict,ConfigType.LICENSE<->ConfigType.LICENSE,element::::packages/message/package.json::::license::::MIT <-> element::::packages/theme-default/package.json::::license::::MIT,,,
f7ba0b1f39f913d0c174dee367fba0d559535dd3,9a028b16b6ffe0fce31428efe6780b0490f26e2a,8409e3b4ba2fc0f9a972d55ba1d2b6ae,ModifiedOptionConflict,ConfigType.VERSION_NUMBER<->ConfigType.VERSION_NUMBER,element::::packages/tag/package.json::::version::::version:1.0.1 <-> element::::packages/theme-default/package.json::::version::::version:1.0.1,packages/theme-default/package.json,element::::packages/theme-default/package.json::::version(location: 3),git show f7ba0b1f39f913d0c174dee367fba0d559535dd3 -- packages/theme-default/package.json
6cff4044fc4e9103de090bff30fad9e31e65a94e,afd1ff123e3f303e5d6577ff0c4afbe10c56907e,2b20e09adc5a17e46fb29baf03f5d571,MissingArtifactConflict,ConfigType.LICENSE<->ConfigType.LICENSE,element::::package.json::::license::::MIT <-> element::::packages/checkbox/package.json::::license::::MIT,,,
7f5e5b69fb576f59fecfc58ee7a663cb4c81a924,b158e6f181c2e9dd2e7e2be79cd5e1341477421f,f25205c484e39d41024f00ecfb55ba5c,ModifiedOptionConflict,ConfigType.VERSION_NUMBER<->ConfigType.VERSION_NUMBER,element::::package.json::::version::::version:2.11.1 <-> element::::packages/theme-chalk/package.json::::version::::version:2.11.1,packages/theme-chalk/package.json,element::::packages/theme-chalk/package.json::::version(location: 3),git show 7f5e5b69fb576f59fecfc58ee7a663cb4c81a924 -- packages/theme-chalk/package.json
452599c34c9af54a150d004fc4081d44dcba6dd3,954d0d36fc29d9444dcee04cd5c5186e032ba194,2044be592eebf1537be753ae838d95ff,ModifiedOptionConflict,ConfigType.VERSION_NUMBER<->ConfigType.VERSION_NUMBER,element::::package.json::::version::::version:2.5.2 <-> element::::packages/theme-chalk/package.json::::version::::version:2.5.2,packages/theme-chalk/package.json,element::::packages/theme-chalk/package.json::::version(location: 3),git show 452599c34c9af54a150d004fc4081d44dcba6dd3 -- packages/theme-chalk/package.json
04a2baabe925f2b53b2e8a4495379801130302d6,b2a9b99cdc3789323f9133cc7c9c62b514640d49,39c98b834c9c739d87bd5920fd5a3bad,ModifiedOptionConflict,ConfigType.VERSION_NUMBER<->ConfigType.VERSION_NUMBER,element::::package.json::::version::::version:2.9.0 <-> element::::packages/theme-chalk/package.json::::version::::version:2.9.0,packages/theme-chalk/package.json,element::::packages/theme-chalk/package.json::::version(location: 3),git show 04a2baabe925f2b53b2e8a4495379801130302d6 -- packages/theme-chalk/package.json
65712408fccfa75ffb50e0ff230e9298f8a99bbc,cf7fe25326529290cefea4f80c42d34287f5eb37,eb3b546d1775f0dce7a8b4bd5ad01788,ModifiedOptionConflict,ConfigType.VERSION_NUMBER<->ConfigType.VERSION_NUMBER,element::::package.json::::devDependencies::::vue-popup::::vue-popup:^0.1.8 <-> element::::packages/message-box/package.json::::dependencies::::vue-popup::::vue-popup:^0.1.8,package.json,element::::package.json::::devDependencies::::vue-popup(location: 50),git show 65712408fccfa75ffb50e0ff230e9298f8a99bbc -- package.json
30cfd1f4c191778090ed27d9d03ee4e2c2edea78,9905845f8af3ec620835ac25bf54971c35de3a58,96e2a32a2ca9243d80f095df4fcb909a,ModifiedOptionConflict,ConfigType.VERSION_NUMBER<->ConfigType.VERSION_NUMBER,element::::package.json::::version::::version:1.2.6 <-> element::::packages/theme-default/package.json::::version::::version:1.2.6,packages/theme-default/package.json,element::::packages/theme-default/package.json::::version(location: 3),git show 30cfd1f4c191778090ed27d9d03ee4e2c2edea78 -- packages/theme-default/package.json
f7ba0b1f39f913d0c174dee367fba0d559535dd3,9a028b16b6ffe0fce31428efe6780b0490f26e2a,398e5b606717b98de0879f614404c030,ModifiedOptionConflict,ConfigType.VERSION_NUMBER<->ConfigType.VERSION_NUMBER,element::::package.json::::version::::version:1.0.1 <-> element::::packages/progress/package.json::::version::::version:1.0.1,package.json,element::::package.json::::version(location: 3),git show f7ba0b1f39f913d0c174dee367fba0d559535dd3 -- package.json
16ae1ac4de68886d1ba3889fb602eefad7159b7d,c3362b9550a18d5168060dfa0b5746da5175887c,ebe87b446673fbc857139d8f4fe0aa30,ModifiedOptionConflict,ConfigType.VERSION_NUMBER<->ConfigType.VERSION_NUMBER,element::::package.json::::version::::version:2.8.0 <-> element::::packages/theme-chalk/package.json::::version::::version:2.8.0,packages/theme-chalk/package.json,element::::packages/theme-chalk/package.json::::version(location: 3),git show 16ae1ac4de68886d1ba3889fb602eefad7159b7d -- packages/theme-chalk/package.json
6cff4044fc4e9103de090bff30fad9e31e65a94e,afd1ff123e3f303e5d6577ff0c4afbe10c56907e,2dfd2818aa8d67880ec29ec49932ac6b,MissingArtifactConflict,ConfigType.LICENSE<->ConfigType.LICENSE,element::::packages/breadcrumb/package.json::::license::::MIT <-> element::::packages/loading/package.json::::license::::MIT,,,
6cff4044fc4e9103de090bff30fad9e31e65a94e,afd1ff123e3f303e5d6577ff0c4afbe10c56907e,45e55399e866137809ff8cd5d64cb6e5,MissingArtifactConflict,ConfigType.LICENSE<->ConfigType.LICENSE,element::::packages/pagination/package.json::::license::::MIT <-> element::::packages/row/package.json::::license::::MIT,,,
88a8f002855c1c315e3e6128be1fbab7ccc94d28,825e858e7ad2056427b26f10bc140f2787a85d60,17aa1fe19935a26a1ecfac0eee880d62,ModifiedOptionConflict,ConfigType.VERSION_NUMBER<->ConfigType.VERSION_NUMBER,element::::package.json::::version::::version:1.3.5 <-> element::::packages/theme-default/package.json::::version::::version:1.3.5,packages/theme-default/package.json,element::::packages/theme-default/package.json::::version(location: 3),git show 88a8f002855c1c315e3e6128be1fbab7ccc94d28 -- packages/theme-default/package.json
126c8516362693af6f959752c27d5740a345d219,023a6a50bdfda1aa18ee55d0fa467272d5277ae5,f2809d4bb2e21b97ba6fdfe190bf9bbe,ModifiedOptionConflict,ConfigType.VERSION_NUMBER<->ConfigType.VERSION_NUMBER,element::::package.json::::version::::version:2.5.3 <-> element::::packages/theme-chalk/package.json::::version::::version:2.5.3,packages/theme-chalk/package.json,element::::packages/theme-chalk/package.json::::version(location: 3),git show 126c8516362693af6f959752c27d5740a345d219 -- packages/theme-chalk/package.json
50ad5dd920136fcf6f92c5e8a54935bb5f0d8361,7fc9b9b85a904fca19e3ce05aa0259957efdaa39,7c014434f748e3ae29de30ee1ce0a52a,ModifiedOptionConflict,ConfigType.VERSION_NUMBER<->ConfigType.VERSION_NUMBER,element::::package.json::::version::::version:2.8.1 <-> element::::packages/theme-chalk/package.json::::version::::version:2.8.1,packages/theme-chalk/package.json,element::::packages/theme-chalk/package.json::::version(location: 3),git show 50ad5dd920136fcf6f92c5e8a54935bb5f0d8361 -- packages/theme-chalk/package.json
e1801b2b497d888a7b2d19760ce5bd13ac13d309,c0296f9a80e4be5c1f3a94af8788e34e7cfd14e6,a8919d7b7669c00e53129d84631e1223,ModifiedOptionConflict,ConfigType.VERSION_NUMBER<->ConfigType.VERSION_NUMBER,element::::package.json::::devDependencies::::gulp::::gulp:^3.9.1 <-> element::::packages/theme-chalk/package.json::::devDependencies::::gulp::::gulp:^3.9.1,package.json,element::::package.json::::devDependencies::::gulp(location: 100),git show e1801b2b497d888a7b2d19760ce5bd13ac13d309 -- package.json
6cff4044fc4e9103de090bff30fad9e31e65a94e,afd1ff123e3f303e5d6577ff0c4afbe10c56907e,91acdc08494a618d3246780880e8aa33,MissingArtifactConflict,ConfigType.LICENSE<->ConfigType.LICENSE,element::::packages/input/package.json::::license::::MIT <-> element::::packages/pagination/package.json::::license::::MIT,,,
2c7c97970598ddb2887be0e0230be7bde2115602,d61d1d710bbef775c55653285fe5a42720f4924e,3ef17fa50ef3f528fa4c3378a3313968,ModifiedOptionConflict,ConfigType.VERSION_NUMBER<->ConfigType.VERSION_NUMBER,element::::package.json::::version::::version:2.7.0 <-> element::::packages/theme-chalk/package.json::::version::::version:2.7.0,packages/theme-chalk/package.json,element::::packages/theme-chalk/package.json::::version(location: 3),git show 2c7c97970598ddb2887be0e0230be7bde2115602 -- packages/theme-chalk/package.json
93bddf5d040e7892cd0294804249cbe2683769c5,f14021eb4255d5908a5d04cf7bcf82bba109ce9f,d1893167fa406c81deff57f3dd98867f,ModifiedOptionConflict,ConfigType.VERSION_NUMBER<->ConfigType.VERSION_NUMBER,element::::package.json::::version::::version:1.2.5 <-> element::::packages/theme-default/package.json::::version::::version:1.2.5,packages/theme-default/package.json,element::::packages/theme-default/package.json::::version(location: 3),git show 93bddf5d040e7892cd0294804249cbe2683769c5 -- packages/theme-default/package.json
b7bfe1ac9f90a8fbf095741753c513d1b12cedec,636405017446eac4b56cfdaba6ad99fbe5369793,60dca4737a311a625cda9bc6377d9798,ModifiedOptionConflict,ConfigType.VERSION_NUMBER<->ConfigType.VERSION_NUMBER,element::::package.json::::version::::version:1.4.4 <-> element::::packages/theme-default/package.json::::version::::version:1.4.4,packages/theme-default/package.json,element::::packages/theme-default/package.json::::version(location: 3),git show b7bfe1ac9f90a8fbf095741753c513d1b12cedec -- packages/theme-default/package.json
40cb624a0053dc8743f42dea5b5233d603f12ef0,f7ba0b1f39f913d0c174dee367fba0d559535dd3,856283318fd065c82a3f51db7bb52869,ModifiedOptionConflict,ConfigType.VERSION_NUMBER<->ConfigType.VERSION_NUMBER,element::::package.json::::version::::version:1.1.2 <-> element::::packages/theme-default/package.json::::version::::version:1.1.2,packages/theme-default/package.json,element::::packages/theme-default/package.json::::version(location: 3),git show 40cb624a0053dc8743f42dea5b5233d603f12ef0 -- packages/theme-default/package.json
a5931314bdb4cd99d2882587dd09a4a84c7b87ff,efd8018b7961fe7748e6ca83fd1f0f499effd45b,406856f6a7cd7d0531c995241f201c96,ModifiedOptionConflict,ConfigType.VERSION_NUMBER<->ConfigType.VERSION_NUMBER,element::::package.json::::version::::version:2.3.6 <-> element::::packages/theme-chalk/package.json::::version::::version:2.3.6,packages/theme-chalk/package.json,element::::packages/theme-chalk/package.json::::version(location: 3),git show a5931314bdb4cd99d2882587dd09a4a84c7b87ff -- packages/theme-chalk/package.json
90b8048fac804ebf806651d4d268e6d251be7d64,1a99726d459f08d89d14e172b6ade83ccc82e3b6,6a646f3460929a104104ced3d5f6da33,MissingArtifactConflict,ConfigType.LICENSE<->ConfigType.LICENSE,element::::package.json::::license::::MIT <-> element::::packages/pagination/package.json::::license::::MIT,,,
f7ba0b1f39f913d0c174dee367fba0d559535dd3,9a028b16b6ffe0fce31428efe6780b0490f26e2a,d77a68301541396a2f8a3b8c7c770157,ModifiedOptionConflict,ConfigType.VERSION_NUMBER<->ConfigType.VERSION_NUMBER,element::::packages/alert/package.json::::version::::version:0.0.0 <-> element::::packages/steps/package.json::::version::::version:0.0.0,packages/alert/package.json,element::::packages/alert/package.json::::version(location: 3),git show f7ba0b1f39f913d0c174dee367fba0d559535dd3 -- packages/alert/package.json
8e316ccf304c3cdf2d51eb9ce17d78c41a81f067,dc95c0ce5bb9d7fa4181af632e2f17be04c4aad3,86c6660b31d8f8be98684a57074adcca,ModifiedOptionConflict,ConfigType.VERSION_NUMBER<->ConfigType.VERSION_NUMBER,element::::package.json::::version::::version:1.3.4 <-> element::::packages/theme-default/package.json::::version::::version:1.3.4,packages/theme-default/package.json,element::::packages/theme-default/package.json::::version(location: 3),git show 8e316ccf304c3cdf2d51eb9ce17d78c41a81f067 -- packages/theme-default/package.json
dc061174b6860733c231d999531d413c7d128e67,630abafa18bc71cb313ec769f065d139b4a68328,95e5ed93690763a7350733fa5d0aab86,ModifiedOptionConflict,ConfigType.VERSION_NUMBER<->ConfigType.VERSION_NUMBER,element::::package.json::::version::::version:1.3.7 <-> element::::packages/theme-default/package.json::::version::::version:1.3.7,packages/theme-default/package.json,element::::packages/theme-default/package.json::::version(location: 3),git show dc061174b6860733c231d999531d413c7d128e67 -- packages/theme-default/package.json
6cff4044fc4e9103de090bff30fad9e31e65a94e,afd1ff123e3f303e5d6577ff0c4afbe10c56907e,80c25670070b973cf44fecad27e3f6e0,MissingArtifactConflict,ConfigType.LICENSE<->ConfigType.LICENSE,element::::package.json::::license::::MIT <-> element::::packages/notification/package.json::::license::::MIT,,,
3797c7b66c53b220cc85877841cd73d7efab6cb5,6d0b306d8ceba6014c2a846d1cd5c31167ce4a3b,33132df0f9ba2251f0bcd3d4c5916e4e,MissingOptionConflict,ConfigType.VERSION_NUMBER<->ConfigType.VERSION_NUMBER,element::::package.json::::dependencies::::throttle-debounce::::throttle-debounce:^1.0.1 <-> element::::packages/table/package.json::::devDependencies::::throttle-debounce::::throttle-debounce:^1.0.1,packages/table/package.json,element::::packages/table/package.json::::devDependencies::::throttle-debounce(location: 15),git show 3797c7b66c53b220cc85877841cd73d7efab6cb5 -- packages/table/package.json
a183ea219eb09ce453e577d06d094285ed579fad,3a283f8c9e8a555f290a4e8d4925fadecb84f02d,0bf1741be4a931b54bb65a5b3f67fb3f,ModifiedOptionConflict,ConfigType.VERSION_NUMBER<->ConfigType.VERSION_NUMBER,element::::package.json::::version::::version:2.4.9 <-> element::::packages/theme-chalk/package.json::::version::::version:2.4.9,packages/theme-chalk/package.json,element::::packages/theme-chalk/package.json::::version(location: 3),git show a183ea219eb09ce453e577d06d094285ed579fad -- packages/theme-chalk/package.json
cf34bbf1f887299f26d903feb4af10877c0894ea,10c570910dbf6eb8f8ca34b88d9c745d3a6f51ac,51a9604b3876210df2bc1f109998c86b,ModifiedOptionConflict,ConfigType.VERSION_NUMBER<->ConfigType.VERSION_NUMBER,element::::package.json::::dependencies::::vue-popup::::vue-popup:^0.2.9 <-> element::::packages/theme-default/package.json::::dependencies::::vue-popup::::vue-popup:^0.2.9,package.json,element::::package.json::::dependencies::::vue-popup(location: 48),git show cf34bbf1f887299f26d903feb4af10877c0894ea -- package.json
2752bd7859907b971816d25af73b19272421f751,a9036f25f90fb538c3a6b76a0b8ca01eeb7cccb6,9671a58399769e13a8767603e4ab122e,ModifiedOptionConflict,ConfigType.VERSION_NUMBER<->ConfigType.VERSION_NUMBER,element::::package.json::::version::::version:2.3.1 <-> element::::packages/theme-chalk/package.json::::version::::version:2.3.1,packages/theme-chalk/package.json,element::::packages/theme-chalk/package.json::::version(location: 3),git show 2752bd7859907b971816d25af73b19272421f751 -- packages/theme-chalk/package.json
3326d5c75f11c8c8d8c264e0831969bd2fe172d2,77ff6738da8dd344da74ea32b68fd47b48d64d27,77be41ca4a295147518a5a5b4e2d2e9a,ModifiedOptionConflict,ConfigType.VERSION_NUMBER<->ConfigType.VERSION_NUMBER,element::::package.json::::devDependencies::::postcss-salad::::postcss-salad:^1.0.5 <-> element::::packages/theme-default/package.json::::devDependencies::::postcss-salad::::postcss-salad:^1.0.5,package.json,element::::package.json::::devDependencies::::postcss-salad(location: 106),git show 3326d5c75f11c8c8d8c264e0831969bd2fe172d2 -- package.json
de3bbc35e2d89a1eeb6fe2201a983f5daf048a64,549ada606c55b2d4a51f77f5a701f8951d637000,5e4479180ef9ca6956ada9f500589393,ModifiedOptionConflict,ConfigType.VERSION_NUMBER<->ConfigType.VERSION_NUMBER,element::::package.json::::version::::version:2.5.1 <-> element::::packages/theme-chalk/package.json::::version::::version:2.5.1,packages/theme-chalk/package.json,element::::packages/theme-chalk/package.json::::version(location: 3),git show de3bbc35e2d89a1eeb6fe2201a983f5daf048a64 -- packages/theme-chalk/package.json
a87ebefed8a0c8607cddfde28fc48138feff8963,b8bf4ba5629ff8fa6c3c40474dcf141f064df5d9,c7b9c7db9cdb6b0c41ba8d4af3365063,ModifiedOptionConflict,ConfigType.VERSION_NUMBER<->ConfigType.VERSION_NUMBER,element::::package.json::::version::::version:1.2.9 <-> element::::packages/theme-default/package.json::::version::::version:1.2.9,packages/theme-default/package.json,element::::packages/theme-default/package.json::::version(location: 3),git show a87ebefed8a0c8607cddfde28fc48138feff8963 -- packages/theme-default/package.json
bf530618e70c6e953ed38110c9ba7d5a57e4e657,c8a5f764ca216d7809c885bc7140ba424634d77d,ebf27e10c8749dd22394827ce06d9c2b,MissingOptionConflict,ConfigType.VERSION_NUMBER<->ConfigType.VERSION_NUMBER,element::::package.json::::dependencies::::gulp::::gulp:^3.9.1 <-> element::::packages/theme-default/package.json::::devDependencies::::gulp::::gulp:^3.9.1,package.json,element::::package.json::::dependencies::::gulp(location: 39),git show bf530618e70c6e953ed38110c9ba7d5a57e4e657 -- package.json
04fae97db636c3681485eeaffb0f0d524f56f2ad,feb64c4c73bf1719b3336d2a2907fdb2fbf51148,1240faf2f0e0ed855a935ecb02adb8ca,MissingOptionConflict,ConfigType.VERSION_NUMBER<->ConfigType.VERSION_NUMBER,element::::package.json::::devDependencies::::postcss-salad::::postcss-salad:^1.0.5 <-> element::::packages/theme-default/package.json::::devDependencies::::postcss-salad::::postcss-salad:^1.0.5,package.json,element::::package.json::::devDependencies::::postcss-salad(location: 75),git show 04fae97db636c3681485eeaffb0f0d524f56f2ad -- package.json
6848370de30ea130f323ef2c4e4df46f43b192e0,ed198da59a6ed932ad8f9c48ff1448038379ca4c,5f8c85ce86cdc6a004884961dfa0d5e2,ModifiedOptionConflict,ConfigType.VERSION_NUMBER<->ConfigType.VERSION_NUMBER,element::::package.json::::version::::version:2.15.4 <-> element::::packages/theme-chalk/package.json::::version::::version:2.15.4,packages/theme-chalk/package.json,element::::packages/theme-chalk/package.json::::version(location: 3),git show 6848370de30ea130f323ef2c4e4df46f43b192e0 -- packages/theme-chalk/package.json
5b3d2dbd52fc41b92f2a5de15296cecc276475cf,8e8802ba7ca001bc78bbebe0d12df38bc66b9910,c03c5baeed64417ecbadff522eb81edb,ModifiedOptionConflict,ConfigType.VERSION_NUMBER<->ConfigType.VERSION_NUMBER,element::::package.json::::version::::version:1.4.5 <-> element::::packages/theme-default/package.json::::version::::version:1.4.5,packages/theme-default/package.json,element::::packages/theme-default/package.json::::version(location: 3),git show 5b3d2dbd52fc41b92f2a5de15296cecc276475cf -- packages/theme-default/package.json
f7ba0b1f39f913d0c174dee367fba0d559535dd3,9a028b16b6ffe0fce31428efe6780b0490f26e2a,b86d775fe276acec6c3ce40923b75575,ModifiedOptionConflict,ConfigType.VERSION_NUMBER<->ConfigType.VERSION_NUMBER,element::::packages/menu/package.json::::version::::version:0.0.0 <-> element::::packages/tree/package.json::::version::::version:0.0.0,packages/menu/package.json,element::::packages/menu/package.json::::version(location: 3),git show f7ba0b1f39f913d0c174dee367fba0d559535dd3 -- packages/menu/package.json
6cff4044fc4e9103de090bff30fad9e31e65a94e,afd1ff123e3f303e5d6577ff0c4afbe10c56907e,37d57969ffdb685ae56c5a38ee5aae21,MissingArtifactConflict,ConfigType.VERSION_NUMBER<->ConfigType.VERSION_NUMBER,element::::packages/steps/package.json::::version::::version:0.0.0 <-> element::::packages/upload/package.json::::version::::version:0.0.0,,,
d752293b058feefd9ccefb8a4bafffb61aa9e792,676cb08751581e11492c69e2c980471e9068a5a9,4b7ca8d03fb408dc085e114c2857f418,ModifiedOptionConflict,ConfigType.VERSION_NUMBER<->ConfigType.VERSION_NUMBER,element::::package.json::::version::::version:1.4.2 <-> element::::packages/theme-default/package.json::::version::::version:1.4.2,packages/theme-default/package.json,element::::packages/theme-default/package.json::::version(location: 3),git show d752293b058feefd9ccefb8a4bafffb61aa9e792 -- packages/theme-default/package.json
a9263895023017a0cd87f5d4d1c201bbce0e3def,1d2d52939f1dba227b2b81b567728bc7ce1ae3fe,e41e6fc90125781cc4e43227c9f5c9ed,ModifiedOptionConflict,ConfigType.VERSION_NUMBER<->ConfigType.VERSION_NUMBER,element::::package.json::::version::::version:1.4.7 <-> element::::packages/theme-default/package.json::::version::::version:1.4.7,packages/theme-default/package.json,element::::packages/theme-default/package.json::::version(location: 3),git show a9263895023017a0cd87f5d4d1c201bbce0e3def -- packages/theme-default/package.json
79e3c3281040410fcc0481838f2c2b0d59533f04,0d32674ae4bebb5e42447a7c5daf918e4d90fecc,661a6fd4af98365fc97ac2e469bd49f9,ModifiedOptionConflict,ConfigType.VERSION_NUMBER<->ConfigType.VERSION_NUMBER,element::::package.json::::version::::version:2.4.1 <-> element::::packages/theme-chalk/package.json::::version::::version:2.4.1,package.json,element::::package.json::::version(location: 3),git show 79e3c3281040410fcc0481838f2c2b0d59533f04 -- package.json
b22d2beec6ea020ae95e52a435219273e7ac6e8e,62103a43a28894e6d7f6efce7cacff1bb59b5313,f188a0a7f1049f68e3128b81cd1dcf92,ModifiedOptionConflict,ConfigType.VERSION_NUMBER<->ConfigType.VERSION_NUMBER,element::::package.json::::version::::version:2.8.2 <-> element::::packages/theme-chalk/package.json::::version::::version:2.8.2,packages/theme-chalk/package.json,element::::packages/theme-chalk/package.json::::version(location: 3),git show b22d2beec6ea020ae95e52a435219273e7ac6e8e -- packages/theme-chalk/package.json
6cff4044fc4e9103de090bff30fad9e31e65a94e,afd1ff123e3f303e5d6577ff0c4afbe10c56907e,80784256bd4eec6854df895b364e99bb,MissingArtifactConflict,ConfigType.LICENSE<->ConfigType.LICENSE,element::::packages/switch/package.json::::license::::MIT <-> element::::packages/upload/package.json::::license::::MIT,,,
754d8c401830b1e6352c64cbb20d2df677eb31d5,cd3abb63e3cc13abb2ec8bfbe29dbc1117eed1da,929775f05c45c630a4eb9a29939e0d78,ModifiedOptionConflict,ConfigType.VERSION_NUMBER<->ConfigType.VERSION_NUMBER,element::::package.json::::version::::version:2.2.2 <-> element::::packages/table/package.json::::version::::version:2.2.2,package.json,element::::package.json::::version(location: 3),git show 754d8c401830b1e6352c64cbb20d2df677eb31d5 -- package.json
bf530618e70c6e953ed38110c9ba7d5a57e4e657,c8a5f764ca216d7809c885bc7140ba424634d77d,51b11ddfc2d6483bb622434cbe84c530,MissingOptionConflict,ConfigType.VERSION_NUMBER<->ConfigType.VERSION_NUMBER,element::::package.json::::dependencies::::gulp-cssmin::::gulp-cssmin:^0.1.7 <-> element::::packages/theme-default/package.json::::devDependencies::::gulp-cssmin::::gulp-cssmin:^0.1.7,package.json,element::::package.json::::dependencies::::gulp-cssmin(location: 40),git show bf530618e70c6e953ed38110c9ba7d5a57e4e657 -- package.json
6cff4044fc4e9103de090bff30fad9e31e65a94e,afd1ff123e3f303e5d6577ff0c4afbe10c56907e,b771980efc239d6f6294eac420af277c,MissingArtifactConflict,ConfigType.LICENSE<->ConfigType.LICENSE,element::::packages/carousel/package.json::::license::::MIT <-> element::::packages/collapse/package.json::::license::::MIT,,,
6cff4044fc4e9103de090bff30fad9e31e65a94e,afd1ff123e3f303e5d6577ff0c4afbe10c56907e,70f6178696daa930ea449a60fc6b2f82,MissingArtifactConflict,ConfigType.LICENSE<->ConfigType.LICENSE,element::::packages/button/package.json::::license::::MIT <-> element::::packages/pagination/package.json::::license::::MIT,,,
57f538df14028ba8950d46258bebbd7f0e67607b,b539285bc2f3f8e5beddab1b7959b9e9ed90521b,5bfb467af42c64af39ac3623ac580d96,ModifiedOptionConflict,ConfigType.VERSION_NUMBER<->ConfigType.VERSION_NUMBER,element::::package.json::::version::::version:2.4.6 <-> element::::packages/theme-chalk/package.json::::version::::version:2.4.6,packages/theme-chalk/package.json,element::::packages/theme-chalk/package.json::::version(location: 3),git show 57f538df14028ba8950d46258bebbd7f0e67607b -- packages/theme-chalk/package.json
5baa9eee5df9f9b890101be49992400b37908fd4,26ad3a98331a951abec87c8360fdb8cfe688aa55,3b1599bcd3b1bb9b347af5f4c0199c3d,ModifiedOptionConflict,ConfigType.VERSION_NUMBER<->ConfigType.VERSION_NUMBER,element::::package.json::::version::::version:2.6.3 <-> element::::packages/theme-chalk/package.json::::version::::version:2.6.3,packages/theme-chalk/package.json,element::::packages/theme-chalk/package.json::::version(location: 3),git show 5baa9eee5df9f9b890101be49992400b37908fd4 -- packages/theme-chalk/package.json
c81e7a464bb75864bc2dc4b7fb3684caa73ac9b0,031702f06c771736d20c70287c85998cb8999619,fbc12321e9870c5bd49457c33548220d,ModifiedOptionConflict,ConfigType.VERSION_NUMBER<->ConfigType.VERSION_NUMBER,element::::package.json::::version::::version:2.15.8 <-> element::::packages/theme-chalk/package.json::::version::::version:2.15.8,packages/theme-chalk/package.json,element::::packages/theme-chalk/package.json::::version(location: 3),git show c81e7a464bb75864bc2dc4b7fb3684caa73ac9b0 -- packages/theme-chalk/package.json
1e7a13c88a5524fae901651f279ebc087f99e463,36ef46beebaa6f2245aef467650c0d148ee35343,36886a9c0620fcc017615f06f4e0911d,ModifiedOptionConflict,ConfigType.VERSION_NUMBER<->ConfigType.VERSION_NUMBER,element::::package.json::::version::::version:1.2.7 <-> element::::packages/theme-default/package.json::::version::::version:1.2.7,packages/theme-default/package.json,element::::packages/theme-default/package.json::::version(location: 3),git show 1e7a13c88a5524fae901651f279ebc087f99e463 -- packages/theme-default/package.json
0d9bc218aae2fcfa7f08131a7727846282242c60,c237ca46e0499a4b36ab6913b0693e35a73bc6c7,41d527c9a5c893896129900e957e0cd0,ModifiedOptionConflict,ConfigType.VERSION_NUMBER<->ConfigType.VERSION_NUMBER,element::::package.json::::version::::version:2.15.2 <-> element::::packages/theme-chalk/package.json::::version::::version:2.15.2,packages/theme-chalk/package.json,element::::packages/theme-chalk/package.json::::version(location: 3),git show 0d9bc218aae2fcfa7f08131a7727846282242c60 -- packages/theme-chalk/package.json
eb55c0bfb965c3a746de855a57003847aab3f313,2f2806540d3f027588f128fdf369b1e801e5d96e,48143a039119828ae01cf8b880d9f6c6,ModifiedOptionConflict,ConfigType.VERSION_NUMBER<->ConfigType.VERSION_NUMBER,element::::package.json::::version::::version:2.13.1 <-> element::::packages/theme-chalk/package.json::::version::::version:2.13.1,packages/theme-chalk/package.json,element::::packages/theme-chalk/package.json::::version(location: 3),git show eb55c0bfb965c3a746de855a57003847aab3f313 -- packages/theme-chalk/package.json
6cff4044fc4e9103de090bff30fad9e31e65a94e,afd1ff123e3f303e5d6577ff0c4afbe10c56907e,c2fb57a27b7932d04cc37c8975849e82,MissingArtifactConflict,ConfigType.LICENSE<->ConfigType.LICENSE,element::::packages/tag/package.json::::license::::MIT <-> element::::packages/theme-default/package.json::::license::::MIT,,,
6cff4044fc4e9103de090bff30fad9e31e65a94e,afd1ff123e3f303e5d6577ff0c4afbe10c56907e,36e63c06ba4589d1417bf643749c989f,MissingArtifactConflict,ConfigType.PATH<->ConfigType.PATH,element::::packages/select/package.json::::main::::lib/index.js <-> element::::packages/spinner/package.json::::main::::lib/index.js,,,
6cff4044fc4e9103de090bff30fad9e31e65a94e,afd1ff123e3f303e5d6577ff0c4afbe10c56907e,d326f1b7dec7a8a14503d950f0145ffb,MissingArtifactConflict,ConfigType.PATH<->ConfigType.PATH,element::::packages/date-picker/package.json::::main::::./lib/index.js <-> element::::packages/tabs/package.json::::main::::./lib/index.js,,,
966190acfc0528401c777098c9913150d8144686,094fe28102d86dab3daf8c30376ade2e61960601,03d80d7ab53a71dd1bc2c03195124650,ModifiedOptionConflict,ConfigType.VERSION_NUMBER<->ConfigType.VERSION_NUMBER,element::::package.json::::version::::version:1.2.8 <-> element::::packages/theme-default/package.json::::version::::version:1.2.8,packages/theme-default/package.json,element::::packages/theme-default/package.json::::version(location: 3),git show 966190acfc0528401c777098c9913150d8144686 -- packages/theme-default/package.json
6cff4044fc4e9103de090bff30fad9e31e65a94e,afd1ff123e3f303e5d6577ff0c4afbe10c56907e,d7b400341d8f420961cfc72fca757abb,MissingArtifactConflict,ConfigType.PATH<->ConfigType.PATH,element::::packages/date-picker/package.json::::main::::./lib/index.js <-> element::::packages/slider/package.json::::main::::./lib/index.js,,,
3064b9dc2b9dceec49e1bac8bded40a2856a7afe,8792e30643f7cb348a8f33abfb65fa3c9a1bdb64,70d86edf2156c1b6034519be05f70377,ModifiedOptionConflict,ConfigType.VERSION_NUMBER<->ConfigType.VERSION_NUMBER,element::::package.json::::version::::version:2.3.9 <-> element::::packages/theme-chalk/package.json::::version::::version:2.3.9,package.json,element::::package.json::::version(location: 3),git show 3064b9dc2b9dceec49e1bac8bded40a2856a7afe -- package.json
f0532d3490ff1342855821674cd58d4f161bc6f7,5147837f93c1f37aafcbc7a33563ec513072850f,8b58a8fa5bbbe91a4e90d82050d5b651,ModifiedOptionConflict,ConfigType.VERSION_NUMBER<->ConfigType.VERSION_NUMBER,element::::package.json::::version::::version:2.0.7 <-> element::::packages/theme-chalk/package.json::::version::::version:2.0.7,packages/theme-chalk/package.json,element::::packages/theme-chalk/package.json::::version(location: 3),git show f0532d3490ff1342855821674cd58d4f161bc6f7 -- packages/theme-chalk/package.json
d1bae68d955dbd5ec0bc5119ecef897ee305bb16,2123e348d0be976b9dda26d8a7d7fedcd1e5e486,056bad2e61f761c5827ae4ba49ba1b1c,ModifiedOptionConflict,ConfigType.VERSION_NUMBER<->ConfigType.VERSION_NUMBER,element::::package.json::::version::::version:2.0.0-rc.1 <-> element::::packages/theme-chalk/package.json::::version::::version:2.0.0-rc.1,packages/theme-chalk/package.json,element::::packages/theme-chalk/package.json::::version(location: 3),git show d1bae68d955dbd5ec0bc5119ecef897ee305bb16 -- packages/theme-chalk/package.json
ae9c3e99f3cb472517db6030d017624604cb85ec,39a263548f435eb933067e72d63b9598085c1a64,25dd7dad1939d1591e1817ef9365ae7b,ModifiedOptionConflict,ConfigType.VERSION_NUMBER<->ConfigType.VERSION_NUMBER,element::::package.json::::version::::version:2.10.0 <-> element::::packages/theme-chalk/package.json::::version::::version:2.10.0,packages/theme-chalk/package.json,element::::packages/theme-chalk/package.json::::version(location: 3),git show ae9c3e99f3cb472517db6030d017624604cb85ec -- packages/theme-chalk/package.json
bf530618e70c6e953ed38110c9ba7d5a57e4e657,c8a5f764ca216d7809c885bc7140ba424634d77d,b5b93a2af3b80a111420ce535235029b,MissingOptionConflict,ConfigType.VERSION_NUMBER<->ConfigType.VERSION_NUMBER,element::::package.json::::devDependencies::::wind-dom::::wind-dom:0.0.3 <-> element::::packages/menu/package.json::::dependencies::::wind-dom::::wind-dom:0.0.3,package.json,element::::package.json::::devDependencies::::wind-dom(location: 88),git show bf530618e70c6e953ed38110c9ba7d5a57e4e657 -- package.json
3b14c0ff1d8572bebb345ae73c8281e38e3882ee,c0e069d0ac3b71eae63ebcbb65591498abb7f570,d1fcb64766ec876cdee6e90431c411ba,ModifiedOptionConflict,ConfigType.VERSION_NUMBER<->ConfigType.VERSION_NUMBER,element::::package.json::::version::::version:1.3.0 <-> element::::packages/theme-default/package.json::::version::::version:1.3.0,packages/theme-default/package.json,element::::packages/theme-default/package.json::::version(location: 3),git show 3b14c0ff1d8572bebb345ae73c8281e38e3882ee -- packages/theme-default/package.json
bd83b38eaf02dee80d55613ede24ecf6b8a16dfb,de9b0336aa2a4437c035942dc0d028ca90067f76,0e8050b6673c0b241513396a18c2be32,ModifiedOptionConflict,ConfigType.VERSION_NUMBER<->ConfigType.VERSION_NUMBER,element::::package.json::::version::::version:2.12.0 <-> element::::packages/theme-chalk/package.json::::version::::version:2.12.0,packages/theme-chalk/package.json,element::::packages/theme-chalk/package.json::::version(location: 3),git show bd83b38eaf02dee80d55613ede24ecf6b8a16dfb -- packages/theme-chalk/package.json
4dbeaea608b3c510ed535fe6feb8169a4e25e0d5,f1d26dc02838ce0e08a29906bc94394a638b5fa1,fba3a37b7f53647761c5d4725fe2f75e,ModifiedOptionConflict,ConfigType.VERSION_NUMBER<->ConfigType.VERSION_NUMBER,element::::package.json::::version::::version:2.4.10 <-> element::::packages/theme-chalk/package.json::::version::::version:2.4.10,packages/theme-chalk/package.json,element::::packages/theme-chalk/package.json::::version(location: 3),git show 4dbeaea608b3c510ed535fe6feb8169a4e25e0d5 -- packages/theme-chalk/package.json
0f7d4cbf5ed900254a8b041d963c45c2738dc727,65f530ec3d4dd9fd0a576dc486d272375a2c9336,8e581efccdcdc2cc4bebc84048070ed7,ModifiedOptionConflict,ConfigType.VERSION_NUMBER<->ConfigType.VERSION_NUMBER,element::::package.json::::version::::version:1.4.0-beta.1 <-> element::::packages/theme-default/package.json::::version::::version:1.4.0-beta.1,packages/theme-default/package.json,element::::packages/theme-default/package.json::::version(location: 3),git show 0f7d4cbf5ed900254a8b041d963c45c2738dc727 -- packages/theme-default/package.json
62ddc530e03f05011cb5da231a3975011ecfb549,b483b2882db1ca4fa83a37266b7c061c76e1375c,5312b767b2936821024b59209ec39a47,ModifiedOptionConflict,ConfigType.VERSION_NUMBER<->ConfigType.VERSION_NUMBER,element::::package.json::::version::::version:2.0.2 <-> element::::packages/theme-chalk/package.json::::version::::version:2.0.2,packages/theme-chalk/package.json,element::::packages/theme-chalk/package.json::::version(location: 3),git show 62ddc530e03f05011cb5da231a3975011ecfb549 -- packages/theme-chalk/package.json
51d5c8fd8ba103636427a6926eb31937c32a3d38,4dda4b0139a002fb9e6c3731066a247abe429918,b43841c40c7799b2cc353adff0efc7a6,ModifiedOptionConflict,ConfigType.VERSION_NUMBER<->ConfigType.VERSION_NUMBER,element::::package.json::::version::::version:2.2.1 <-> element::::packages/theme-chalk/package.json::::version::::version:2.2.1,packages/theme-chalk/package.json,element::::packages/theme-chalk/package.json::::version(location: 3),git show 51d5c8fd8ba103636427a6926eb31937c32a3d38 -- packages/theme-chalk/package.json
6a4c927f16cc6aefba668243baaabf20991155c5,b94a66f45d804e8121ea11d8bd97b141c5aed472,ed4a50cb3a9b493fb82824ab66be6534,ModifiedOptionConflict,ConfigType.VERSION_NUMBER<->ConfigType.VERSION_NUMBER,element::::package.json::::version::::version:2.3.2 <-> element::::packages/theme-chalk/package.json::::version::::version:2.3.2,packages/theme-chalk/package.json,element::::packages/theme-chalk/package.json::::version(location: 3),git show 6a4c927f16cc6aefba668243baaabf20991155c5 -- packages/theme-chalk/package.json
1b644c935df0ac850669cbf297f0566eb84fc19b,ae3380899f64564107bf3bca001adc13f546abcc,9205a2405af1c857c8d0c73d867d648b,ModifiedOptionConflict,ConfigType.VERSION_NUMBER<->ConfigType.VERSION_NUMBER,element::::package.json::::version::::version:2.15.0 <-> element::::packages/theme-chalk/package.json::::version::::version:2.15.0,packages/theme-chalk/package.json,element::::packages/theme-chalk/package.json::::version(location: 3),git show 1b644c935df0ac850669cbf297f0566eb84fc19b -- packages/theme-chalk/package.json
6cff4044fc4e9103de090bff30fad9e31e65a94e,afd1ff123e3f303e5d6577ff0c4afbe10c56907e,9fd1bef9733750c39a73aaae66c5132d,MissingArtifactConflict,ConfigType.PATH<->ConfigType.PATH,element::::packages/pagination/package.json::::main::::./lib/index.js <-> element::::packages/popover/package.json::::main::::./lib/index.js,,,
36aa469989e8aac9c9cb02abcac033e1929bed22,ba8579da4de6a362f12d2bceeca5d354e7ee3066,9e08e861e7227468b97496aeafd1b404,ModifiedOptionConflict,ConfigType.VERSION_NUMBER<->ConfigType.VERSION_NUMBER,element::::package.json::::version::::version:2.0.11 <-> element::::packages/theme-chalk/package.json::::version::::version:2.0.11,packages/theme-chalk/package.json,element::::packages/theme-chalk/package.json::::version(location: 3),git show 36aa469989e8aac9c9cb02abcac033e1929bed22 -- packages/theme-chalk/package.json
6770ad2ed0db07cfd8d5c910a359937923c900a2,846823f28d37918f4c45a0fe82eb554e69d21aa1,fcab37be8f20a9ab219ea722d1d05bdb,ModifiedOptionConflict,ConfigType.VERSION_NUMBER<->ConfigType.VERSION_NUMBER,element::::package.json::::version::::version:2.5.4 <-> element::::packages/theme-chalk/package.json::::version::::version:2.5.4,packages/theme-chalk/package.json,element::::packages/theme-chalk/package.json::::version(location: 3),git show 6770ad2ed0db07cfd8d5c910a359937923c900a2 -- packages/theme-chalk/package.json
6cff4044fc4e9103de090bff30fad9e31e65a94e,afd1ff123e3f303e5d6577ff0c4afbe10c56907e,fafe2a7de3333e2f944e13470e86abb9,MissingArtifactConflict,ConfigType.LICENSE<->ConfigType.LICENSE,element::::packages/alert/package.json::::license::::MIT <-> element::::packages/theme-default/package.json::::license::::MIT,,,
cd3abb63e3cc13abb2ec8bfbe29dbc1117eed1da,3e6089a27bb5c49f2c405c40477087f3a126843c,069ebfddef8bfbba36080c0ec52699a9,ModifiedOptionConflict,ConfigType.VERSION_NUMBER<->ConfigType.VERSION_NUMBER,element::::packages/table/package.json::::version::::version:2.2.2 <-> element::::packages/theme-chalk/package.json::::version::::version:2.2.2,packages/theme-chalk/package.json,element::::packages/theme-chalk/package.json::::version(location: 3),git show cd3abb63e3cc13abb2ec8bfbe29dbc1117eed1da -- packages/theme-chalk/package.json
7f0299c68586589fd27735d95051405afab0e989,edc52c1d96a7eabb47b02b2aa0ecf564ff9b43f3,3792a9885183ac213025e8b24b3b2a69,ModifiedOptionConflict,ConfigType.VERSION_NUMBER<->ConfigType.VERSION_NUMBER,element::::package.json::::version::::version:2.15.3 <-> element::::packages/theme-chalk/package.json::::version::::version:2.15.3,packages/theme-chalk/package.json,element::::packages/theme-chalk/package.json::::version(location: 3),git show 7f0299c68586589fd27735d95051405afab0e989 -- packages/theme-chalk/package.json
c9e987ca32822f2eb9ba0f71d8c1331032e93ca5,8be5a40b7fb0e8691cc6852c831d1928ae80e2ad,8300dda031c2d23920c1404b86ca0798,ModifiedOptionConflict,ConfigType.VERSION_NUMBER<->ConfigType.VERSION_NUMBER,element::::packages/loading/package.json::::version::::version:2.0.0 <-> element::::packages/table/package.json::::version::::version:2.0.0,packages/table/package.json,element::::packages/table/package.json::::version(location: 3),git show c9e987ca32822f2eb9ba0f71d8c1331032e93ca5 -- packages/table/package.json
90b8048fac804ebf806651d4d268e6d251be7d64,1a99726d459f08d89d14e172b6ade83ccc82e3b6,8e2a7488aec4916488118596bfbfd63a,MissingArtifactConflict,ConfigType.LICENSE<->ConfigType.LICENSE,element::::packages/loading/package.json::::license::::MIT <-> element::::packages/theme-chalk/package.json::::license::::MIT,,,
e77c8f9bb19e19afabb0869f010bb229def3e6a2,5a85b136b474531e1c6d1ba49929a25b280dcfcf,61c4889d62eadc718f5bf52022e8d7df,ModifiedOptionConflict,ConfigType.VERSION_NUMBER<->ConfigType.VERSION_NUMBER,element::::package.json::::version::::version:2.0.6 <-> element::::packages/theme-chalk/package.json::::version::::version:2.0.6,packages/theme-chalk/package.json,element::::packages/theme-chalk/package.json::::version(location: 3),git show e77c8f9bb19e19afabb0869f010bb229def3e6a2 -- packages/theme-chalk/package.json
667c3ac9ce7dd6fee4057888a766a87ddceb83f6,e4bd438a3bcbffbf6b56821ef1409b71f619c240,3be6ecfcdb8b24ba98e6aee8d49275a3,ModifiedOptionConflict,ConfigType.VERSION_NUMBER<->ConfigType.VERSION_NUMBER,element::::packages/pagination/package.json::::version::::version:1.0.0 <-> element::::packages/upload/package.json::::version::::version:1.0.0,packages/pagination/package.json,element::::packages/pagination/package.json::::version(location: 3),git show 667c3ac9ce7dd6fee4057888a766a87ddceb83f6 -- packages/pagination/package.json
6cff4044fc4e9103de090bff30fad9e31e65a94e,afd1ff123e3f303e5d6577ff0c4afbe10c56907e,acd6abef0fdefb5713cf5c8e249196ae,MissingArtifactConflict,ConfigType.VERSION_NUMBER<->ConfigType.VERSION_NUMBER,element::::packages/tree/package.json::::version::::version:0.0.0 <-> element::::packages/upload/package.json::::version::::version:0.0.0,,,
f7ba0b1f39f913d0c174dee367fba0d559535dd3,9a028b16b6ffe0fce31428efe6780b0490f26e2a,57e400769f96db98d6bfe8689fe054b6,ModifiedOptionConflict,ConfigType.VERSION_NUMBER<->ConfigType.VERSION_NUMBER,element::::packages/card/package.json::::version::::version:0.0.0 <-> element::::packages/message/package.json::::version::::version:0.0.0,packages/card/package.json,element::::packages/card/package.json::::version(location: 3),git show f7ba0b1f39f913d0c174dee367fba0d559535dd3 -- packages/card/package.json
6cff4044fc4e9103de090bff30fad9e31e65a94e,afd1ff123e3f303e5d6577ff0c4afbe10c56907e,fa07691d37e69c02248eeb748f3b0543,MissingArtifactConflict,ConfigType.PATH<->ConfigType.PATH,element::::packages/form/package.json::::main::::./lib/index.js <-> element::::packages/pagination/package.json::::main::::./lib/index.js,,,
f6c8a480e92f1b75fdd850503029d645f318feb7,c801aa729e1162f1c40305c350131887b5a9ab3b,2c05ac1041f031f13a87d80e93d94a04,ModifiedOptionConflict,ConfigType.VERSION_NUMBER<->ConfigType.VERSION_NUMBER,element::::package.json::::version::::version:1.1.4 <-> element::::packages/theme-default/package.json::::version::::version:1.1.4,packages/theme-default/package.json,element::::packages/theme-default/package.json::::version(location: 3),git show f6c8a480e92f1b75fdd850503029d645f318feb7 -- packages/theme-default/package.json
743d8e2333931ad170dacedd1b5954acdd003876,de5500b9f693ecfb7d0a540c19184752eebfc1ae,bf4de95b279f6dccc7f8831a221b2f02,ModifiedOptionConflict,ConfigType.VERSION_NUMBER<->ConfigType.VERSION_NUMBER,element::::package.json::::version::::version:2.3.8 <-> element::::packages/theme-chalk/package.json::::version::::version:2.3.8,packages/theme-chalk/package.json,element::::packages/theme-chalk/package.json::::version(location: 3),git show 743d8e2333931ad170dacedd1b5954acdd003876 -- packages/theme-chalk/package.json
6e8d4842a384af7934d247abdc87d9c372e72ed8,25162a5a73a0dd6fb7109de0c5cf464a6a75a0bf,df4089ef94fc70f37484526f033f43c9,ModifiedOptionConflict,ConfigType.VERSION_NUMBER<->ConfigType.VERSION_NUMBER,element::::package.json::::version::::version:2.1.0 <-> element::::packages/theme-chalk/package.json::::version::::version:2.1.0,packages/theme-chalk/package.json,element::::packages/theme-chalk/package.json::::version(location: 3),git show 6e8d4842a384af7934d247abdc87d9c372e72ed8 -- packages/theme-chalk/package.json
6cff4044fc4e9103de090bff30fad9e31e65a94e,afd1ff123e3f303e5d6577ff0c4afbe10c56907e,e63daaa85704b4b3e2f6cec73ad5ebc5,MissingArtifactConflict,ConfigType.LICENSE<->ConfigType.LICENSE,element::::packages/date-picker/package.json::::license::::MIT <-> element::::packages/dialog/package.json::::license::::MIT,,,
713cec9f645f9896ddddf98e5e2b3bd8be46ef31,05696b13a536019227f39bb0100012ed6d728ef1,f3999a0d83878420bc5f678625220e60,ModifiedOptionConflict,ConfigType.VERSION_NUMBER<->ConfigType.VERSION_NUMBER,element::::package.json::::version::::version:2.0.3 <-> element::::packages/theme-chalk/package.json::::version::::version:2.0.3,packages/theme-chalk/package.json,element::::packages/theme-chalk/package.json::::version(location: 3),git show 713cec9f645f9896ddddf98e5e2b3bd8be46ef31 -- packages/theme-chalk/package.json
8c6d9872d0f4ccdd2f5877521e5bfccab9f0d9ac,fc471c9f281cf683d4ea2d71f7f0d7ccd3db829d,f6f45ec9eed641d81fd2697025e79aaa,ModifiedOptionConflict,ConfigType.VERSION_NUMBER<->ConfigType.VERSION_NUMBER,element::::package.json::::version::::version:2.4.4 <-> element::::packages/theme-chalk/package.json::::version::::version:2.4.4,packages/theme-chalk/package.json,element::::packages/theme-chalk/package.json::::version(location: 3),git show 8c6d9872d0f4ccdd2f5877521e5bfccab9f0d9ac -- packages/theme-chalk/package.json
6cff4044fc4e9103de090bff30fad9e31e65a94e,afd1ff123e3f303e5d6577ff0c4afbe10c56907e,a218276c4159edf57b5a17fc2f6a23d6,MissingArtifactConflict,ConfigType.PATH<->ConfigType.PATH,element::::packages/date-picker/package.json::::main::::./lib/index.js <-> element::::packages/tooltip/package.json::::main::::./lib/index.js,,,
04fae97db636c3681485eeaffb0f0d524f56f2ad,feb64c4c73bf1719b3336d2a2907fdb2fbf51148,a775fe429955a84fa518d6e01df81f07,MissingOptionConflict,ConfigType.VERSION_NUMBER<->ConfigType.VERSION_NUMBER,element::::package.json::::devDependencies::::gulp::::gulp:^3.9.1 <-> element::::packages/theme-default/package.json::::devDependencies::::gulp::::gulp:^3.9.1,package.json,element::::package.json::::devDependencies::::gulp(location: 63),git show 04fae97db636c3681485eeaffb0f0d524f56f2ad -- package.json
48af37b2477642bb2d4bbfa0057a4858a0d12aeb,3746d2be190dccf568272a76584f9e5e6ff1355a,0c6eb438cf83dfd635bf6df7549f42fe,ModifiedOptionConflict,ConfigType.VERSION_NUMBER<->ConfigType.VERSION_NUMBER,element::::package.json::::version::::version:1.4.0 <-> element::::packages/theme-default/package.json::::version::::version:1.4.0,packages/theme-default/package.json,element::::packages/theme-default/package.json::::version(location: 3),git show 48af37b2477642bb2d4bbfa0057a4858a0d12aeb -- packages/theme-default/package.json
4572cdc902467a410e122f404d5a73d3aab48c0f,d6b170804510536f74e0123dc9dd4cbcfb8de767,49ce5cd852db07cb705a7bf18b387d47,ModifiedOptionConflict,ConfigType.VERSION_NUMBER<->ConfigType.VERSION_NUMBER,element::::package.json::::version::::version:2.6.2 <-> element::::packages/theme-chalk/package.json::::version::::version:2.6.2,packages/theme-chalk/package.json,element::::packages/theme-chalk/package.json::::version(location: 3),git show 4572cdc902467a410e122f404d5a73d3aab48c0f -- packages/theme-chalk/package.json
6cff4044fc4e9103de090bff30fad9e31e65a94e,afd1ff123e3f303e5d6577ff0c4afbe10c56907e,b1e8b8b64503fbccb4a689aa4fbe8b23,MissingArtifactConflict,ConfigType.LICENSE<->ConfigType.LICENSE,element::::packages/menu/package.json::::license::::MIT <-> element::::packages/table/package.json::::license::::MIT,,,
36f4476e8c5ab2d23a944e67a850db6ba32c5ae7,21ef950ce231fbfa0f7ad0ed804fefb66b7c9eb5,e494184dc580de1c9b297e5918522098,ModifiedOptionConflict,ConfigType.VERSION_NUMBER<->ConfigType.VERSION_NUMBER,element::::package.json::::version::::version:2.9.2 <-> element::::packages/theme-chalk/package.json::::version::::version:2.9.2,packages/theme-chalk/package.json,element::::packages/theme-chalk/package.json::::version(location: 3),git show 36f4476e8c5ab2d23a944e67a850db6ba32c5ae7 -- packages/theme-chalk/package.json
9ad208455b3f2c64aa34075ae91aa6735b3448e2,89c9ed145b94b222cd9825855eacc6188919f574,568c6c9ce4ff9aca4189004467409353,MissingArtifactConflict,ConfigType.LICENSE<->ConfigType.LICENSE,element::::packages/date-picker/package.json::::license::::MIT <-> element::::packages/select/package.json::::license::::MIT,,,
b05cee8b53565b0f0dcd99b13a2eac69552ed289,2b8e1a6e3f65b7609121fc70ee3f36f6e10bba05,061c941be1c16b7532e29e50c94f5613,ModifiedOptionConflict,ConfigType.VERSION_NUMBER<->ConfigType.VERSION_NUMBER,element::::package.json::::version::::version:2.9.1 <-> element::::packages/theme-chalk/package.json::::version::::version:2.9.1,packages/theme-chalk/package.json,element::::packages/theme-chalk/package.json::::version(location: 3),git show b05cee8b53565b0f0dcd99b13a2eac69552ed289 -- packages/theme-chalk/package.json
1d597db61c0e04b5befd4f75bd40bd71cf3ef5b1,d9da3c88cf92ba6e29637da3eac3314568549b7e,e1522472bb563f06e5e69f5d46831750,ModifiedOptionConflict,ConfigType.VERSION_NUMBER<->ConfigType.VERSION_NUMBER,element::::package.json::::version::::version:1.3.0-beta.1 <-> element::::packages/theme-default/package.json::::version::::version:1.3.0-beta.1,packages/theme-default/package.json,element::::packages/theme-default/package.json::::version(location: 3),git show 1d597db61c0e04b5befd4f75bd40bd71cf3ef5b1 -- packages/theme-default/package.json
947361c44e9b97d5752fb12993e18de449370d5a,5d8aee7aeaf92c394213c92221b1d6a9a9a3b49b,855736efa1d86cc33b86be6501e54585,ModifiedOptionConflict,ConfigType.PATH<->ConfigType.PATH,element::::package.json::::main::::lib/index.js <-> element::::packages/select/package.json::::main::::lib/index.js,package.json,element::::package.json::::main(location: 5),git show 947361c44e9b97d5752fb12993e18de449370d5a -- package.json
8b3ff94b05dcae0a7acb922f9c213898fdd6e914,c3166356b4db3677a5ceda120217eaf169ae6322,55716239d1167c0936262f3d0e7e9d5f,ModifiedOptionConflict,ConfigType.VERSION_NUMBER<->ConfigType.VERSION_NUMBER,element::::package.json::::version::::version:2.15.7 <-> element::::packages/theme-chalk/package.json::::version::::version:2.15.7,packages/theme-chalk/package.json,element::::packages/theme-chalk/package.json::::version(location: 3),git show 8b3ff94b05dcae0a7acb922f9c213898fdd6e914 -- packages/theme-chalk/package.json
6cff4044fc4e9103de090bff30fad9e31e65a94e,afd1ff123e3f303e5d6577ff0c4afbe10c56907e,192df28d8e760f89f420d07798b44370,MissingArtifactConflict,ConfigType.VERSION_NUMBER<->ConfigType.VERSION_NUMBER,element::::packages/loading/package.json::::version::::version:0.0.0 <-> element::::packages/rate/package.json::::version::::version:0.0.0,,,
3b7bf3d084aa76b9d039726feb496ed15cc064d2,0eefd5eb4b4dd94e2b5957130071fbb0ae87e728,2a55f3e92712137ab2d4dac9d9fe05e7,MissingArtifactConflict,ConfigType.LICENSE<->ConfigType.LICENSE,element::::packages/cascader/package.json::::license::::MIT <-> element::::packages/spinner/package.json::::license::::MIT,,,
2ca9dbe04eb778a0b513c1c8a7e2e16174bef80b,6058515decab90cb243277dec39c6ad68f1590d6,91f5a3ebcfdf32318a34de30c0111418,ModifiedOptionConflict,ConfigType.VERSION_NUMBER<->ConfigType.VERSION_NUMBER,element::::package.json::::version::::version:1.0.0-rc.9 <-> element::::packages/theme-default/package.json::::version::::version:1.0.0-rc.9,packages/theme-default/package.json,element::::packages/theme-default/package.json::::version(location: 3),git show 2ca9dbe04eb778a0b513c1c8a7e2e16174bef80b -- packages/theme-default/package.json
e8ba4641262fbde4e6534635f8a603cb94e82457,8b19e518906697b90c1a4537a284570cf2e63cd9,7448d87dedd91e081eab8d621212616c,ModifiedOptionConflict,ConfigType.VERSION_NUMBER<->ConfigType.VERSION_NUMBER,element::::package.json::::version::::version:1.1.3 <-> element::::packages/theme-default/package.json::::version::::version:1.1.3,packages/theme-default/package.json,element::::packages/theme-default/package.json::::version(location: 3),git show e8ba4641262fbde4e6534635f8a603cb94e82457 -- packages/theme-default/package.json
f3b6b0a10385e8c92a66df0464460747a094a8b0,3ca6b5f9c5a9a209562f88f2bee3ecb5d24316f3,1e1e0bbe2a57ebce93a6fe2083fb9153,ModifiedOptionConflict,ConfigType.VERSION_NUMBER<->ConfigType.VERSION_NUMBER,element::::package.json::::version::::version:2.13.0 <-> element::::packages/theme-chalk/package.json::::version::::version:2.13.0,packages/theme-chalk/package.json,element::::packages/theme-chalk/package.json::::version(location: 3),git show f3b6b0a10385e8c92a66df0464460747a094a8b0 -- packages/theme-chalk/package.json
76e3091fbeed5e3a4ff429ebb7cd1786dd76b06c,a69562de1a2db81c88dbabaae64d598b5a3ed7a2,f14596b204d1767e1baaf5446ff0c7a5,ModifiedOptionConflict,ConfigType.VERSION_NUMBER<->ConfigType.VERSION_NUMBER,element::::package.json::::version::::version:1.3.6 <-> element::::packages/theme-default/package.json::::version::::version:1.3.6,packages/theme-default/package.json,element::::packages/theme-default/package.json::::version(location: 3),git show 76e3091fbeed5e3a4ff429ebb7cd1786dd76b06c -- packages/theme-default/package.json
6cff4044fc4e9103de090bff30fad9e31e65a94e,afd1ff123e3f303e5d6577ff0c4afbe10c56907e,62297cb8e51aa74bf2cab84f776e095c,MissingArtifactConflict,ConfigType.PATH<->ConfigType.PATH,element::::packages/progress/package.json::::main::::lib/index.js <-> element::::packages/select/package.json::::main::::lib/index.js,,,
43b82809443b46dd7e29639d9329e34cd6c6a8fa,e309f770787d13dae952ad041a4060ae3dfc03fc,e8dfc9187fe8c1491cc6cc0571536d53,ModifiedOptionConflict,ConfigType.VERSION_NUMBER<->ConfigType.VERSION_NUMBER,element::::package.json::::version::::version:2.4.7 <-> element::::packages/theme-chalk/package.json::::version::::version:2.4.7,packages/theme-chalk/package.json,element::::packages/theme-chalk/package.json::::version(location: 3),git show 43b82809443b46dd7e29639d9329e34cd6c6a8fa -- packages/theme-chalk/package.json
3311ff4ff38a52c1a847d431f4c700cbcf8a9746,fd09f56bdddb3c297d66d0a2a7c6519a36e12305,2c2ae85fc8cb1829bafed59a3646b080,ModifiedOptionConflict,ConfigType.VERSION_NUMBER<->ConfigType.VERSION_NUMBER,element::::package.json::::version::::version:2.0.5 <-> element::::packages/theme-chalk/package.json::::version::::version:2.0.5,packages/theme-chalk/package.json,element::::packages/theme-chalk/package.json::::version(location: 3),git show 3311ff4ff38a52c1a847d431f4c700cbcf8a9746 -- packages/theme-chalk/package.json
ab6788e87cdecbbf3ae86a9156c616c3804bfb73,ae95ab5760abd5581917d57bc0ff89fc25db8630,893b94d999c1c8974f29dbd4e0f242ff,ModifiedOptionConflict,ConfigType.VERSION_NUMBER<->ConfigType.VERSION_NUMBER,element::::package.json::::version::::version:1.0.0 <-> element::::packages/button/package.json::::version::::version:1.0.0,package.json,element::::package.json::::version(location: 3),git show ab6788e87cdecbbf3ae86a9156c616c3804bfb73 -- package.json
c909e0eab7e19dea2814ae43af4a57b6c2ddc44b,3fb05683870d1e4146cadbd529be0a814fcaff96,c2c79c7570241b17698a85392eccd8f0,ModifiedOptionConflict,ConfigType.VERSION_NUMBER<->ConfigType.VERSION_NUMBER,element::::package.json::::version::::version:2.0.8 <-> element::::packages/theme-chalk/package.json::::version::::version:2.0.8,packages/theme-chalk/package.json,element::::packages/theme-chalk/package.json::::version(location: 3),git show c909e0eab7e19dea2814ae43af4a57b6c2ddc44b -- packages/theme-chalk/package.json
6cff4044fc4e9103de090bff30fad9e31e65a94e,afd1ff123e3f303e5d6577ff0c4afbe10c56907e,43d53cb795be5c83aa5edcc25cbe77b0,MissingArtifactConflict,ConfigType.LICENSE<->ConfigType.LICENSE,element::::packages/carousel/package.json::::license::::MIT <-> element::::packages/col/package.json::::license::::MIT,,,
52cda81e5d610b55d324a36e2001a3fb57d666df,630880b22b64e13ec1ae1fc8ce03b4f8b01acfe7,5fb5cbaa69f79e038f854f0e9760cfb1,ModifiedOptionConflict,ConfigType.VERSION_NUMBER<->ConfigType.VERSION_NUMBER,element::::package.json::::version::::version:1.2.2 <-> element::::packages/theme-default/package.json::::version::::version:1.2.2,packages/theme-default/package.json,element::::packages/theme-default/package.json::::version(location: 3),git show 52cda81e5d610b55d324a36e2001a3fb57d666df -- packages/theme-default/package.json
efaa1eebf53dd745edc5f815846657eadcfb9573,f228be937536ce6c271c6ff276ac96bd87ca021d,fd6bf17d5433ad41b8b2a33af0e5359a,ModifiedOptionConflict,ConfigType.VERSION_NUMBER<->ConfigType.VERSION_NUMBER,element::::package.json::::version::::version:2.0.9 <-> element::::packages/theme-chalk/package.json::::version::::version:2.0.9,packages/theme-chalk/package.json,element::::packages/theme-chalk/package.json::::version(location: 3),git show efaa1eebf53dd745edc5f815846657eadcfb9573 -- packages/theme-chalk/package.json
fd888b1e8d778dee920172d1e93cca508f699ba3,34dde66dbafeb6824aaba64c198717314db979dc,52c3f7c2fe0222460685ccb5bb93d3a4,ModifiedOptionConflict,ConfigType.VERSION_NUMBER<->ConfigType.VERSION_NUMBER,element::::package.json::::version::::version:2.10.1 <-> element::::packages/theme-chalk/package.json::::version::::version:2.10.1,packages/theme-chalk/package.json,element::::packages/theme-chalk/package.json::::version(location: 3),git show fd888b1e8d778dee920172d1e93cca508f699ba3 -- packages/theme-chalk/package.json
e1801b2b497d888a7b2d19760ce5bd13ac13d309,c0296f9a80e4be5c1f3a94af8788e34e7cfd14e6,deeb908d75128120a9f2b1617c2caaac,ModifiedOptionConflict,ConfigType.VERSION_NUMBER<->ConfigType.VERSION_NUMBER,element::::package.json::::devDependencies::::gulp-autoprefixer::::gulp-autoprefixer:^4.0.0 <-> element::::packages/theme-chalk/package.json::::devDependencies::::gulp-autoprefixer::::gulp-autoprefixer:^4.0.0,package.json,element::::package.json::::devDependencies::::gulp-autoprefixer(location: 101),git show e1801b2b497d888a7b2d19760ce5bd13ac13d309 -- package.json
e1801b2b497d888a7b2d19760ce5bd13ac13d309,c0296f9a80e4be5c1f3a94af8788e34e7cfd14e6,65cb514f2113c93294c95d8f4a450c3e,ModifiedOptionConflict,ConfigType.VERSION_NUMBER<->ConfigType.VERSION_NUMBER,element::::package.json::::devDependencies::::gulp-cssmin::::gulp-cssmin:^0.1.7 <-> element::::packages/theme-chalk/package.json::::devDependencies::::gulp-cssmin::::gulp-cssmin:^0.1.7,package.json,element::::package.json::::devDependencies::::gulp-cssmin(location: 102),git show e1801b2b497d888a7b2d19760ce5bd13ac13d309 -- package.json
6cff4044fc4e9103de090bff30fad9e31e65a94e,afd1ff123e3f303e5d6577ff0c4afbe10c56907e,d62b12c24f88ba47b3ba83bb8296c77c,MissingArtifactConflict,ConfigType.PATH<->ConfigType.PATH,element::::packages/card/package.json::::main::::./lib/index.js <-> element::::packages/pagination/package.json::::main::::./lib/index.js,,,
98f69828e53d717008ee5fe43c10cb1cbb63a542,649b8648fcfbdf7582297fb99a1ed1fc9efbb839,641683f56557350141667088059b1bd3,ModifiedOptionConflict,ConfigType.VERSION_NUMBER<->ConfigType.VERSION_NUMBER,element::::package.json::::version::::version:2.3.5 <-> element::::packages/theme-chalk/package.json::::version::::version:2.3.5,packages/theme-chalk/package.json,element::::packages/theme-chalk/package.json::::version(location: 3),git show 98f69828e53d717008ee5fe43c10cb1cbb63a542 -- packages/theme-chalk/package.json
90b8048fac804ebf806651d4d268e6d251be7d64,1a99726d459f08d89d14e172b6ade83ccc82e3b6,3906ba72482561a85b8804fa371e48a9,MissingArtifactConflict,ConfigType.LICENSE<->ConfigType.LICENSE,element::::package.json::::license::::MIT <-> element::::packages/carousel/package.json::::license::::MIT,,,
06ced98bd6c94bc7cf72f09604425bf39e882b57,f58f8a05dde8e4aaff6ccfce86da019c29766d25,24087a8349b9666e8bc4ec32af667c7f,ModifiedOptionConflict,ConfigType.VERSION_NUMBER<->ConfigType.VERSION_NUMBER,element::::package.json::::version::::version:2.15.1 <-> element::::packages/theme-chalk/package.json::::version::::version:2.15.1,packages/theme-chalk/package.json,element::::packages/theme-chalk/package.json::::version(location: 3),git show 06ced98bd6c94bc7cf72f09604425bf39e882b57 -- packages/theme-chalk/package.json
90b8048fac804ebf806651d4d268e6d251be7d64,1a99726d459f08d89d14e172b6ade83ccc82e3b6,c34c553e3d54f15d970e0bb928f5cae1,MissingArtifactConflict,ConfigType.VERSION_NUMBER<->ConfigType.VERSION_NUMBER,element::::package.json::::dependencies::::throttle-debounce::::throttle-debounce:^1.0.1 <-> element::::packages/table/package.json::::dependencies::::throttle-debounce::::throttle-debounce:^1.0.1,,,
