occurred_at,prev_commit,conflict_id,conflict_type,config_types,link,changed_artifact,changed_option,cmd
197d99de4c1b17833e180d628343ae6a998377d0,fce30037286379ef3d523cb787250b2d4ee78e79,94e0713f8a531d2ec7e743a3590df065,MissingOptionConflict,ConfigType.UNKNOWN<->ConfigType.UNKNOWN,TypeScript::::src/harness/tsconfig.json::::compilerOptions::::target::::es5 <-> TypeScript::::src/services/tsconfig.json::::compilerOptions::::target::::es5,src/services/tsconfig.json,TypeScript::::src/services/tsconfig.json::::compilerOptions::::target(location: 13),git show 197d99de4c1b17833e180d628343ae6a998377d0 -- src/services/tsconfig.json
197d99de4c1b17833e180d628343ae6a998377d0,fce30037286379ef3d523cb787250b2d4ee78e79,3b7ae93c51e912d1a957d05807e85165,MissingOptionConflict,ConfigType.PATH<->ConfigType.PATH,TypeScript::::src/harness/tsconfig.json::::files::::files/../compiler/transformers/esnext.ts::::../compiler/transformers/esnext.ts <-> TypeScript::::src/services/tsconfig.json::::files::::files/../compiler/transformers/esnext.ts::::../compiler/transformers/esnext.ts,src/services/tsconfig.json,TypeScript::::src/services/tsconfig.json::::files::::files/../compiler/transformers/esnext.ts(location: 18),git show 197d99de4c1b17833e180d628343ae6a998377d0 -- src/services/tsconfig.json
197d99de4c1b17833e180d628343ae6a998377d0,fce30037286379ef3d523cb787250b2d4ee78e79,b830cc7c275659c20c0f13b77e0eb8c4,MissingOptionConflict,ConfigType.PATH<->ConfigType.PATH,TypeScript::::src/harness/tsconfig.json::::files::::files/../compiler/core.ts::::../compiler/core.ts <-> TypeScript::::src/services/tsconfig.json::::files::::files/../compiler/core.ts::::../compiler/core.ts,src/services/tsconfig.json,TypeScript::::src/services/tsconfig.json::::files::::files/../compiler/core.ts(location: 18),git show 197d99de4c1b17833e180d628343ae6a998377d0 -- src/services/tsconfig.json
44b6193474a47074656a11bfdaca7cc8758fded8,6fd9d9e01796554b6e30f0d40b17382287bbea98,1374442f83904fb1db48ef8489df1d70,MissingOptionConflict,ConfigType.UNKNOWN<->ConfigType.UNKNOWN,TypeScript::::tests/baselines/reference/tsConfig/Initialized TSConfig with files options/tsconfig.json::::compilerOptions::::module::::commonjs <-> TypeScript::::tests/cases/projects/decoratorMetadata/emitDecoratorMetadataCommonJSIsolatedModuleNoResolve/tsconfig.json::::compilerOptions::::module::::commonjs,tests/baselines/reference/tsConfig/Initialized TSConfig with files options/tsconfig.json,TypeScript::::tests/baselines/reference/tsConfig/Initialized TSConfig with files options/tsconfig.json::::compilerOptions::::module(location: 3),git show 44b6193474a47074656a11bfdaca7cc8758fded8 -- tests/baselines/reference/tsConfig/Initialized TSConfig with files options/tsconfig.json
2922b803ad8cbcf137e8c65cd9a0437e99af2019,671d8cfcb7f679bf04dcfe698e527e5cd1f8a7ba,ac75eb2265505236e0ca78fa0bfdcc1e,MissingOptionConflict,ConfigType.PATH<->ConfigType.PATH,TypeScript::::src/compiler/tsconfig.json::::files::::files/types.ts::::types.ts <-> TypeScript::::src/services/tsconfig.json::::files::::files/types.ts::::types.ts,src/compiler/tsconfig.json,TypeScript::::src/compiler/tsconfig.json::::files::::files/types.ts(location: 8),git show 2922b803ad8cbcf137e8c65cd9a0437e99af2019 -- src/compiler/tsconfig.json
5cc0026802a32fcb2d2a00b452defd5e5289e505,980957a29d0afd35c7bf2b3ea3235b0b06de160a,94d24f4b01de25a5916d6f4050aaf8b1,MissingOptionConflict,ConfigType.PATH<->ConfigType.PATH,TypeScript::::src/server/tsconfig.json::::extends::::../tsconfig-base <-> TypeScript::::src/services/tsconfig.json::::extends::::../tsconfig-base,src/services/tsconfig.json,TypeScript::::src/services/tsconfig.json::::extends(location: 2),git show 5cc0026802a32fcb2d2a00b452defd5e5289e505 -- src/services/tsconfig.json
b0fcafb3f5c99d0f6a9f4f1d83ac50dce8eccd99,7f9cec4d61629bfb8be368f69dde0a7134bcf9e1,223e2b1d403d6a9614d62f880cfbdd48,ModifiedOptionConflict,ConfigType.PATH<->ConfigType.PATH,TypeScript::::src/harness/tsconfig.json::::extends::::../tsconfig-base <-> TypeScript::::src/typingsInstaller/tsconfig.json::::extends::::../tsconfig-base,src/typingsInstaller/tsconfig.json,TypeScript::::src/typingsInstaller/tsconfig.json::::extends(location: 2),git show b0fcafb3f5c99d0f6a9f4f1d83ac50dce8eccd99 -- src/typingsInstaller/tsconfig.json
197d99de4c1b17833e180d628343ae6a998377d0,fce30037286379ef3d523cb787250b2d4ee78e79,3a35d31360c67bd762a512969821cd3f,MissingOptionConflict,ConfigType.PATH<->ConfigType.PATH,TypeScript::::src/harness/tsconfig.json::::files::::files/../compiler/scanner.ts::::../compiler/scanner.ts <-> TypeScript::::src/services/tsconfig.json::::files::::files/../compiler/scanner.ts::::../compiler/scanner.ts,src/services/tsconfig.json,TypeScript::::src/services/tsconfig.json::::files::::files/../compiler/scanner.ts(location: 18),git show 197d99de4c1b17833e180d628343ae6a998377d0 -- src/services/tsconfig.json
93bac1b81f5dfc324d7c8f33febf0a41afc97261,17574a87bf23f3db220d3a79dcb66e8fcf8c6b1f,85ec613215dce3567ffef4382d882b35,ModifiedOptionConflict,ConfigType.UNKNOWN<->ConfigType.UNKNOWN,TypeScript::::tests/cases/docker/office-ui-fabric/Dockerfile::::cmd::::param5::::-- <-> TypeScript::::tests/cases/docker/vue-next/Dockerfile::::cmd::::param3::::--,tests/cases/docker/office-ui-fabric/Dockerfile,TypeScript::::tests/cases/docker/office-ui-fabric/Dockerfile::::cmd::::param5(location: 22),git show 93bac1b81f5dfc324d7c8f33febf0a41afc97261 -- tests/cases/docker/office-ui-fabric/Dockerfile
b0fcafb3f5c99d0f6a9f4f1d83ac50dce8eccd99,7f9cec4d61629bfb8be368f69dde0a7134bcf9e1,730b8a1225610567027ff3eccff4b3b9,ModifiedOptionConflict,ConfigType.PATH<->ConfigType.PATH,TypeScript::::src/cancellationToken/tsconfig.json::::extends::::../tsconfig-base <-> TypeScript::::src/server/tsconfig.json::::extends::::../tsconfig-base,src/cancellationToken/tsconfig.json,TypeScript::::src/cancellationToken/tsconfig.json::::extends(location: 2),git show b0fcafb3f5c99d0f6a9f4f1d83ac50dce8eccd99 -- src/cancellationToken/tsconfig.json
46f02955b01f578179b2504b28bd1e4a74af9508,b1b9ac06127f882d61ff5d0bb2d59a940fb37b18,c3a7feb4b975b32c41487bb5ee4ba17c,MissingArtifactConflict,ConfigType.PATH<->ConfigType.PATH,TypeScript::::src/core/tsconfig.json::::extends::::../tsconfig-base <-> TypeScript::::src/tsc/tsconfig.json::::extends::::../tsconfig-base,,,
5c604910e8697eee7ed4d5c588ecca9b0b994d2c,5386513b3ae82124f24a83e36fc946a2a55c849f,45b620d1c6c36a78ee24e09a20df1937,MissingOptionConflict,ConfigType.UNKNOWN<->ConfigType.UNKNOWN,TypeScript::::src/compiler/tsconfig.json::::compilerOptions::::target::::es5 <-> TypeScript::::tests/baselines/reference/tsConfig/Initialized TSConfig with enum value compiler options/tsconfig.json::::compilerOptions::::target::::es5,src/compiler/tsconfig.json,TypeScript::::src/compiler/tsconfig.json::::compilerOptions::::target(location: 12),git show 5c604910e8697eee7ed4d5c588ecca9b0b994d2c -- src/compiler/tsconfig.json
197d99de4c1b17833e180d628343ae6a998377d0,fce30037286379ef3d523cb787250b2d4ee78e79,abe9866646b8584790233100d1b8d9a9,MissingOptionConflict,ConfigType.PATH<->ConfigType.PATH,TypeScript::::src/harness/tsconfig.json::::files::::files/../compiler/parser.ts::::../compiler/parser.ts <-> TypeScript::::src/services/tsconfig.json::::files::::files/../compiler/parser.ts::::../compiler/parser.ts,src/services/tsconfig.json,TypeScript::::src/services/tsconfig.json::::files::::files/../compiler/parser.ts(location: 18),git show 197d99de4c1b17833e180d628343ae6a998377d0 -- src/services/tsconfig.json
8a379bfc0c337d3688016dc6f358f697714e9fe4,68f00c099db50c4ac57ba2d798f43f168220966e,55862c16eff45defd2d6731a76d8927e,MissingOptionConflict,ConfigType.UNKNOWN<->ConfigType.UNKNOWN,TypeScript::::scripts/importDefinitelyTypedTests/tsconfig.json::::compilerOptions::::module::::commonjs <-> TypeScript::::src/server/tsconfig.json::::compilerOptions::::module::::commonjs,src/server/tsconfig.json,TypeScript::::src/server/tsconfig.json::::compilerOptions::::module(location: 3),git show 8a379bfc0c337d3688016dc6f358f697714e9fe4 -- src/server/tsconfig.json
2e61ca9d8566974e80268ec66dc79b40ad58ceab,7e8aff30646babae34c90f95f2327f009db978d8,dfe4a5c1a01f28a363ad0a9aaf8d68ba,MissingOptionConflict,ConfigType.MODE<->ConfigType.MODE,TypeScript::::scripts/importDefinitelyTypedTests/tsconfig.json::::compilerOptions::::newLine::::lf <-> TypeScript::::scripts/tsconfig.json::::compilerOptions::::newLine::::lf,scripts/tsconfig.json,TypeScript::::scripts/tsconfig.json::::compilerOptions::::newLine(location: 13),git show 2e61ca9d8566974e80268ec66dc79b40ad58ceab -- scripts/tsconfig.json
46f02955b01f578179b2504b28bd1e4a74af9508,b1b9ac06127f882d61ff5d0bb2d59a940fb37b18,e8adf837a5ec1beb6452421b2799e97e,ModifiedOptionConflict,ConfigType.UNKNOWN<->ConfigType.UNKNOWN,TypeScript::::src/tsc/tsconfig.json::::references::::path::::../core <-> TypeScript::::tests/projects/sample1/tests/tsconfig.json::::references::::path::::../core,src/tsc/tsconfig.json,TypeScript::::src/tsc/tsconfig.json::::references::::path(location: 10),git show 46f02955b01f578179b2504b28bd1e4a74af9508 -- src/tsc/tsconfig.json
4f7eaf7d719b04c2b96085beb7a9197208d8b24e,13ecdb5344aef171ea9f8271be8002832791aa2b,9b1104355ab86dcbeaa3655916847c93,ModifiedOptionConflict,ConfigType.UNKNOWN<->ConfigType.UNKNOWN,TypeScript::::tests/cases/docker/azure-sdk/Dockerfile::::entrypoint::::param0::::rush <-> TypeScript::::tests/cases/docker/office-ui-fabric/Dockerfile::::entrypoint::::param0::::rush,tests/cases/docker/office-ui-fabric/Dockerfile,TypeScript::::tests/cases/docker/office-ui-fabric/Dockerfile::::entrypoint::::param0(location: 20),git show 4f7eaf7d719b04c2b96085beb7a9197208d8b24e -- tests/cases/docker/office-ui-fabric/Dockerfile
08e5b04849191ddec1a117c0a2f6b3ff2621b9a6,a2e83dafe13ecccaf6cc9e496fd71434bd4c1154,fd2d1bbd0bfbdb3383c5837aa71c043f,MissingArtifactConflict,ConfigType.LICENSE<->ConfigType.LICENSE,TypeScript::::tests/cases/user/parse5/package.json::::license::::Apache-2.0 <-> TypeScript::::tests/cases/user/soap/package.json::::license::::Apache-2.0,,,
f22a71f7661b185b48a565ea5d8b2d97ec80c410,8800471b6b47f5cf05a07fd17a5c9a01d904b539,8c9a3c029e908279f253cd29de43612c,MissingOptionConflict,ConfigType.VERSION_NUMBER<->ConfigType.VERSION_NUMBER,TypeScript::::package.json::::devDependencies::::@types/chai::::@types/chai:latest <-> TypeScript::::tests/cases/user/tslint/package.json::::devDependencies::::@types/chai::::@types/chai:latest,package.json,TypeScript::::package.json::::devDependencies::::@types/chai(location: 33),git show f22a71f7661b185b48a565ea5d8b2d97ec80c410 -- package.json
4f7eaf7d719b04c2b96085beb7a9197208d8b24e,13ecdb5344aef171ea9f8271be8002832791aa2b,d6d7f07fa2f26f805993004378b543e7,ModifiedOptionConflict,ConfigType.COMMAND<->ConfigType.COMMAND,TypeScript::::tests/cases/docker/azure-sdk/Dockerfile::::cmd::::exec_command::::rebuild --parallelism 1 <-> TypeScript::::tests/cases/docker/office-ui-fabric/Dockerfile::::cmd::::exec_command::::rebuild --parallelism 1,tests/cases/docker/office-ui-fabric/Dockerfile,TypeScript::::tests/cases/docker/office-ui-fabric/Dockerfile::::cmd::::exec_command(location: 21),git show 4f7eaf7d719b04c2b96085beb7a9197208d8b24e -- tests/cases/docker/office-ui-fabric/Dockerfile
652f28164fe030268658cef9810d2c04a16e391b,f16a3e101b8c6dc9fc0d484236a0200d8ce45a62,41fa61de9e9e7c2a2a721eebd3804dc1,ModifiedOptionConflict,ConfigType.UNKNOWN<->ConfigType.UNKNOWN,TypeScript::::tests/cases/docker/office-ui-fabric/Dockerfile::::cmd::::param1::::build <-> TypeScript::::tests/cases/docker/xterm.js/Dockerfile::::cmd::::param2::::build,tests/cases/docker/office-ui-fabric/Dockerfile,TypeScript::::tests/cases/docker/office-ui-fabric/Dockerfile::::cmd::::param1(location: 20),git show 652f28164fe030268658cef9810d2c04a16e391b -- tests/cases/docker/office-ui-fabric/Dockerfile
44b6193474a47074656a11bfdaca7cc8758fded8,6fd9d9e01796554b6e30f0d40b17382287bbea98,074179a4f40c00064a07436eccbd09ef,MissingOptionConflict,ConfigType.UNKNOWN<->ConfigType.UNKNOWN,TypeScript::::scripts/importDefinitelyTypedTests/tsconfig.json::::compilerOptions::::module::::commonjs <-> TypeScript::::tests/baselines/reference/tsConfig/Initialized TSConfig with enum value compiler options/tsconfig.json::::compilerOptions::::module::::commonjs,tests/baselines/reference/tsConfig/Initialized TSConfig with enum value compiler options/tsconfig.json,TypeScript::::tests/baselines/reference/tsConfig/Initialized TSConfig with enum value compiler options/tsconfig.json::::compilerOptions::::module(location: 3),git show 44b6193474a47074656a11bfdaca7cc8758fded8 -- tests/baselines/reference/tsConfig/Initialized TSConfig with enum value compiler options/tsconfig.json
62dca9d9e9d46a5784c4006598eac5f8b01e26ce,8f4de244871c042d565a0b6d2c343f9421c20ae5,9665bb7f430c9c165e74c0b898510a4b,MissingOptionConflict,ConfigType.UNKNOWN<->ConfigType.UNKNOWN,TypeScript::::tests/baselines/reference/showConfig/Shows tsconfig for single option/bundledPackageName/tsconfig.json::::compilerOptions::::bundledPackageName::::someString <-> TypeScript::::tests/baselines/reference/showConfig/Shows tsconfig for single option/reactNamespace/tsconfig.json::::compilerOptions::::reactNamespace::::someString,tests/baselines/reference/showConfig/Shows tsconfig for single option/bundledPackageName/tsconfig.json,TypeScript::::tests/baselines/reference/showConfig/Shows tsconfig for single option/bundledPackageName/tsconfig.json::::compilerOptions::::bundledPackageName(location: 3),git show 62dca9d9e9d46a5784c4006598eac5f8b01e26ce -- tests/baselines/reference/showConfig/Shows tsconfig for single option/bundledPackageName/tsconfig.json
197d99de4c1b17833e180d628343ae6a998377d0,fce30037286379ef3d523cb787250b2d4ee78e79,47d7ce82124f45f3374e01d5de1a947b,MissingOptionConflict,ConfigType.PATH<->ConfigType.PATH,TypeScript::::src/harness/tsconfig.json::::files::::files/../compiler/visitor.ts::::../compiler/visitor.ts <-> TypeScript::::src/services/tsconfig.json::::files::::files/../compiler/visitor.ts::::../compiler/visitor.ts,src/services/tsconfig.json,TypeScript::::src/services/tsconfig.json::::files::::files/../compiler/visitor.ts(location: 18),git show 197d99de4c1b17833e180d628343ae6a998377d0 -- src/services/tsconfig.json
44b6193474a47074656a11bfdaca7cc8758fded8,6fd9d9e01796554b6e30f0d40b17382287bbea98,0977ccd7b1a7a01ac7271ed49986664e,MissingOptionConflict,ConfigType.UNKNOWN<->ConfigType.UNKNOWN,TypeScript::::tests/baselines/reference/tsConfig/Default initialized TSConfig/tsconfig.json::::compilerOptions::::target::::es5 <-> TypeScript::::tests/cases/projects/decoratorMetadata/emitDecoratorMetadataSystemJS/tsconfig.json::::compilerOptions::::target::::es5,tests/baselines/reference/tsConfig/Default initialized TSConfig/tsconfig.json,TypeScript::::tests/baselines/reference/tsConfig/Default initialized TSConfig/tsconfig.json::::compilerOptions::::target(location: 4),git show 44b6193474a47074656a11bfdaca7cc8758fded8 -- tests/baselines/reference/tsConfig/Default initialized TSConfig/tsconfig.json
197d99de4c1b17833e180d628343ae6a998377d0,fce30037286379ef3d523cb787250b2d4ee78e79,a0aa9e1840f1428ca91cf8a77a41109b,MissingOptionConflict,ConfigType.PATH<->ConfigType.PATH,TypeScript::::src/harness/tsconfig.json::::files::::files/../compiler/binder.ts::::../compiler/binder.ts <-> TypeScript::::src/services/tsconfig.json::::files::::files/../compiler/binder.ts::::../compiler/binder.ts,src/services/tsconfig.json,TypeScript::::src/services/tsconfig.json::::files::::files/../compiler/binder.ts(location: 18),git show 197d99de4c1b17833e180d628343ae6a998377d0 -- src/services/tsconfig.json
76701dc0194077139bf7459509cba306c847be84,8113d0236bbc1a8f523a6f92676633fc1035337e,22fe4d800519907dfcd6e1534925e531,MissingOptionConflict,ConfigType.PATH<->ConfigType.PATH,TypeScript::::src/harness/tsconfig.json::::extends::::../tsconfig-base <-> TypeScript::::src/server/tsconfig.json::::extends::::../tsconfig-base,src/harness/tsconfig.json,TypeScript::::src/harness/tsconfig.json::::extends(location: 2),git show 76701dc0194077139bf7459509cba306c847be84 -- src/harness/tsconfig.json
197d99de4c1b17833e180d628343ae6a998377d0,fce30037286379ef3d523cb787250b2d4ee78e79,1c58b5b27194ddf6d61f4bc934c0256e,MissingOptionConflict,ConfigType.PATH<->ConfigType.PATH,TypeScript::::src/harness/tsconfig.json::::files::::files/../compiler/diagnosticInformationMap.generated.ts::::../compiler/diagnosticInformationMap.generated.ts <-> TypeScript::::src/services/tsconfig.json::::files::::files/../compiler/diagnosticInformationMap.generated.ts::::../compiler/diagnosticInformationMap.generated.ts,src/services/tsconfig.json,TypeScript::::src/services/tsconfig.json::::files::::files/../compiler/diagnosticInformationMap.generated.ts(location: 18),git show 197d99de4c1b17833e180d628343ae6a998377d0 -- src/services/tsconfig.json
44b6193474a47074656a11bfdaca7cc8758fded8,6fd9d9e01796554b6e30f0d40b17382287bbea98,88d64c29cca6a3d092739e2181c33d85,MissingOptionConflict,ConfigType.UNKNOWN<->ConfigType.UNKNOWN,TypeScript::::tests/baselines/reference/tsConfig/Initialized TSConfig with files options/tsconfig.json::::compilerOptions::::target::::es5 <-> TypeScript::::tests/cases/projects/decoratorMetadata/emitDecoratorMetadataSystemJSIsolatedModule/tsconfig.json::::compilerOptions::::target::::es5,tests/baselines/reference/tsConfig/Initialized TSConfig with files options/tsconfig.json,TypeScript::::tests/baselines/reference/tsConfig/Initialized TSConfig with files options/tsconfig.json::::compilerOptions::::target(location: 4),git show 44b6193474a47074656a11bfdaca7cc8758fded8 -- tests/baselines/reference/tsConfig/Initialized TSConfig with files options/tsconfig.json
4f7eaf7d719b04c2b96085beb7a9197208d8b24e,13ecdb5344aef171ea9f8271be8002832791aa2b,de173cb0fe5a11f798fe865d2bf4023b,ModifiedOptionConflict,ConfigType.UNKNOWN<->ConfigType.UNKNOWN,TypeScript::::tests/cases/docker/azure-sdk/Dockerfile::::cmd::::param0::::rebuild <-> TypeScript::::tests/cases/docker/office-ui-fabric/Dockerfile::::cmd::::param0::::rebuild,tests/cases/docker/office-ui-fabric/Dockerfile,TypeScript::::tests/cases/docker/office-ui-fabric/Dockerfile::::cmd::::param0(location: 21),git show 4f7eaf7d719b04c2b96085beb7a9197208d8b24e -- tests/cases/docker/office-ui-fabric/Dockerfile
44b6193474a47074656a11bfdaca7cc8758fded8,6fd9d9e01796554b6e30f0d40b17382287bbea98,d763ab1108b36347c50ade474b94f0bc,MissingOptionConflict,ConfigType.UNKNOWN<->ConfigType.UNKNOWN,TypeScript::::scripts/importDefinitelyTypedTests/tsconfig.json::::compilerOptions::::module::::commonjs <-> TypeScript::::tests/baselines/reference/tsConfig/Initialized TSConfig with incorrect compiler option value/tsconfig.json::::compilerOptions::::module::::commonjs,tests/baselines/reference/tsConfig/Initialized TSConfig with incorrect compiler option value/tsconfig.json,TypeScript::::tests/baselines/reference/tsConfig/Initialized TSConfig with incorrect compiler option value/tsconfig.json::::compilerOptions::::module(location: 3),git show 44b6193474a47074656a11bfdaca7cc8758fded8 -- tests/baselines/reference/tsConfig/Initialized TSConfig with incorrect compiler option value/tsconfig.json
197d99de4c1b17833e180d628343ae6a998377d0,fce30037286379ef3d523cb787250b2d4ee78e79,01cd73e616536d61c0182e41e07e2624,MissingOptionConflict,ConfigType.PATH<->ConfigType.PATH,TypeScript::::src/harness/tsconfig.json::::files::::files/../compiler/transformers/ts.ts::::../compiler/transformers/ts.ts <-> TypeScript::::src/services/tsconfig.json::::files::::files/../compiler/transformers/ts.ts::::../compiler/transformers/ts.ts,src/services/tsconfig.json,TypeScript::::src/services/tsconfig.json::::files::::files/../compiler/transformers/ts.ts(location: 18),git show 197d99de4c1b17833e180d628343ae6a998377d0 -- src/services/tsconfig.json
197d99de4c1b17833e180d628343ae6a998377d0,fce30037286379ef3d523cb787250b2d4ee78e79,528158618abc88925b37caadc95a1d8b,MissingOptionConflict,ConfigType.PATH<->ConfigType.PATH,TypeScript::::src/harness/tsconfig.json::::files::::files/../compiler/transformer.ts::::../compiler/transformer.ts <-> TypeScript::::src/services/tsconfig.json::::files::::files/../compiler/transformer.ts::::../compiler/transformer.ts,src/services/tsconfig.json,TypeScript::::src/services/tsconfig.json::::files::::files/../compiler/transformer.ts(location: 18),git show 197d99de4c1b17833e180d628343ae6a998377d0 -- src/services/tsconfig.json
197d99de4c1b17833e180d628343ae6a998377d0,fce30037286379ef3d523cb787250b2d4ee78e79,6d6d8373bdb64870d6ee02b9d3cd2c93,MissingOptionConflict,ConfigType.PATH<->ConfigType.PATH,TypeScript::::src/harness/tsconfig.json::::files::::files/../compiler/transformers/es2015.ts::::../compiler/transformers/es2015.ts <-> TypeScript::::src/services/tsconfig.json::::files::::files/../compiler/transformers/es2015.ts::::../compiler/transformers/es2015.ts,src/services/tsconfig.json,TypeScript::::src/services/tsconfig.json::::files::::files/../compiler/transformers/es2015.ts(location: 18),git show 197d99de4c1b17833e180d628343ae6a998377d0 -- src/services/tsconfig.json
5c604910e8697eee7ed4d5c588ecca9b0b994d2c,5386513b3ae82124f24a83e36fc946a2a55c849f,35d47d78fc686351957925ff933a705f,MissingOptionConflict,ConfigType.UNKNOWN<->ConfigType.UNKNOWN,TypeScript::::src/server/tsconfig.json::::compilerOptions::::target::::es5 <-> TypeScript::::tests/baselines/reference/tsConfig/Initialized TSConfig with files options/tsconfig.json::::compilerOptions::::target::::es5,src/server/tsconfig.json,TypeScript::::src/server/tsconfig.json::::compilerOptions::::target(location: 14),git show 5c604910e8697eee7ed4d5c588ecca9b0b994d2c -- src/server/tsconfig.json
46b9c1ecf08f7067c1f4b5e8fe9f818cf0800809,3dce9b80d98616f2668933e7cf1583436bbe0aab,6e98ca7cb75d68b7b4aa5221c10a2061,MissingArtifactConflict,ConfigType.VERSION_NUMBER<->ConfigType.VERSION_NUMBER,TypeScript::::tests/cases/user/debug/package.json::::version::::version:1.0.0 <-> TypeScript::::tests/cases/user/leveldown/package.json::::version::::version:1.0.0,,,
2e61ca9d8566974e80268ec66dc79b40ad58ceab,7e8aff30646babae34c90f95f2327f009db978d8,8f8ebb060d3a82db21d9d1a41e6edc41,MissingOptionConflict,ConfigType.UNKNOWN<->ConfigType.UNKNOWN,TypeScript::::scripts/tsconfig.json::::compilerOptions::::lib::::lib/es6::::es6 <-> TypeScript::::tests/cases/user/literal-no-oom/tsconfig.json::::compilerOptions::::target::::es6,scripts/tsconfig.json,TypeScript::::scripts/tsconfig.json::::compilerOptions::::lib::::lib/es6(location: 8),git show 2e61ca9d8566974e80268ec66dc79b40ad58ceab -- scripts/tsconfig.json
46f02955b01f578179b2504b28bd1e4a74af9508,b1b9ac06127f882d61ff5d0bb2d59a940fb37b18,42d47e589b0efeac0c9a9ed06a5e47ce,MissingArtifactConflict,ConfigType.PATH<->ConfigType.PATH,TypeScript::::src/parser/tsconfig.json::::files::::files/utilities.ts::::utilities.ts <-> TypeScript::::src/server/tsconfig.json::::files::::files/utilities.ts::::utilities.ts,,,
44b6193474a47074656a11bfdaca7cc8758fded8,6fd9d9e01796554b6e30f0d40b17382287bbea98,87aca45c476f91d7b53fe951d303e263,MissingOptionConflict,ConfigType.UNKNOWN<->ConfigType.UNKNOWN,TypeScript::::tests/baselines/reference/tsConfig/Initialized TSConfig with boolean value compiler options/tsconfig.json::::compilerOptions::::target::::es5 <-> TypeScript::::tests/cases/projects/decoratorMetadata/emitDecoratorMetadataCommonJSIsolatedModule/tsconfig.json::::compilerOptions::::target::::es5,tests/baselines/reference/tsConfig/Initialized TSConfig with boolean value compiler options/tsconfig.json,TypeScript::::tests/baselines/reference/tsConfig/Initialized TSConfig with boolean value compiler options/tsconfig.json::::compilerOptions::::target(location: 4),git show 44b6193474a47074656a11bfdaca7cc8758fded8 -- tests/baselines/reference/tsConfig/Initialized TSConfig with boolean value compiler options/tsconfig.json
f2f32bd6b4d9ce1ce9a1900def7fb1d48d06ab80,9ab9ffe90bb9323e74ea169ccf83a470b9522dee,3469ae8c0dbbaae184673a1b8f35b82a,MissingArtifactConflict,ConfigType.UNKNOWN<->ConfigType.UNKNOWN,TypeScript::::src/instrumenter/tsconfig.json::::compilerOptions::::module::::commonjs <-> TypeScript::::tests/webhost/webtsc.tsconfig.json::::compilerOptions::::module::::commonjs,,,
2922b803ad8cbcf137e8c65cd9a0437e99af2019,671d8cfcb7f679bf04dcfe698e527e5cd1f8a7ba,5a4c65077e982c6040d253473f18eb2e,MissingOptionConflict,ConfigType.PATH<->ConfigType.PATH,TypeScript::::src/compiler/tsconfig.json::::extends::::../tsconfig-base <-> TypeScript::::src/server/tsconfig.json::::extends::::../tsconfig-base,src/compiler/tsconfig.json,TypeScript::::src/compiler/tsconfig.json::::extends(location: 2),git show 2922b803ad8cbcf137e8c65cd9a0437e99af2019 -- src/compiler/tsconfig.json
44b6193474a47074656a11bfdaca7cc8758fded8,6fd9d9e01796554b6e30f0d40b17382287bbea98,e99f4c965c3c730889bd52a87fefcacb,MissingOptionConflict,ConfigType.UNKNOWN<->ConfigType.UNKNOWN,TypeScript::::scripts/importDefinitelyTypedTests/tsconfig.json::::compilerOptions::::module::::commonjs <-> TypeScript::::tests/baselines/reference/tsConfig/Initialized TSConfig with list compiler options with enum value/tsconfig.json::::compilerOptions::::module::::commonjs,tests/baselines/reference/tsConfig/Initialized TSConfig with list compiler options with enum value/tsconfig.json,TypeScript::::tests/baselines/reference/tsConfig/Initialized TSConfig with list compiler options with enum value/tsconfig.json::::compilerOptions::::module(location: 3),git show 44b6193474a47074656a11bfdaca7cc8758fded8 -- tests/baselines/reference/tsConfig/Initialized TSConfig with list compiler options with enum value/tsconfig.json
46f02955b01f578179b2504b28bd1e4a74af9508,b1b9ac06127f882d61ff5d0bb2d59a940fb37b18,cb08e62172d74541b1c349764fe6bf0c,MissingArtifactConflict,ConfigType.UNKNOWN<->ConfigType.UNKNOWN,TypeScript::::src/tsc/tsconfig.json::::references::::path::::../compiler <-> TypeScript::::src/tsserverLibrary/tsconfig.json::::references::::path::::../compiler,,,
46f02955b01f578179b2504b28bd1e4a74af9508,b1b9ac06127f882d61ff5d0bb2d59a940fb37b18,431256dc8a9340b7c46b698f30de297e,MissingOptionConflict,ConfigType.UNKNOWN<->ConfigType.UNKNOWN,TypeScript::::src/jsTyping/tsconfig.json::::references::::path::::../parser <-> TypeScript::::src/typingsInstaller/tsconfig.json::::references::::path::::../parser,src/typingsInstaller/tsconfig.json,TypeScript::::src/typingsInstaller/tsconfig.json::::references::::path(location: 15),git show 46f02955b01f578179b2504b28bd1e4a74af9508 -- src/typingsInstaller/tsconfig.json
46f02955b01f578179b2504b28bd1e4a74af9508,b1b9ac06127f882d61ff5d0bb2d59a940fb37b18,43397fd2ad13cdc1ce75815e3839c52f,MissingOptionConflict,ConfigType.UNKNOWN<->ConfigType.UNKNOWN,TypeScript::::src/jsTyping/tsconfig.json::::references::::path::::../core <-> TypeScript::::src/typingsInstallerCore/tsconfig.json::::references::::path::::../core,src/typingsInstallerCore/tsconfig.json,TypeScript::::src/typingsInstallerCore/tsconfig.json::::references::::path(location: 14),git show 46f02955b01f578179b2504b28bd1e4a74af9508 -- src/typingsInstallerCore/tsconfig.json
46b9c1ecf08f7067c1f4b5e8fe9f818cf0800809,3dce9b80d98616f2668933e7cf1583436bbe0aab,1178e570cbcd72836f7077a110f4b833,MissingArtifactConflict,ConfigType.UNKNOWN<->ConfigType.UNKNOWN,TypeScript::::tests/cases/user/electron/tsconfig.json::::compilerOptions::::lib::::lib/dom::::dom <-> TypeScript::::tests/cases/user/leveldown/tsconfig.json::::compilerOptions::::lib::::lib/dom::::dom,,,
197d99de4c1b17833e180d628343ae6a998377d0,fce30037286379ef3d523cb787250b2d4ee78e79,119f93cdd031516815cff4a31134ea0f,MissingOptionConflict,ConfigType.PATH<->ConfigType.PATH,TypeScript::::src/harness/tsconfig.json::::files::::files/../compiler/transformers/module/system.ts::::../compiler/transformers/module/system.ts <-> TypeScript::::src/services/tsconfig.json::::files::::files/../compiler/transformers/module/system.ts::::../compiler/transformers/module/system.ts,src/services/tsconfig.json,TypeScript::::src/services/tsconfig.json::::files::::files/../compiler/transformers/module/system.ts(location: 18),git show 197d99de4c1b17833e180d628343ae6a998377d0 -- src/services/tsconfig.json
76701dc0194077139bf7459509cba306c847be84,8113d0236bbc1a8f523a6f92676633fc1035337e,ea63895869f12395f08c33929f30fb6a,MissingOptionConflict,ConfigType.PATH<->ConfigType.PATH,TypeScript::::src/harness/tsconfig.json::::files::::files/../services/shims.ts::::../services/shims.ts <-> TypeScript::::src/server/tsconfig.json::::files::::files/../services/shims.ts::::../services/shims.ts,src/harness/tsconfig.json,TypeScript::::src/harness/tsconfig.json::::files::::files/../services/shims.ts(location: 15),git show 76701dc0194077139bf7459509cba306c847be84 -- src/harness/tsconfig.json
ec0ab9efae63ac705850355345b5b2198a89f1c4,3a7994c18575446b0916077dcc7fbb358def73f8,1439d57d3be9d64d60110696ee3d6ce7,MissingOptionConflict,ConfigType.UNKNOWN<->ConfigType.UNKNOWN,TypeScript::::src/instrumenter/tsconfig.json::::compilerOptions::::target::::es5 <-> TypeScript::::tests/projects/outfile-concat/first/tsconfig.json::::compilerOptions::::target::::es5,tests/projects/outfile-concat/first/tsconfig.json,TypeScript::::tests/projects/outfile-concat/first/tsconfig.json::::compilerOptions::::target(location: 3),git show ec0ab9efae63ac705850355345b5b2198a89f1c4 -- tests/projects/outfile-concat/first/tsconfig.json
197d99de4c1b17833e180d628343ae6a998377d0,fce30037286379ef3d523cb787250b2d4ee78e79,f3b81d9acc1ccf97de6adbdfc6e3ed5e,MissingOptionConflict,ConfigType.PATH<->ConfigType.PATH,TypeScript::::src/compiler/tsconfig.json::::files::::files/types.ts::::types.ts <-> TypeScript::::src/services/tsconfig.json::::files::::files/types.ts::::types.ts,src/services/tsconfig.json,TypeScript::::src/services/tsconfig.json::::files::::files/types.ts(location: 18),git show 197d99de4c1b17833e180d628343ae6a998377d0 -- src/services/tsconfig.json
c483783bb2a1c6df1d1231b41b052f6088611e35,77d8020562dbf0183a3f0b2bf659d1cc7caed941,2a2f974082333486caeb76919ac80e1a,MissingArtifactConflict,ConfigType.UNKNOWN<->ConfigType.UNKNOWN,TypeScript::::tests/cases/user/github/tsconfig.json::::compilerOptions::::lib::::lib/es2015::::es2015 <-> TypeScript::::tests/cases/user/portfinder/tsconfig.json::::compilerOptions::::lib::::lib/es2015::::es2015,,,
197d99de4c1b17833e180d628343ae6a998377d0,fce30037286379ef3d523cb787250b2d4ee78e79,c73ad18ab48e976f6bed4aca95942bae,MissingOptionConflict,ConfigType.PATH<->ConfigType.PATH,TypeScript::::src/harness/tsconfig.json::::files::::files/../compiler/factory.ts::::../compiler/factory.ts <-> TypeScript::::src/services/tsconfig.json::::files::::files/../compiler/factory.ts::::../compiler/factory.ts,src/services/tsconfig.json,TypeScript::::src/services/tsconfig.json::::files::::files/../compiler/factory.ts(location: 18),git show 197d99de4c1b17833e180d628343ae6a998377d0 -- src/services/tsconfig.json
51358d99d1edf9e27f3d68c87d60883629f9918a,e8c978bec080cd18659e32c62fb0625acbbf69fe,10af296ea4946085a49f1749365a472b,MissingOptionConflict,ConfigType.UNKNOWN<->ConfigType.UNKNOWN,TypeScript::::src/typingsInstallerCore/tsconfig.json::::compilerOptions::::lib::::lib/scripthost::::scripthost <-> TypeScript::::tests/cases/user/npm/tsconfig.json::::compilerOptions::::lib::::lib/scripthost::::scripthost,tests/cases/user/npm/tsconfig.json,TypeScript::::tests/cases/user/npm/tsconfig.json::::compilerOptions::::lib::::lib/scripthost(location: 13),git show 51358d99d1edf9e27f3d68c87d60883629f9918a -- tests/cases/user/npm/tsconfig.json
8a379bfc0c337d3688016dc6f358f697714e9fe4,68f00c099db50c4ac57ba2d798f43f168220966e,b39bc8ebad58f8f51864d03b046b2a8d,MissingOptionConflict,ConfigType.UNKNOWN<->ConfigType.UNKNOWN,TypeScript::::scripts/importDefinitelyTypedTests/tsconfig.json::::compilerOptions::::module::::commonjs <-> TypeScript::::src/services/tsconfig.json::::compilerOptions::::module::::commonjs,src/services/tsconfig.json,TypeScript::::src/services/tsconfig.json::::compilerOptions::::module(location: 3),git show 8a379bfc0c337d3688016dc6f358f697714e9fe4 -- src/services/tsconfig.json
2e61ca9d8566974e80268ec66dc79b40ad58ceab,7e8aff30646babae34c90f95f2327f009db978d8,da190e9be65eb201d339b41570a7b41e,MissingOptionConflict,ConfigType.UNKNOWN<->ConfigType.UNKNOWN,TypeScript::::scripts/tsconfig.json::::compilerOptions::::lib::::lib/scripthost::::scripthost <-> TypeScript::::src/jsTyping/tsconfig.json::::compilerOptions::::lib::::lib/scripthost::::scripthost,scripts/tsconfig.json,TypeScript::::scripts/tsconfig.json::::compilerOptions::::lib::::lib/scripthost(location: 8),git show 2e61ca9d8566974e80268ec66dc79b40ad58ceab -- scripts/tsconfig.json
197d99de4c1b17833e180d628343ae6a998377d0,fce30037286379ef3d523cb787250b2d4ee78e79,7b8d012bfc3a5d735b93fe652eb2acab,MissingOptionConflict,ConfigType.PATH<->ConfigType.PATH,TypeScript::::src/harness/tsconfig.json::::files::::files/../compiler/types.ts::::../compiler/types.ts <-> TypeScript::::src/services/tsconfig.json::::files::::files/../compiler/types.ts::::../compiler/types.ts,src/services/tsconfig.json,TypeScript::::src/services/tsconfig.json::::files::::files/../compiler/types.ts(location: 18),git show 197d99de4c1b17833e180d628343ae6a998377d0 -- src/services/tsconfig.json
d2051d7a160e9a9bd0ba4df3386c3f6a52ba724a,526ac1a17bcd91f61df7a17997425f6772ef1fe6,26d9232d84aa0afb67f09a0b8cf8be80,ModifiedOptionConflict,ConfigType.VERSION_NUMBER<->ConfigType.VERSION_NUMBER,TypeScript::::package.json::::devDependencies::::@octokit/rest::::@octokit/rest:latest <-> TypeScript::::tests/cases/user/octokit-rest/package.json::::dependencies::::@octokit/rest::::@octokit/rest:latest,package.json,TypeScript::::package.json::::devDependencies::::@octokit/rest(location: 32),git show d2051d7a160e9a9bd0ba4df3386c3f6a52ba724a -- package.json
a1ba4722e5ae222a20cafdf2e9a3b14bcc6f8941,fd65aeb1491f446de0f3933244d100afc8a10860,96e2070be57b350e1637dd8a4cf161cd,MissingOptionConflict,ConfigType.UNKNOWN<->ConfigType.UNKNOWN,TypeScript::::tests/baselines/reference/showConfig/Shows tsconfig for single option/jsxFactory/tsconfig.json::::compilerOptions::::jsxFactory::::someString <-> TypeScript::::tests/baselines/reference/showConfig/Shows tsconfig for single option/locale/tsconfig.json::::compilerOptions::::locale::::someString,tests/baselines/reference/showConfig/Shows tsconfig for single option/locale/tsconfig.json,TypeScript::::tests/baselines/reference/showConfig/Shows tsconfig for single option/locale/tsconfig.json::::compilerOptions::::locale(location: 3),git show a1ba4722e5ae222a20cafdf2e9a3b14bcc6f8941 -- tests/baselines/reference/showConfig/Shows tsconfig for single option/locale/tsconfig.json
44b6193474a47074656a11bfdaca7cc8758fded8,6fd9d9e01796554b6e30f0d40b17382287bbea98,9c8acb14972a5f108368f9ff5f3c46bc,MissingOptionConflict,ConfigType.UNKNOWN<->ConfigType.UNKNOWN,TypeScript::::tests/baselines/reference/tsConfig/Initialized TSConfig with incorrect compiler option value/tsconfig.json::::compilerOptions::::lib::::lib/es5::::es5 <-> TypeScript::::tests/cases/projects/decoratorMetadata/emitDecoratorMetadataSystemJS/tsconfig.json::::compilerOptions::::target::::es5,tests/baselines/reference/tsConfig/Initialized TSConfig with incorrect compiler option value/tsconfig.json,TypeScript::::tests/baselines/reference/tsConfig/Initialized TSConfig with incorrect compiler option value/tsconfig.json::::compilerOptions::::lib::::lib/es5(location: 7),git show 44b6193474a47074656a11bfdaca7cc8758fded8 -- tests/baselines/reference/tsConfig/Initialized TSConfig with incorrect compiler option value/tsconfig.json
46f02955b01f578179b2504b28bd1e4a74af9508,b1b9ac06127f882d61ff5d0bb2d59a940fb37b18,da0d3381d37062c1ea18a94147e70824,MissingOptionConflict,ConfigType.UNKNOWN<->ConfigType.UNKNOWN,TypeScript::::src/testRunner/tsconfig.json::::references::::path::::../core <-> TypeScript::::tests/projects/sample1/logic/tsconfig.json::::references::::path::::../core,src/testRunner/tsconfig.json,TypeScript::::src/testRunner/tsconfig.json::::references::::path(location: 17),git show 46f02955b01f578179b2504b28bd1e4a74af9508 -- src/testRunner/tsconfig.json
b0fcafb3f5c99d0f6a9f4f1d83ac50dce8eccd99,7f9cec4d61629bfb8be368f69dde0a7134bcf9e1,09b9fe4f45fe13fa17f1274562e7ce97,ModifiedOptionConflict,ConfigType.PATH<->ConfigType.PATH,TypeScript::::src/harness/tsconfig.json::::extends::::../tsconfig-base <-> TypeScript::::src/watchGuard/tsconfig.json::::extends::::../tsconfig-base,src/watchGuard/tsconfig.json,TypeScript::::src/watchGuard/tsconfig.json::::extends(location: 2),git show b0fcafb3f5c99d0f6a9f4f1d83ac50dce8eccd99 -- src/watchGuard/tsconfig.json
3417f6269e980d6f705ab895450137029c387711,cf99a614a3ed83875b9581802e9a7a59e7896bad,cf4acdd657a10ea8ce3cbb37e57872f1,MissingArtifactConflict,ConfigType.PATH<->ConfigType.PATH,TypeScript::::tests/cases/user/keycode/package.json::::main::::index.js <-> TypeScript::::tests/cases/user/webpack/package.json::::main::::index.js,,,
2e61ca9d8566974e80268ec66dc79b40ad58ceab,7e8aff30646babae34c90f95f2327f009db978d8,a4d4d3f164bd6453c7b91f31a00348a7,MissingArtifactConflict,ConfigType.UNKNOWN<->ConfigType.UNKNOWN,TypeScript::::scripts/tslint/tsconfig.json::::compilerOptions::::module::::commonjs <-> TypeScript::::tests/baselines/reference/showConfig/Show TSConfig with compileOnSave and more/tsconfig.json::::compilerOptions::::module::::commonjs,,,
5cc0026802a32fcb2d2a00b452defd5e5289e505,980957a29d0afd35c7bf2b3ea3235b0b06de160a,f09792fcb7bfa5b0e8f509ffb689f0ac,MissingArtifactConflict,ConfigType.UNKNOWN<->ConfigType.UNKNOWN,TypeScript::::src/server/cancellationToken/tsconfig.json::::compilerOptions::::module::::commonjs <-> TypeScript::::tests/cases/projects/decoratorMetadata/emitDecoratorMetadataCommonJSIsolatedModuleNoResolve/tsconfig.json::::compilerOptions::::module::::commonjs,,,
652f28164fe030268658cef9810d2c04a16e391b,f16a3e101b8c6dc9fc0d484236a0200d8ce45a62,5d2524e946fdf38b886d973379bd93fd,ModifiedOptionConflict,ConfigType.UNKNOWN<->ConfigType.UNKNOWN,TypeScript::::tests/cases/docker/office-ui-fabric/Dockerfile::::cmd::::param0::::run <-> TypeScript::::tests/cases/docker/xterm.js/Dockerfile::::cmd::::param1::::run,tests/cases/docker/office-ui-fabric/Dockerfile,TypeScript::::tests/cases/docker/office-ui-fabric/Dockerfile::::cmd::::param0(location: 20),git show 652f28164fe030268658cef9810d2c04a16e391b -- tests/cases/docker/office-ui-fabric/Dockerfile
76701dc0194077139bf7459509cba306c847be84,8113d0236bbc1a8f523a6f92676633fc1035337e,76afdc72688de5dba26408ef425d7f77,MissingOptionConflict,ConfigType.PATH<->ConfigType.PATH,TypeScript::::src/harness/tsconfig.json::::files::::files/../services/utilities.ts::::../services/utilities.ts <-> TypeScript::::src/server/tsconfig.json::::files::::files/../services/utilities.ts::::../services/utilities.ts,src/harness/tsconfig.json,TypeScript::::src/harness/tsconfig.json::::files::::files/../services/utilities.ts(location: 15),git show 76701dc0194077139bf7459509cba306c847be84 -- src/harness/tsconfig.json
aaea447b2594f0d7dbac2b310120a4d7597591fe,0218e0139db179711c0d7421d0d907206acbc406,f5064aae4374d609a6a311a70054e3e6,MissingOptionConflict,ConfigType.PATH<->ConfigType.PATH,TypeScript::::src/jsTyping/tsconfig.json::::extends::::../tsconfig-base <-> TypeScript::::src/shims/tsconfig.json::::extends::::../tsconfig-base,src/shims/tsconfig.json,TypeScript::::src/shims/tsconfig.json::::extends(location: 2),git show aaea447b2594f0d7dbac2b310120a4d7597591fe -- src/shims/tsconfig.json
5c604910e8697eee7ed4d5c588ecca9b0b994d2c,5386513b3ae82124f24a83e36fc946a2a55c849f,5b565c6448cd71e9f8ec43d6eb85980d,MissingOptionConflict,ConfigType.UNKNOWN<->ConfigType.UNKNOWN,TypeScript::::src/server/cancellationToken/tsconfig.json::::compilerOptions::::target::::es5 <-> TypeScript::::tests/cases/projects/decoratorMetadata/emitDecoratorMetadataCommonJSIsolatedModule/tsconfig.json::::compilerOptions::::target::::es5,src/server/cancellationToken/tsconfig.json,TypeScript::::src/server/cancellationToken/tsconfig.json::::compilerOptions::::target(location: 14),git show 5c604910e8697eee7ed4d5c588ecca9b0b994d2c -- src/server/cancellationToken/tsconfig.json
46f02955b01f578179b2504b28bd1e4a74af9508,b1b9ac06127f882d61ff5d0bb2d59a940fb37b18,15745225492adbae0f8ea416a1627e02,MissingOptionConflict,ConfigType.UNKNOWN<->ConfigType.UNKNOWN,TypeScript::::src/compiler/tsconfig.json::::references::::path::::../parser <-> TypeScript::::src/jsTyping/tsconfig.json::::references::::path::::../parser,src/compiler/tsconfig.json,TypeScript::::src/compiler/tsconfig.json::::references::::path(location: 42),git show 46f02955b01f578179b2504b28bd1e4a74af9508 -- src/compiler/tsconfig.json
197d99de4c1b17833e180d628343ae6a998377d0,fce30037286379ef3d523cb787250b2d4ee78e79,1a9fb48ed88462342a3363a74623ccd1,MissingOptionConflict,ConfigType.PATH<->ConfigType.PATH,TypeScript::::src/harness/tsconfig.json::::files::::files/../compiler/declarationEmitter.ts::::../compiler/declarationEmitter.ts <-> TypeScript::::src/services/tsconfig.json::::files::::files/../compiler/declarationEmitter.ts::::../compiler/declarationEmitter.ts,src/services/tsconfig.json,TypeScript::::src/services/tsconfig.json::::files::::files/../compiler/declarationEmitter.ts(location: 18),git show 197d99de4c1b17833e180d628343ae6a998377d0 -- src/services/tsconfig.json
44b6193474a47074656a11bfdaca7cc8758fded8,6fd9d9e01796554b6e30f0d40b17382287bbea98,0dc09ab2fc48b3ee456ba79fbf167d06,MissingOptionConflict,ConfigType.UNKNOWN<->ConfigType.UNKNOWN,TypeScript::::scripts/importDefinitelyTypedTests/tsconfig.json::::compilerOptions::::module::::commonjs <-> TypeScript::::tests/baselines/reference/tsConfig/Initialized TSConfig with list compiler options/tsconfig.json::::compilerOptions::::module::::commonjs,tests/baselines/reference/tsConfig/Initialized TSConfig with list compiler options/tsconfig.json,TypeScript::::tests/baselines/reference/tsConfig/Initialized TSConfig with list compiler options/tsconfig.json::::compilerOptions::::module(location: 3),git show 44b6193474a47074656a11bfdaca7cc8758fded8 -- tests/baselines/reference/tsConfig/Initialized TSConfig with list compiler options/tsconfig.json
197d99de4c1b17833e180d628343ae6a998377d0,fce30037286379ef3d523cb787250b2d4ee78e79,45e392d734ff30cce9309bd637ef6103,MissingOptionConflict,ConfigType.PATH<->ConfigType.PATH,TypeScript::::src/harness/tsconfig.json::::files::::files/../compiler/sys.ts::::../compiler/sys.ts <-> TypeScript::::src/services/tsconfig.json::::files::::files/../compiler/sys.ts::::../compiler/sys.ts,src/services/tsconfig.json,TypeScript::::src/services/tsconfig.json::::files::::files/../compiler/sys.ts(location: 18),git show 197d99de4c1b17833e180d628343ae6a998377d0 -- src/services/tsconfig.json
46f02955b01f578179b2504b28bd1e4a74af9508,b1b9ac06127f882d61ff5d0bb2d59a940fb37b18,8c38919d04e3a20a6a87892001e8d805,MissingOptionConflict,ConfigType.UNKNOWN<->ConfigType.UNKNOWN,TypeScript::::src/tsc/tsconfig.json::::references::::path::::../core <-> TypeScript::::src/tsserver/tsconfig.json::::references::::path::::../core,src/tsserver/tsconfig.json,TypeScript::::src/tsserver/tsconfig.json::::references::::path(location: 14),git show 46f02955b01f578179b2504b28bd1e4a74af9508 -- src/tsserver/tsconfig.json
c07acee2ac330c1043517af80a83c414a10e3854,b4b8ce92dc73d0f421100a045731610b1b0b8277,63fd3f1e4864706cc6890465b5b3fffd,MissingArtifactConflict,ConfigType.UNKNOWN<->ConfigType.UNKNOWN,TypeScript::::scripts/processDiagnosticMessages.tsconfig.json::::compilerOptions::::lib::::lib/scripthost::::scripthost <-> TypeScript::::scripts/tsconfig.json::::compilerOptions::::lib::::lib/scripthost::::scripthost,,,
3a7ae5f9746fa5be7b700fd4b0a533de0dfbccae,b2e65c6f5274d2fc70cb4b2c8574adf1f28a457a,4e998cb45c39ccb6fe107bdff6331eb1,MissingArtifactConflict,ConfigType.UNKNOWN<->ConfigType.UNKNOWN,TypeScript::::src/compat/tsconfig.json::::references::::path::::../compiler <-> TypeScript::::src/tsserver/tsconfig.json::::references::::path::::../compiler,,,
44b6193474a47074656a11bfdaca7cc8758fded8,6fd9d9e01796554b6e30f0d40b17382287bbea98,cb0ecaf424ff35872d1a5bc4b6fa9f18,MissingOptionConflict,ConfigType.UNKNOWN<->ConfigType.UNKNOWN,TypeScript::::tests/baselines/reference/tsConfig/Initialized TSConfig with list compiler options with enum value/tsconfig.json::::compilerOptions::::target::::es5 <-> TypeScript::::tests/cases/projects/decoratorMetadata/emitDecoratorMetadataCommonJSIsolatedModule/tsconfig.json::::compilerOptions::::target::::es5,tests/baselines/reference/tsConfig/Initialized TSConfig with list compiler options with enum value/tsconfig.json,TypeScript::::tests/baselines/reference/tsConfig/Initialized TSConfig with list compiler options with enum value/tsconfig.json::::compilerOptions::::target(location: 4),git show 44b6193474a47074656a11bfdaca7cc8758fded8 -- tests/baselines/reference/tsConfig/Initialized TSConfig with list compiler options with enum value/tsconfig.json
44b6193474a47074656a11bfdaca7cc8758fded8,6fd9d9e01796554b6e30f0d40b17382287bbea98,36fcb39aff378cecf93dd9792739e610,MissingOptionConflict,ConfigType.UNKNOWN<->ConfigType.UNKNOWN,TypeScript::::tests/baselines/reference/tsConfig/Initialized TSConfig with list compiler options with enum value/tsconfig.json::::compilerOptions::::lib::::lib/es5::::es5 <-> TypeScript::::tests/cases/projects/decoratorMetadata/emitDecoratorMetadataCommonJSIsolatedModuleNoResolve/tsconfig.json::::compilerOptions::::target::::es5,tests/baselines/reference/tsConfig/Initialized TSConfig with list compiler options with enum value/tsconfig.json,TypeScript::::tests/baselines/reference/tsConfig/Initialized TSConfig with list compiler options with enum value/tsconfig.json::::compilerOptions::::lib::::lib/es5(location: 7),git show 44b6193474a47074656a11bfdaca7cc8758fded8 -- tests/baselines/reference/tsConfig/Initialized TSConfig with list compiler options with enum value/tsconfig.json
197d99de4c1b17833e180d628343ae6a998377d0,fce30037286379ef3d523cb787250b2d4ee78e79,a3d6730d784fcbc46e81a7ab08b8c83e,MissingOptionConflict,ConfigType.PATH<->ConfigType.PATH,TypeScript::::src/harness/tsconfig.json::::files::::files/../compiler/performance.ts::::../compiler/performance.ts <-> TypeScript::::src/services/tsconfig.json::::files::::files/../compiler/performance.ts::::../compiler/performance.ts,src/services/tsconfig.json,TypeScript::::src/services/tsconfig.json::::files::::files/../compiler/performance.ts(location: 18),git show 197d99de4c1b17833e180d628343ae6a998377d0 -- src/services/tsconfig.json
197d99de4c1b17833e180d628343ae6a998377d0,fce30037286379ef3d523cb787250b2d4ee78e79,02bb374191ddd704d26ec1cb7cc85a64,MissingOptionConflict,ConfigType.PATH<->ConfigType.PATH,TypeScript::::src/harness/tsconfig.json::::files::::files/../compiler/checker.ts::::../compiler/checker.ts <-> TypeScript::::src/services/tsconfig.json::::files::::files/../compiler/checker.ts::::../compiler/checker.ts,src/services/tsconfig.json,TypeScript::::src/services/tsconfig.json::::files::::files/../compiler/checker.ts(location: 18),git show 197d99de4c1b17833e180d628343ae6a998377d0 -- src/services/tsconfig.json
197d99de4c1b17833e180d628343ae6a998377d0,fce30037286379ef3d523cb787250b2d4ee78e79,7c7fca07bd1ee4fb778f98c98c33a094,MissingOptionConflict,ConfigType.PATH<->ConfigType.PATH,TypeScript::::src/harness/tsconfig.json::::files::::files/../compiler/program.ts::::../compiler/program.ts <-> TypeScript::::src/services/tsconfig.json::::files::::files/../compiler/program.ts::::../compiler/program.ts,src/services/tsconfig.json,TypeScript::::src/services/tsconfig.json::::files::::files/../compiler/program.ts(location: 18),git show 197d99de4c1b17833e180d628343ae6a998377d0 -- src/services/tsconfig.json
197d99de4c1b17833e180d628343ae6a998377d0,fce30037286379ef3d523cb787250b2d4ee78e79,a4df28b0afee8fdef6f39fbea3a2d16f,MissingOptionConflict,ConfigType.PATH<->ConfigType.PATH,TypeScript::::src/harness/tsconfig.json::::files::::files/../compiler/transformers/es5.ts::::../compiler/transformers/es5.ts <-> TypeScript::::src/services/tsconfig.json::::files::::files/../compiler/transformers/es5.ts::::../compiler/transformers/es5.ts,src/services/tsconfig.json,TypeScript::::src/services/tsconfig.json::::files::::files/../compiler/transformers/es5.ts(location: 18),git show 197d99de4c1b17833e180d628343ae6a998377d0 -- src/services/tsconfig.json
46f02955b01f578179b2504b28bd1e4a74af9508,b1b9ac06127f882d61ff5d0bb2d59a940fb37b18,ffd54ae717c8da44e2056b8282b13d2c,ModifiedOptionConflict,ConfigType.VERSION_NUMBER<->ConfigType.VERSION_NUMBER,TypeScript::::package.json::::devDependencies::::@types/mocha::::@types/mocha:latest <-> TypeScript::::tests/cases/user/tslint/package.json::::devDependencies::::@types/mocha::::@types/mocha:latest,package.json,TypeScript::::package.json::::devDependencies::::@types/mocha(location: 48),git show 46f02955b01f578179b2504b28bd1e4a74af9508 -- package.json
08e5b04849191ddec1a117c0a2f6b3ff2621b9a6,a2e83dafe13ecccaf6cc9e496fd71434bd4c1154,f634eb17fd4522b7105e1d5147d335a2,MissingArtifactConflict,ConfigType.UNKNOWN<->ConfigType.UNKNOWN,TypeScript::::tests/cases/user/axios/tsconfig.json::::compilerOptions::::lib::::lib/es2015::::es2015 <-> TypeScript::::tests/cases/user/parse5/tsconfig.json::::compilerOptions::::lib::::lib/es2015::::es2015,,,
8cf9e118a672e197bc9cf45e686179452ed64a0b,8dc0e604e8ef1f07698b87ddf0b2edf608164c79,9c916a74d52d9bd7f21d3eaaff6cdcb2,MissingOptionConflict,ConfigType.NAME<->ConfigType.NAME,TypeScript::::src/harness/tsconfig.json::::compilerOptions::::types::::types/mocha::::mocha <-> TypeScript::::tests/baselines/reference/showConfig/Show TSConfig with list compiler options/tsconfig.json::::compilerOptions::::types::::types/mocha::::mocha,src/harness/tsconfig.json,TypeScript::::src/harness/tsconfig.json::::compilerOptions::::types::::types/mocha(location: 5),git show 8cf9e118a672e197bc9cf45e686179452ed64a0b -- src/harness/tsconfig.json
197d99de4c1b17833e180d628343ae6a998377d0,fce30037286379ef3d523cb787250b2d4ee78e79,2195fd3d0d6e708fa950a341e5d51f17,MissingOptionConflict,ConfigType.PATH<->ConfigType.PATH,TypeScript::::src/harness/tsconfig.json::::files::::files/../compiler/transformers/module/es2015.ts::::../compiler/transformers/module/es2015.ts <-> TypeScript::::src/services/tsconfig.json::::files::::files/../compiler/transformers/module/es2015.ts::::../compiler/transformers/module/es2015.ts,src/services/tsconfig.json,TypeScript::::src/services/tsconfig.json::::files::::files/../compiler/transformers/module/es2015.ts(location: 18),git show 197d99de4c1b17833e180d628343ae6a998377d0 -- src/services/tsconfig.json
197d99de4c1b17833e180d628343ae6a998377d0,fce30037286379ef3d523cb787250b2d4ee78e79,8b85d58874d9292f2087edc318553002,MissingOptionConflict,ConfigType.PATH<->ConfigType.PATH,TypeScript::::src/compiler/tsconfig.json::::files::::files/utilities.ts::::utilities.ts <-> TypeScript::::src/services/tsconfig.json::::files::::files/utilities.ts::::utilities.ts,src/services/tsconfig.json,TypeScript::::src/services/tsconfig.json::::files::::files/utilities.ts(location: 18),git show 197d99de4c1b17833e180d628343ae6a998377d0 -- src/services/tsconfig.json
76701dc0194077139bf7459509cba306c847be84,8113d0236bbc1a8f523a6f92676633fc1035337e,f8362462ecd782b8dabe208b3897fd9a,MissingOptionConflict,ConfigType.UNKNOWN<->ConfigType.UNKNOWN,TypeScript::::src/harness/tsconfig.json::::compilerOptions::::lib::::lib/es6::::es6 <-> TypeScript::::src/server/watchGuard/tsconfig.json::::compilerOptions::::lib::::lib/es6::::es6,src/harness/tsconfig.json,TypeScript::::src/harness/tsconfig.json::::compilerOptions::::lib::::lib/es6(location: 10),git show 76701dc0194077139bf7459509cba306c847be84 -- src/harness/tsconfig.json
51358d99d1edf9e27f3d68c87d60883629f9918a,e8c978bec080cd18659e32c62fb0625acbbf69fe,8fa64669cec4a6ca7a5832d70936e126,MissingOptionConflict,ConfigType.UNKNOWN<->ConfigType.UNKNOWN,TypeScript::::src/instrumenter/tsconfig.json::::compilerOptions::::lib::::lib/dom::::dom <-> TypeScript::::tests/cases/user/npm/tsconfig.json::::compilerOptions::::lib::::lib/dom::::dom,tests/cases/user/npm/tsconfig.json,TypeScript::::tests/cases/user/npm/tsconfig.json::::compilerOptions::::lib::::lib/dom(location: 13),git show 51358d99d1edf9e27f3d68c87d60883629f9918a -- tests/cases/user/npm/tsconfig.json
8cf9e118a672e197bc9cf45e686179452ed64a0b,8dc0e604e8ef1f07698b87ddf0b2edf608164c79,4ca984fcb7534180d20af922a8220587,MissingOptionConflict,ConfigType.NAME<->ConfigType.NAME,TypeScript::::src/harness/tsconfig.json::::compilerOptions::::types::::types/chai::::chai <-> TypeScript::::src/testRunner/tsconfig.json::::compilerOptions::::types::::types/chai::::chai,src/harness/tsconfig.json,TypeScript::::src/harness/tsconfig.json::::compilerOptions::::types::::types/chai(location: 5),git show 8cf9e118a672e197bc9cf45e686179452ed64a0b -- src/harness/tsconfig.json
f2f32bd6b4d9ce1ce9a1900def7fb1d48d06ab80,9ab9ffe90bb9323e74ea169ccf83a470b9522dee,bc2953f898a6bfe1ac44e3787f141d65,MissingArtifactConflict,ConfigType.UNKNOWN<->ConfigType.UNKNOWN,TypeScript::::tests/baselines/reference/showConfig/Show TSConfig with paths and more/tsconfig.json::::compilerOptions::::module::::commonjs <-> TypeScript::::tests/perftsc.tsconfig.json::::compilerOptions::::module::::commonjs,,,
652f28164fe030268658cef9810d2c04a16e391b,f16a3e101b8c6dc9fc0d484236a0200d8ce45a62,7bc6cf842bbd932ef29295e00af26a15,ModifiedOptionConflict,ConfigType.UNKNOWN<->ConfigType.UNKNOWN,TypeScript::::tests/cases/docker/office-ui-fabric/Dockerfile::::cmd::::param8::::--production <-> TypeScript::::tests/cases/docker/vue-next/Dockerfile::::cmd::::param2::::--production,tests/cases/docker/office-ui-fabric/Dockerfile,TypeScript::::tests/cases/docker/office-ui-fabric/Dockerfile::::cmd::::param8(location: 20),git show 652f28164fe030268658cef9810d2c04a16e391b -- tests/cases/docker/office-ui-fabric/Dockerfile
197d99de4c1b17833e180d628343ae6a998377d0,fce30037286379ef3d523cb787250b2d4ee78e79,bfac907a2e1abdb4757b8af0a6046dd9,MissingOptionConflict,ConfigType.PATH<->ConfigType.PATH,TypeScript::::src/harness/tsconfig.json::::files::::files/../compiler/transformers/module/module.ts::::../compiler/transformers/module/module.ts <-> TypeScript::::src/services/tsconfig.json::::files::::files/../compiler/transformers/module/module.ts::::../compiler/transformers/module/module.ts,src/services/tsconfig.json,TypeScript::::src/services/tsconfig.json::::files::::files/../compiler/transformers/module/module.ts(location: 18),git show 197d99de4c1b17833e180d628343ae6a998377d0 -- src/services/tsconfig.json
46f02955b01f578179b2504b28bd1e4a74af9508,b1b9ac06127f882d61ff5d0bb2d59a940fb37b18,4777fde46d243645884ccac2e2843e73,MissingOptionConflict,ConfigType.UNKNOWN<->ConfigType.UNKNOWN,TypeScript::::src/harness/tsconfig.json::::references::::path::::../core <-> TypeScript::::tests/projects/sample1/tests/tsconfig.json::::references::::path::::../core,src/harness/tsconfig.json,TypeScript::::src/harness/tsconfig.json::::references::::path(location: 14),git show 46f02955b01f578179b2504b28bd1e4a74af9508 -- src/harness/tsconfig.json
46f02955b01f578179b2504b28bd1e4a74af9508,b1b9ac06127f882d61ff5d0bb2d59a940fb37b18,3703f46b6cefc8bc8ca1c4adf0f0bfc0,MissingOptionConflict,ConfigType.UNKNOWN<->ConfigType.UNKNOWN,TypeScript::::src/jsTyping/tsconfig.json::::references::::path::::../core <-> TypeScript::::src/server/tsconfig.json::::references::::path::::../core,src/server/tsconfig.json,TypeScript::::src/server/tsconfig.json::::references::::path(location: 12),git show 46f02955b01f578179b2504b28bd1e4a74af9508 -- src/server/tsconfig.json
55917ae74f02ce46bcd9e09c899d7ca132ca4292,cb9622fa5b914ce1336b818b1d1e03c26366c1b9,f9f3827c613a17ce478904a639f7f301,MissingOptionConflict,ConfigType.UNKNOWN<->ConfigType.UNKNOWN,TypeScript::::src/services/tsconfig.json::::references::::path::::../compiler <-> TypeScript::::src/typingsInstallerCore/tsconfig.json::::references::::path::::../compiler,src/services/tsconfig.json,TypeScript::::src/services/tsconfig.json::::references::::path(location: 7),git show 55917ae74f02ce46bcd9e09c899d7ca132ca4292 -- src/services/tsconfig.json
f2f32bd6b4d9ce1ce9a1900def7fb1d48d06ab80,9ab9ffe90bb9323e74ea169ccf83a470b9522dee,77c1da4ab399992820949b411bcc1f56,MissingArtifactConflict,ConfigType.UNKNOWN<->ConfigType.UNKNOWN,TypeScript::::tests/cases/projects/decoratorMetadata/emitDecoratorMetadataCommonJSIsolatedModuleNoResolve/tsconfig.json::::compilerOptions::::module::::commonjs <-> TypeScript::::tests/webTestServer.tsconfig.json::::compilerOptions::::module::::commonjs,,,
652f28164fe030268658cef9810d2c04a16e391b,f16a3e101b8c6dc9fc0d484236a0200d8ce45a62,52c8ffa6bcc81d2129ca2006eb86d793,ModifiedOptionConflict,ConfigType.UNKNOWN<->ConfigType.UNKNOWN,TypeScript::::tests/cases/docker/office-ui-fabric/Dockerfile::::cmd::::param7::::-- <-> TypeScript::::tests/cases/docker/vue-next/Dockerfile::::cmd::::param3::::--,tests/cases/docker/office-ui-fabric/Dockerfile,TypeScript::::tests/cases/docker/office-ui-fabric/Dockerfile::::cmd::::param7(location: 20),git show 652f28164fe030268658cef9810d2c04a16e391b -- tests/cases/docker/office-ui-fabric/Dockerfile
197d99de4c1b17833e180d628343ae6a998377d0,fce30037286379ef3d523cb787250b2d4ee78e79,36a45dbe3d2c9485fa478ba9d597ee79,MissingOptionConflict,ConfigType.PATH<->ConfigType.PATH,TypeScript::::src/harness/tsconfig.json::::files::::files/../compiler/sourcemap.ts::::../compiler/sourcemap.ts <-> TypeScript::::src/services/tsconfig.json::::files::::files/../compiler/sourcemap.ts::::../compiler/sourcemap.ts,src/services/tsconfig.json,TypeScript::::src/services/tsconfig.json::::files::::files/../compiler/sourcemap.ts(location: 18),git show 197d99de4c1b17833e180d628343ae6a998377d0 -- src/services/tsconfig.json
44b6193474a47074656a11bfdaca7cc8758fded8,6fd9d9e01796554b6e30f0d40b17382287bbea98,5a835a4d8d059fa752ec280472f5de66,MissingOptionConflict,ConfigType.UNKNOWN<->ConfigType.UNKNOWN,TypeScript::::tests/baselines/reference/tsConfig/Initialized TSConfig with incorrect compiler option value/tsconfig.json::::compilerOptions::::target::::es5 <-> TypeScript::::tests/cases/projects/decoratorMetadata/emitDecoratorMetadataCommonJSIsolatedModuleNoResolve/tsconfig.json::::compilerOptions::::target::::es5,tests/baselines/reference/tsConfig/Initialized TSConfig with incorrect compiler option value/tsconfig.json,TypeScript::::tests/baselines/reference/tsConfig/Initialized TSConfig with incorrect compiler option value/tsconfig.json::::compilerOptions::::target(location: 4),git show 44b6193474a47074656a11bfdaca7cc8758fded8 -- tests/baselines/reference/tsConfig/Initialized TSConfig with incorrect compiler option value/tsconfig.json
44b6193474a47074656a11bfdaca7cc8758fded8,6fd9d9e01796554b6e30f0d40b17382287bbea98,425c68a79cfb3e28d1d005f756661661,MissingOptionConflict,ConfigType.UNKNOWN<->ConfigType.UNKNOWN,TypeScript::::tests/baselines/reference/tsConfig/Initialized TSConfig with boolean value compiler options/tsconfig.json::::compilerOptions::::module::::commonjs <-> TypeScript::::tests/cases/projects/decoratorMetadata/emitDecoratorMetadataCommonJSIsolatedModuleNoResolve/tsconfig.json::::compilerOptions::::module::::commonjs,tests/baselines/reference/tsConfig/Initialized TSConfig with boolean value compiler options/tsconfig.json,TypeScript::::tests/baselines/reference/tsConfig/Initialized TSConfig with boolean value compiler options/tsconfig.json::::compilerOptions::::module(location: 3),git show 44b6193474a47074656a11bfdaca7cc8758fded8 -- tests/baselines/reference/tsConfig/Initialized TSConfig with boolean value compiler options/tsconfig.json
c483783bb2a1c6df1d1231b41b052f6088611e35,77d8020562dbf0183a3f0b2bf659d1cc7caed941,556fc486cfd9ccd692b772d03ad845ed,MissingArtifactConflict,ConfigType.LICENSE<->ConfigType.LICENSE,TypeScript::::tests/cases/user/github/package.json::::license::::Apache-2.0 <-> TypeScript::::tests/cases/user/reselect/package.json::::license::::Apache-2.0,,,
5c604910e8697eee7ed4d5c588ecca9b0b994d2c,5386513b3ae82124f24a83e36fc946a2a55c849f,63224f077e6115e7074e95e537834469,MissingOptionConflict,ConfigType.UNKNOWN<->ConfigType.UNKNOWN,TypeScript::::src/server/typingsInstaller/tsconfig.json::::compilerOptions::::target::::es5 <-> TypeScript::::tests/cases/projects/decoratorMetadata/emitDecoratorMetadataSystemJSIsolatedModule/tsconfig.json::::compilerOptions::::target::::es5,src/server/typingsInstaller/tsconfig.json,TypeScript::::src/server/typingsInstaller/tsconfig.json::::compilerOptions::::target(location: 14),git show 5c604910e8697eee7ed4d5c588ecca9b0b994d2c -- src/server/typingsInstaller/tsconfig.json
2e61ca9d8566974e80268ec66dc79b40ad58ceab,7e8aff30646babae34c90f95f2327f009db978d8,a805de4e6fedae34615b47f16dc7bff0,MissingOptionConflict,ConfigType.VERSION_NUMBER<->ConfigType.VERSION_NUMBER,TypeScript::::package.json::::devDependencies::::tslint::::tslint:latest <-> TypeScript::::tests/cases/user/tslint/package.json::::dependencies::::tslint::::tslint:latest,package.json,TypeScript::::package.json::::devDependencies::::tslint(location: 90),git show 2e61ca9d8566974e80268ec66dc79b40ad58ceab -- package.json
44b6193474a47074656a11bfdaca7cc8758fded8,6fd9d9e01796554b6e30f0d40b17382287bbea98,e483c89af4c5f424aa2dfb491a7eb860,MissingOptionConflict,ConfigType.UNKNOWN<->ConfigType.UNKNOWN,TypeScript::::scripts/importDefinitelyTypedTests/tsconfig.json::::compilerOptions::::module::::commonjs <-> TypeScript::::tests/baselines/reference/tsConfig/Default initialized TSConfig/tsconfig.json::::compilerOptions::::module::::commonjs,tests/baselines/reference/tsConfig/Default initialized TSConfig/tsconfig.json,TypeScript::::tests/baselines/reference/tsConfig/Default initialized TSConfig/tsconfig.json::::compilerOptions::::module(location: 3),git show 44b6193474a47074656a11bfdaca7cc8758fded8 -- tests/baselines/reference/tsConfig/Default initialized TSConfig/tsconfig.json
44b6193474a47074656a11bfdaca7cc8758fded8,6fd9d9e01796554b6e30f0d40b17382287bbea98,1395f69eedba85ca89143321d0e3dd66,MissingOptionConflict,ConfigType.NAME<->ConfigType.NAME,TypeScript::::src/harness/tsconfig.json::::compilerOptions::::types::::types/mocha::::mocha <-> TypeScript::::tests/baselines/reference/tsConfig/Initialized TSConfig with list compiler options/tsconfig.json::::compilerOptions::::types::::types/mocha::::mocha,tests/baselines/reference/tsConfig/Initialized TSConfig with list compiler options/tsconfig.json,TypeScript::::tests/baselines/reference/tsConfig/Initialized TSConfig with list compiler options/tsconfig.json::::compilerOptions::::types::::types/mocha(location: 7),git show 44b6193474a47074656a11bfdaca7cc8758fded8 -- tests/baselines/reference/tsConfig/Initialized TSConfig with list compiler options/tsconfig.json
93bac1b81f5dfc324d7c8f33febf0a41afc97261,17574a87bf23f3db220d3a79dcb66e8fcf8c6b1f,6fd0e0ccdf1a03bfad6a3b85ab5ad0a5,ModifiedOptionConflict,ConfigType.UNKNOWN<->ConfigType.UNKNOWN,TypeScript::::tests/cases/docker/office-ui-fabric/Dockerfile::::cmd::::param6::::--production <-> TypeScript::::tests/cases/docker/vue-next/Dockerfile::::cmd::::param2::::--production,tests/cases/docker/office-ui-fabric/Dockerfile,TypeScript::::tests/cases/docker/office-ui-fabric/Dockerfile::::cmd::::param6(location: 22),git show 93bac1b81f5dfc324d7c8f33febf0a41afc97261 -- tests/cases/docker/office-ui-fabric/Dockerfile
44b6193474a47074656a11bfdaca7cc8758fded8,6fd9d9e01796554b6e30f0d40b17382287bbea98,129b674abf2a6151d6b4034281e6b22f,MissingOptionConflict,ConfigType.UNKNOWN<->ConfigType.UNKNOWN,TypeScript::::tests/baselines/reference/tsConfig/Initialized TSConfig with enum value compiler options/tsconfig.json::::compilerOptions::::target::::es5 <-> TypeScript::::tests/cases/projects/decoratorMetadata/emitDecoratorMetadataSystemJS/tsconfig.json::::compilerOptions::::target::::es5,tests/baselines/reference/tsConfig/Initialized TSConfig with enum value compiler options/tsconfig.json,TypeScript::::tests/baselines/reference/tsConfig/Initialized TSConfig with enum value compiler options/tsconfig.json::::compilerOptions::::target(location: 4),git show 44b6193474a47074656a11bfdaca7cc8758fded8 -- tests/baselines/reference/tsConfig/Initialized TSConfig with enum value compiler options/tsconfig.json
76701dc0194077139bf7459509cba306c847be84,8113d0236bbc1a8f523a6f92676633fc1035337e,b0ad349ee65648bb94606fbed6e50bbc,MissingOptionConflict,ConfigType.UNKNOWN<->ConfigType.UNKNOWN,TypeScript::::src/harness/tsconfig.json::::compilerOptions::::lib::::lib/scripthost::::scripthost <-> TypeScript::::src/server/typingsInstaller/tsconfig.json::::compilerOptions::::lib::::lib/scripthost::::scripthost,src/harness/tsconfig.json,TypeScript::::src/harness/tsconfig.json::::compilerOptions::::lib::::lib/scripthost(location: 10),git show 76701dc0194077139bf7459509cba306c847be84 -- src/harness/tsconfig.json
ddeafb977fbd5bae0013fb96a9ac23a9cc5820b8,a68a5fcf0991d8ac0d0f2baffcf5beb5996e14fb,9cd74a66320d5ecdcc6e82404ae6732f,MissingOptionConflict,ConfigType.PATH<->ConfigType.PATH,TypeScript::::src/jsTyping/tsconfig.json::::files::::files/types.ts::::types.ts <-> TypeScript::::src/server/tsconfig.json::::files::::files/types.ts::::types.ts,src/server/tsconfig.json,TypeScript::::src/server/tsconfig.json::::files::::files/types.ts(location: 16),git show ddeafb977fbd5bae0013fb96a9ac23a9cc5820b8 -- src/server/tsconfig.json
197d99de4c1b17833e180d628343ae6a998377d0,fce30037286379ef3d523cb787250b2d4ee78e79,6d7f21bfdf24305f9745eda5280715ae,MissingOptionConflict,ConfigType.PATH<->ConfigType.PATH,TypeScript::::src/harness/tsconfig.json::::files::::files/../compiler/transformers/generators.ts::::../compiler/transformers/generators.ts <-> TypeScript::::src/services/tsconfig.json::::files::::files/../compiler/transformers/generators.ts::::../compiler/transformers/generators.ts,src/services/tsconfig.json,TypeScript::::src/services/tsconfig.json::::files::::files/../compiler/transformers/generators.ts(location: 18),git show 197d99de4c1b17833e180d628343ae6a998377d0 -- src/services/tsconfig.json
8a379bfc0c337d3688016dc6f358f697714e9fe4,68f00c099db50c4ac57ba2d798f43f168220966e,44f7b4c517302ecd667b5c4d8456024d,MissingOptionConflict,ConfigType.UNKNOWN<->ConfigType.UNKNOWN,TypeScript::::scripts/importDefinitelyTypedTests/tsconfig.json::::compilerOptions::::module::::commonjs <-> TypeScript::::src/compiler/tsconfig.json::::compilerOptions::::module::::commonjs,src/compiler/tsconfig.json,TypeScript::::src/compiler/tsconfig.json::::compilerOptions::::module(location: 3),git show 8a379bfc0c337d3688016dc6f358f697714e9fe4 -- src/compiler/tsconfig.json
197d99de4c1b17833e180d628343ae6a998377d0,fce30037286379ef3d523cb787250b2d4ee78e79,8a10f7559efa8dd056da30a48c1c122b,MissingOptionConflict,ConfigType.PATH<->ConfigType.PATH,TypeScript::::src/harness/tsconfig.json::::files::::files/../compiler/transformers/es2017.ts::::../compiler/transformers/es2017.ts <-> TypeScript::::src/services/tsconfig.json::::files::::files/../compiler/transformers/es2017.ts::::../compiler/transformers/es2017.ts,src/services/tsconfig.json,TypeScript::::src/services/tsconfig.json::::files::::files/../compiler/transformers/es2017.ts(location: 18),git show 197d99de4c1b17833e180d628343ae6a998377d0 -- src/services/tsconfig.json
0548b23fde61dc40d49a21311e936c5f8b1e7342,140601b6a56b2d9b9920be2921a27913e50d5d98,ed51225e9dfe156615f3cf8f3eb24264,ModifiedOptionConflict,ConfigType.VERSION_NUMBER<->ConfigType.VERSION_NUMBER,TypeScript::::package.json::::devDependencies::::@types/node::::@types/node:latest <-> TypeScript::::tests/cases/user/tslint/package.json::::devDependencies::::@types/node::::@types/node:latest,package.json,TypeScript::::package.json::::devDependencies::::@types/node(location: 47),git show 0548b23fde61dc40d49a21311e936c5f8b1e7342 -- package.json
2922b803ad8cbcf137e8c65cd9a0437e99af2019,671d8cfcb7f679bf04dcfe698e527e5cd1f8a7ba,10fed684b8fcfd20c3fff9ec5b180ac8,MissingOptionConflict,ConfigType.PATH<->ConfigType.PATH,TypeScript::::src/compiler/tsconfig.json::::files::::files/utilities.ts::::utilities.ts <-> TypeScript::::src/server/tsconfig.json::::files::::files/utilities.ts::::utilities.ts,src/compiler/tsconfig.json,TypeScript::::src/compiler/tsconfig.json::::files::::files/utilities.ts(location: 8),git show 2922b803ad8cbcf137e8c65cd9a0437e99af2019 -- src/compiler/tsconfig.json
44b6193474a47074656a11bfdaca7cc8758fded8,6fd9d9e01796554b6e30f0d40b17382287bbea98,ad0d8d209f84f6d28037471ce0e93e15,MissingOptionConflict,ConfigType.UNKNOWN<->ConfigType.UNKNOWN,TypeScript::::tests/baselines/reference/tsConfig/Initialized TSConfig with list compiler options/tsconfig.json::::compilerOptions::::target::::es5 <-> TypeScript::::tests/cases/projects/projectOption/DefaultExcludeOnlyNodeModules/tsconfig.json::::compilerOptions::::target::::es5,tests/baselines/reference/tsConfig/Initialized TSConfig with list compiler options/tsconfig.json,TypeScript::::tests/baselines/reference/tsConfig/Initialized TSConfig with list compiler options/tsconfig.json::::compilerOptions::::target(location: 4),git show 44b6193474a47074656a11bfdaca7cc8758fded8 -- tests/baselines/reference/tsConfig/Initialized TSConfig with list compiler options/tsconfig.json
5cc0026802a32fcb2d2a00b452defd5e5289e505,980957a29d0afd35c7bf2b3ea3235b0b06de160a,2dd39e141851e3fc061378bf1254a7ea,MissingArtifactConflict,ConfigType.UNKNOWN<->ConfigType.UNKNOWN,TypeScript::::scripts/processDiagnosticMessages.tsconfig.json::::compilerOptions::::lib::::lib/es6::::es6 <-> TypeScript::::src/server/typingsInstaller/tsconfig.json::::compilerOptions::::lib::::lib/es6::::es6,,,
197d99de4c1b17833e180d628343ae6a998377d0,fce30037286379ef3d523cb787250b2d4ee78e79,03c229a14c43de65ca93c64caa7151ab,MissingOptionConflict,ConfigType.PATH<->ConfigType.PATH,TypeScript::::src/harness/tsconfig.json::::files::::files/../compiler/comments.ts::::../compiler/comments.ts <-> TypeScript::::src/services/tsconfig.json::::files::::files/../compiler/comments.ts::::../compiler/comments.ts,src/services/tsconfig.json,TypeScript::::src/services/tsconfig.json::::files::::files/../compiler/comments.ts(location: 18),git show 197d99de4c1b17833e180d628343ae6a998377d0 -- src/services/tsconfig.json
4f7eaf7d719b04c2b96085beb7a9197208d8b24e,13ecdb5344aef171ea9f8271be8002832791aa2b,9aa454c3be9813f697bedd02b93b4b00,ModifiedOptionConflict,ConfigType.UNKNOWN<->ConfigType.UNKNOWN,TypeScript::::tests/cases/docker/azure-sdk/Dockerfile::::cmd::::param1::::--parallelism <-> TypeScript::::tests/cases/docker/office-ui-fabric/Dockerfile::::cmd::::param1::::--parallelism,tests/cases/docker/office-ui-fabric/Dockerfile,TypeScript::::tests/cases/docker/office-ui-fabric/Dockerfile::::cmd::::param1(location: 21),git show 4f7eaf7d719b04c2b96085beb7a9197208d8b24e -- tests/cases/docker/office-ui-fabric/Dockerfile
4f7eaf7d719b04c2b96085beb7a9197208d8b24e,13ecdb5344aef171ea9f8271be8002832791aa2b,a758b470089553e11705eabc8af03caa,ModifiedOptionConflict,ConfigType.PORT<->ConfigType.PORT,TypeScript::::tests/cases/docker/azure-sdk/Dockerfile::::cmd::::param2::::1 <-> TypeScript::::tests/cases/docker/office-ui-fabric/Dockerfile::::cmd::::param2::::1,tests/cases/docker/office-ui-fabric/Dockerfile,TypeScript::::tests/cases/docker/office-ui-fabric/Dockerfile::::cmd::::param2(location: 21),git show 4f7eaf7d719b04c2b96085beb7a9197208d8b24e -- tests/cases/docker/office-ui-fabric/Dockerfile
2e61ca9d8566974e80268ec66dc79b40ad58ceab,7e8aff30646babae34c90f95f2327f009db978d8,ca5bd0f0ba68aea6719188126a8eb974,MissingOptionConflict,ConfigType.UNKNOWN<->ConfigType.UNKNOWN,TypeScript::::scripts/tsconfig.json::::compilerOptions::::module::::commonjs <-> TypeScript::::tests/cases/projects/decoratorMetadata/emitDecoratorMetadataCommonJSIsolatedModuleNoResolve/tsconfig.json::::compilerOptions::::module::::commonjs,scripts/tsconfig.json,TypeScript::::scripts/tsconfig.json::::compilerOptions::::module(location: 5),git show 2e61ca9d8566974e80268ec66dc79b40ad58ceab -- scripts/tsconfig.json
b0fcafb3f5c99d0f6a9f4f1d83ac50dce8eccd99,7f9cec4d61629bfb8be368f69dde0a7134bcf9e1,23b6530df3227368079d221b42760995,ModifiedOptionConflict,ConfigType.PATH<->ConfigType.PATH,TypeScript::::src/harness/tsconfig.json::::extends::::../tsconfig-base <-> TypeScript::::src/testRunner/tsconfig.json::::extends::::../tsconfig-base,src/testRunner/tsconfig.json,TypeScript::::src/testRunner/tsconfig.json::::extends(location: 2),git show b0fcafb3f5c99d0f6a9f4f1d83ac50dce8eccd99 -- src/testRunner/tsconfig.json
197d99de4c1b17833e180d628343ae6a998377d0,fce30037286379ef3d523cb787250b2d4ee78e79,4b422e5a8ec822adb91fda411b933761,MissingOptionConflict,ConfigType.PATH<->ConfigType.PATH,TypeScript::::src/harness/tsconfig.json::::files::::files/../compiler/transformers/es2016.ts::::../compiler/transformers/es2016.ts <-> TypeScript::::src/services/tsconfig.json::::files::::files/../compiler/transformers/es2016.ts::::../compiler/transformers/es2016.ts,src/services/tsconfig.json,TypeScript::::src/services/tsconfig.json::::files::::files/../compiler/transformers/es2016.ts(location: 18),git show 197d99de4c1b17833e180d628343ae6a998377d0 -- src/services/tsconfig.json
44b6193474a47074656a11bfdaca7cc8758fded8,6fd9d9e01796554b6e30f0d40b17382287bbea98,42d314cf9db5e5849da71a9a913794ac,MissingOptionConflict,ConfigType.UNKNOWN<->ConfigType.UNKNOWN,TypeScript::::scripts/importDefinitelyTypedTests/tsconfig.json::::compilerOptions::::module::::commonjs <-> TypeScript::::tests/baselines/reference/tsConfig/Initialized TSConfig with incorrect compiler option/tsconfig.json::::compilerOptions::::module::::commonjs,tests/baselines/reference/tsConfig/Initialized TSConfig with incorrect compiler option/tsconfig.json,TypeScript::::tests/baselines/reference/tsConfig/Initialized TSConfig with incorrect compiler option/tsconfig.json::::compilerOptions::::module(location: 3),git show 44b6193474a47074656a11bfdaca7cc8758fded8 -- tests/baselines/reference/tsConfig/Initialized TSConfig with incorrect compiler option/tsconfig.json
197d99de4c1b17833e180d628343ae6a998377d0,fce30037286379ef3d523cb787250b2d4ee78e79,e4ac2642a5f54e420338cd5c469a009a,MissingOptionConflict,ConfigType.PATH<->ConfigType.PATH,TypeScript::::src/harness/tsconfig.json::::files::::files/../compiler/transformers/destructuring.ts::::../compiler/transformers/destructuring.ts <-> TypeScript::::src/services/tsconfig.json::::files::::files/../compiler/transformers/destructuring.ts::::../compiler/transformers/destructuring.ts,src/services/tsconfig.json,TypeScript::::src/services/tsconfig.json::::files::::files/../compiler/transformers/destructuring.ts(location: 18),git show 197d99de4c1b17833e180d628343ae6a998377d0 -- src/services/tsconfig.json
197d99de4c1b17833e180d628343ae6a998377d0,fce30037286379ef3d523cb787250b2d4ee78e79,3ea8bb7046214205385767195ec76bab,MissingOptionConflict,ConfigType.PATH<->ConfigType.PATH,TypeScript::::src/harness/tsconfig.json::::files::::files/../compiler/transformers/jsx.ts::::../compiler/transformers/jsx.ts <-> TypeScript::::src/services/tsconfig.json::::files::::files/../compiler/transformers/jsx.ts::::../compiler/transformers/jsx.ts,src/services/tsconfig.json,TypeScript::::src/services/tsconfig.json::::files::::files/../compiler/transformers/jsx.ts(location: 18),git show 197d99de4c1b17833e180d628343ae6a998377d0 -- src/services/tsconfig.json
197d99de4c1b17833e180d628343ae6a998377d0,fce30037286379ef3d523cb787250b2d4ee78e79,ff64489ef75a7327eb91373b546da965,MissingOptionConflict,ConfigType.PATH<->ConfigType.PATH,TypeScript::::src/harness/tsconfig.json::::files::::files/../compiler/commandLineParser.ts::::../compiler/commandLineParser.ts <-> TypeScript::::src/services/tsconfig.json::::files::::files/../compiler/commandLineParser.ts::::../compiler/commandLineParser.ts,src/services/tsconfig.json,TypeScript::::src/services/tsconfig.json::::files::::files/../compiler/commandLineParser.ts(location: 18),git show 197d99de4c1b17833e180d628343ae6a998377d0 -- src/services/tsconfig.json
ddeafb977fbd5bae0013fb96a9ac23a9cc5820b8,a68a5fcf0991d8ac0d0f2baffcf5beb5996e14fb,b4cbaec48343228a51a918ebbbcbcb66,MissingOptionConflict,ConfigType.PATH<->ConfigType.PATH,TypeScript::::src/server/tsconfig.json::::extends::::../tsconfig-base <-> TypeScript::::src/shims/tsconfig.json::::extends::::../tsconfig-base,src/server/tsconfig.json,TypeScript::::src/server/tsconfig.json::::extends(location: 2),git show ddeafb977fbd5bae0013fb96a9ac23a9cc5820b8 -- src/server/tsconfig.json
4f7eaf7d719b04c2b96085beb7a9197208d8b24e,13ecdb5344aef171ea9f8271be8002832791aa2b,fd8f8679445e733793cdd6c647ea08eb,ModifiedOptionConflict,ConfigType.COMMAND<->ConfigType.COMMAND,TypeScript::::tests/cases/docker/azure-sdk/Dockerfile::::entrypoint::::exec_command::::rush <-> TypeScript::::tests/cases/docker/office-ui-fabric/Dockerfile::::entrypoint::::exec_command::::rush,tests/cases/docker/office-ui-fabric/Dockerfile,TypeScript::::tests/cases/docker/office-ui-fabric/Dockerfile::::entrypoint::::exec_command(location: 20),git show 4f7eaf7d719b04c2b96085beb7a9197208d8b24e -- tests/cases/docker/office-ui-fabric/Dockerfile
b0fcafb3f5c99d0f6a9f4f1d83ac50dce8eccd99,7f9cec4d61629bfb8be368f69dde0a7134bcf9e1,2b9b860bf5840d0c894b7c1c47b82479,ModifiedOptionConflict,ConfigType.PATH<->ConfigType.PATH,TypeScript::::src/jsTyping/tsconfig.json::::extends::::../tsconfig-base <-> TypeScript::::src/tsc/tsconfig.json::::extends::::../tsconfig-base,src/tsc/tsconfig.json,TypeScript::::src/tsc/tsconfig.json::::extends(location: 2),git show b0fcafb3f5c99d0f6a9f4f1d83ac50dce8eccd99 -- src/tsc/tsconfig.json
44b6193474a47074656a11bfdaca7cc8758fded8,6fd9d9e01796554b6e30f0d40b17382287bbea98,40f8bf3df169649e2ce10eae30bedce8,MissingOptionConflict,ConfigType.UNKNOWN<->ConfigType.UNKNOWN,TypeScript::::tests/baselines/reference/tsConfig/Initialized TSConfig with incorrect compiler option/tsconfig.json::::compilerOptions::::target::::es5 <-> TypeScript::::tests/cases/projects/decoratorMetadata/emitDecoratorMetadataSystemJSIsolatedModule/tsconfig.json::::compilerOptions::::target::::es5,tests/baselines/reference/tsConfig/Initialized TSConfig with incorrect compiler option/tsconfig.json,TypeScript::::tests/baselines/reference/tsConfig/Initialized TSConfig with incorrect compiler option/tsconfig.json::::compilerOptions::::target(location: 4),git show 44b6193474a47074656a11bfdaca7cc8758fded8 -- tests/baselines/reference/tsConfig/Initialized TSConfig with incorrect compiler option/tsconfig.json
4f7eaf7d719b04c2b96085beb7a9197208d8b24e,13ecdb5344aef171ea9f8271be8002832791aa2b,52c10e37b9e65eea20c7cb9bcad4ed87,ModifiedOptionConflict,ConfigType.PATH<->ConfigType.PATH,TypeScript::::tests/cases/docker/office-ui-fabric/Dockerfile::::copy::::dest::::/typescript.tgz <-> TypeScript::::tests/cases/docker/vscode/Dockerfile::::copy::::dest::::/typescript.tgz,tests/cases/docker/office-ui-fabric/Dockerfile,TypeScript::::tests/cases/docker/office-ui-fabric/Dockerfile::::copy::::dest(location: 6),git show 4f7eaf7d719b04c2b96085beb7a9197208d8b24e -- tests/cases/docker/office-ui-fabric/Dockerfile
b0fcafb3f5c99d0f6a9f4f1d83ac50dce8eccd99,7f9cec4d61629bfb8be368f69dde0a7134bcf9e1,716eb6b3d9d0e1a4000ccaf278b16bb1,ModifiedOptionConflict,ConfigType.PATH<->ConfigType.PATH,TypeScript::::src/tsserver/tsconfig.json::::extends::::../tsconfig-base <-> TypeScript::::src/typingsInstallerCore/tsconfig.json::::extends::::../tsconfig-base,src/tsserver/tsconfig.json,TypeScript::::src/tsserver/tsconfig.json::::extends(location: 2),git show b0fcafb3f5c99d0f6a9f4f1d83ac50dce8eccd99 -- src/tsserver/tsconfig.json
5cc0026802a32fcb2d2a00b452defd5e5289e505,980957a29d0afd35c7bf2b3ea3235b0b06de160a,c6607c4f8b47b2f03a14090c52d9b23b,MissingArtifactConflict,ConfigType.UNKNOWN<->ConfigType.UNKNOWN,TypeScript::::scripts/processDiagnosticMessages.tsconfig.json::::compilerOptions::::lib::::lib/es6::::es6 <-> TypeScript::::src/server/watchGuard/tsconfig.json::::compilerOptions::::lib::::lib/es6::::es6,,,
46f02955b01f578179b2504b28bd1e4a74af9508,b1b9ac06127f882d61ff5d0bb2d59a940fb37b18,127e25e80b4e70a0c05b3857bf138be6,ModifiedOptionConflict,ConfigType.UNKNOWN<->ConfigType.UNKNOWN,TypeScript::::src/jsTyping/tsconfig.json::::references::::path::::../core <-> TypeScript::::tests/projects/sample1/logic/tsconfig.json::::references::::path::::../core,src/jsTyping/tsconfig.json,TypeScript::::src/jsTyping/tsconfig.json::::references::::path(location: 14),git show 46f02955b01f578179b2504b28bd1e4a74af9508 -- src/jsTyping/tsconfig.json
197d99de4c1b17833e180d628343ae6a998377d0,fce30037286379ef3d523cb787250b2d4ee78e79,f46952b7954d8ccb53a13d8b53d21b5c,MissingOptionConflict,ConfigType.PATH<->ConfigType.PATH,TypeScript::::src/harness/tsconfig.json::::files::::files/../compiler/emitter.ts::::../compiler/emitter.ts <-> TypeScript::::src/services/tsconfig.json::::files::::files/../compiler/emitter.ts::::../compiler/emitter.ts,src/services/tsconfig.json,TypeScript::::src/services/tsconfig.json::::files::::files/../compiler/emitter.ts(location: 18),git show 197d99de4c1b17833e180d628343ae6a998377d0 -- src/services/tsconfig.json
197d99de4c1b17833e180d628343ae6a998377d0,fce30037286379ef3d523cb787250b2d4ee78e79,8dc420e07063d4bd9dece6a9718217e4,MissingOptionConflict,ConfigType.PATH<->ConfigType.PATH,TypeScript::::src/harness/tsconfig.json::::files::::files/../compiler/utilities.ts::::../compiler/utilities.ts <-> TypeScript::::src/services/tsconfig.json::::files::::files/../compiler/utilities.ts::::../compiler/utilities.ts,src/services/tsconfig.json,TypeScript::::src/services/tsconfig.json::::files::::files/../compiler/utilities.ts(location: 18),git show 197d99de4c1b17833e180d628343ae6a998377d0 -- src/services/tsconfig.json
2e61ca9d8566974e80268ec66dc79b40ad58ceab,7e8aff30646babae34c90f95f2327f009db978d8,0361adb4a89689d7d36ce3ec7316ac39,MissingOptionConflict,ConfigType.UNKNOWN<->ConfigType.UNKNOWN,TypeScript::::scripts/tsconfig.json::::compilerOptions::::target::::es6 <-> TypeScript::::src/typingsInstaller/tsconfig.json::::compilerOptions::::lib::::lib/es6::::es6,scripts/tsconfig.json,TypeScript::::scripts/tsconfig.json::::compilerOptions::::target(location: 4),git show 2e61ca9d8566974e80268ec66dc79b40ad58ceab -- scripts/tsconfig.json
5c604910e8697eee7ed4d5c588ecca9b0b994d2c,5386513b3ae82124f24a83e36fc946a2a55c849f,ecd3b27a4e05b3afaef3bda07d123e41,MissingOptionConflict,ConfigType.UNKNOWN<->ConfigType.UNKNOWN,TypeScript::::src/harness/tsconfig.json::::compilerOptions::::target::::es5 <-> TypeScript::::tests/baselines/reference/tsConfig/Default initialized TSConfig/tsconfig.json::::compilerOptions::::target::::es5,src/harness/tsconfig.json,TypeScript::::src/harness/tsconfig.json::::compilerOptions::::target(location: 14),git show 5c604910e8697eee7ed4d5c588ecca9b0b994d2c -- src/harness/tsconfig.json
